-- phpMyAdmin SQL Dump
-- version 4.7.0
-- https://www.phpmyadmin.net/
--
-- Host: localhost:3306
-- Creato il: Nov 25, 2018 alle 14:30
-- Versione del server: 5.6.34-log
-- Versione PHP: 5.6.31

SET SQL_MODE = "NO_AUTO_VALUE_ON_ZERO";
SET AUTOCOMMIT = 0;
START TRANSACTION;
SET time_zone = "+00:00";


/*!40101 SET @OLD_CHARACTER_SET_CLIENT=@@CHARACTER_SET_CLIENT */;
/*!40101 SET @OLD_CHARACTER_SET_RESULTS=@@CHARACTER_SET_RESULTS */;
/*!40101 SET @OLD_COLLATION_CONNECTION=@@COLLATION_CONNECTION */;
/*!40101 SET NAMES utf8mb4 */;

--
-- Database: `salerno_ponteggi`
--

-- --------------------------------------------------------

--
-- Struttura della tabella `account`
--

CREATE TABLE `account` (
  `email` varchar(70) NOT NULL DEFAULT '',
  `data_creazione` varchar(14) NOT NULL,
  `password` char(32) NOT NULL,
  `codice_preventivazione` varchar(7) NOT NULL,
  `stato` int(1) NOT NULL,
  `ruolo` int(1) DEFAULT NULL,
  `tipo` varchar(20) NOT NULL DEFAULT 'Agente'
) ENGINE=InnoDB DEFAULT CHARSET=latin1;

--
-- Dump dei dati per la tabella `account`
--

INSERT INTO `account` (`email`, `data_creazione`, `password`, `codice_preventivazione`, `stato`, `ruolo`, `tipo`) VALUES
('giuseppe.altobelli.95@gmail.com', '1516002239', 'd269c5b147ad363088f1837184920650', '', 1, 0, 'Agente'),
('info@lorenzovitale.it', '1516002239', '5e5352104acf2a704a00b89491376927', '', 1, 0, 'Agente'),
('lorenzo.dev@gmail.com', '1540143315', '5e5352104acf2a704a00b89491376927', '', 0, 1, 'Cliente'),
('orlando.cerrato@cerratospa.com', '1535614552', '7e3bf193c4bd6e16c3e8657f784609a4', '012345', 1, 1, 'agente');

-- --------------------------------------------------------

--
-- Struttura della tabella `articolo`
--

CREATE TABLE `articolo` (
  `codice` char(12) NOT NULL,
  `descrizione` text NOT NULL,
  `tipologia` char(40) NOT NULL,
  `prezzo` char(10) NOT NULL,
  `componenti` text
) ENGINE=InnoDB DEFAULT CHARSET=latin1;

--
-- Dump dei dati per la tabella `articolo`
--

INSERT INTO `articolo` (`codice`, `descrizione`, `tipologia`, `prezzo`, `componenti`) VALUES
('AP01', 'Asta fermata al piano (necessaria dal 2° cancello sbarco)', 'componente', '69.00', NULL),
('CA01', 'Cavo di alimentazione (3G4) per MONOFASE al ml', 'componente', '6.90', NULL),
('CS01', 'Cancello di sbarco meccanico basso REVERSE', 'componente', '793.50', NULL),
('GC01', 'Guidacavo', 'componente', '69.00', NULL),
('IS01', 'Ingrassatore', 'componente', '600.00', NULL),
('KA01', 'Kit ancoraggio PT300/600 (1 paletto 1,5 m, 1 paletto da 2 m, 2 morsetti ortogonali)', 'componente', '115.00', NULL),
('PT300M', 'Ascensore da cantiere', 'articolo', '15001.59', '{\r\n	\"10.50\":{\r\n		\"[traliccio]\": 7,\r\n		\"[kit_ancoraggio]\": 2,\r\n		\"[guidacavo]\": 1,\r\n		\"[cavo_alimentazione]\": 35\r\n	},\r\n	\"12.00\":{\r\n		\"[traliccio]\": 8,\r\n		\"[kit_ancoraggio]\": 2,\r\n		\"[guidacavo]\": 1,\r\n		\"[cavo_alimentazione]\": 35\r\n	},\r\n	\"13.50\":{\r\n		\"[traliccio]\": 9,\r\n		\"[kit_ancoraggio]\": 2,\r\n		\"[guidacavo]\": 1,\r\n		\"[cavo_alimentazione]\": 35\r\n	},\r\n	\"15.00\":{\r\n		\"[traliccio]\": 10,\r\n		\"[kit_ancoraggio]\": 3,\r\n		\"[guidacavo]\": 1,\r\n		\"[cavo_alimentazione]\": 35\r\n	},\r\n	\"16.50\":{\r\n		\"[traliccio]\": 11,\r\n		\"[kit_ancoraggio]\": 3,\r\n		\"[guidacavo]\": 1,\r\n		\"[cavo_alimentazione]\": 35\r\n	},\r\n	\"18.00\":{\r\n		\"[traliccio]\": 12,\r\n		\"[kit_ancoraggio]\": 3,\r\n		\"[guidacavo]\": 1,\r\n		\"[cavo_alimentazione]\": 35\r\n	},\r\n	\"19.50\":{\r\n		\"[traliccio]\": 13,\r\n		\"[kit_ancoraggio]\": 3,\r\n		\"[guidacavo]\": 2,\r\n		\"[cavo_alimentazione]\": 35\r\n	},\r\n	\"21.00\":{\r\n		\"[traliccio]\": 14,\r\n		\"[kit_ancoraggio]\": 4,\r\n		\"[guidacavo]\": 2,\r\n		\"[cavo_alimentazione]\": 35\r\n	},\r\n	\"22.50\":{\r\n		\"[traliccio]\": 15,\r\n		\"[kit_ancoraggio]\": 4,\r\n		\"[guidacavo]\": 2,\r\n		\"[cavo_alimentazione]\": 35\r\n	},\r\n	\"24.00\":{\r\n		\"[traliccio]\": 16,\r\n		\"[kit_ancoraggio]\": 4,\r\n		\"[guidacavo]\": 2,\r\n		\"[cavo_alimentazione]\": 35\r\n	},\r\n	\"25.50\":{\r\n		\"[traliccio]\": 17,\r\n		\"[kit_ancoraggio]\": 4,\r\n		\"[guidacavo]\": 2,\r\n		\"[cavo_alimentazione]\": 35\r\n	},\r\n	\"27.00\":{\r\n		\"[traliccio]\": 18,\r\n		\"[kit_ancoraggio]\": 5,\r\n		\"[guidacavo]\": 2,\r\n		\"[cavo_alimentazione]\": 35\r\n	},\r\n	\"28.50\":{\r\n		\"[traliccio]\": 19,\r\n		\"[kit_ancoraggio]\": 5,\r\n		\"[guidacavo]\": 2,\r\n		\"[cavo_alimentazione]\": 35\r\n	},\r\n	\"30.00\":{\r\n		\"[traliccio]\": 20,\r\n		\"[kit_ancoraggio]\": 5,\r\n		\"[guidacavo]\": 3,\r\n		\"[cavo_alimentazione]\": 35\r\n	},\r\n	\"31.50\":{\r\n		\"[traliccio]\": 21,\r\n		\"[kit_ancoraggio]\": 5,\r\n		\"[guidacavo]\": 3,\r\n		\"[cavo_alimentazione]\": 35\r\n	},\r\n	\"33.00\":{\r\n		\"[traliccio]\": 22,\r\n		\"[kit_ancoraggio]\": 6,\r\n		\"[guidacavo]\": 3,\r\n		\"[cavo_alimentazione]\": 40\r\n	},\r\n	\"34.50\":{\r\n		\"[traliccio]\": 23,\r\n		\"[kit_ancoraggio]\": 6,\r\n		\"[guidacavo]\": 3,\r\n		\"[cavo_alimentazione]\": 40\r\n	},\r\n	\"36.00\":{\r\n		\"[traliccio]\": 24,\r\n		\"[kit_ancoraggio]\": 6,\r\n		\"[guidacavo]\": 3,\r\n		\"[cavo_alimentazione]\": 45\r\n	},\r\n	\"37.50\":{\r\n		\"[traliccio]\": 25,\r\n		\"[kit_ancoraggio]\": 6,\r\n		\"[guidacavo]\": 3,\r\n		\"[cavo_alimentazione]\": 45\r\n	},\r\n	\"39.00\":{\r\n		\"[traliccio]\": 26,\r\n		\"[kit_ancoraggio]\": 7,\r\n		\"[guidacavo]\": 3,\r\n		\"[cavo_alimentazione]\": 45\r\n	},\r\n	\"40.50\":{\r\n		\"[traliccio]\": 27,\r\n		\"[kit_ancoraggio]\": 7,\r\n		\"[guidacavo]\": 4,\r\n		\"[cavo_alimentazione]\": 50\r\n	},\r\n	\"42.00\":{\r\n		\"[traliccio]\": 28,\r\n		\"[kit_ancoraggio]\": 7,\r\n		\"[guidacavo]\": 4,\r\n		\"[cavo_alimentazione]\": 50\r\n	},\r\n	\"43.50\":{\r\n		\"[traliccio]\": 29,\r\n		\"[kit_ancoraggio]\": 7,\r\n		\"[guidacavo]\": 4,\r\n		\"[cavo_alimentazione]\": 50\r\n	},\r\n	\"45.00\":{\r\n		\"[traliccio]\": 30,\r\n		\"[kit_ancoraggio]\": 8,\r\n		\"[guidacavo]\": 4,\r\n		\"[cavo_alimentazione]\": 55\r\n	},\r\n	\"46.50\":{\r\n		\"[traliccio]\": 31,\r\n		\"[kit_ancoraggio]\": 8,\r\n		\"[guidacavo]\": 4,\r\n		\"[cavo_alimentazione]\": 55\r\n	},\r\n	\"48.00\":{\r\n		\"[traliccio]\": 32,\r\n		\"[kit_ancoraggio]\": 8,\r\n		\"[guidacavo]\": 4,\r\n		\"[cavo_alimentazione]\": 55\r\n	},\r\n	\"49.50\":{\r\n		\"[traliccio]\": 33,\r\n		\"[kit_ancoraggio]\": 8,\r\n		\"[guidacavo]\": 4,\r\n		\"[cavo_alimentazione]\": 55\r\n	},\r\n	\"51.00\":{\r\n		\"[traliccio]\": 34,\r\n		\"[kit_ancoraggio]\": 9,\r\n		\"[guidacavo]\": 5,\r\n		\"[cavo_alimentazione]\": 60\r\n	},\r\n	\"52.50\":{\r\n		\"[traliccio]\": 35,\r\n		\"[kit_ancoraggio]\": 9,\r\n		\"[guidacavo]\": 5,\r\n		\"[cavo_alimentazione]\": 60\r\n	},\r\n	\"54.00\":{\r\n		\"[traliccio]\": 36,\r\n		\"[kit_ancoraggio]\": 9,\r\n		\"[guidacavo]\": 5,\r\n		\"[cavo_alimentazione]\": 60\r\n	},\r\n	\"55.50\":{\r\n		\"[traliccio]\": 37,\r\n		\"[kit_ancoraggio]\": 9,\r\n		\"[guidacavo]\": 5,\r\n		\"[cavo_alimentazione]\": 65\r\n	},\r\n	\"57.00\":{\r\n		\"[traliccio]\": 38,\r\n		\"[kit_ancoraggio]\": 10,\r\n		\"[guidacavo]\": 5,\r\n		\"[cavo_alimentazione]\": 65\r\n	},\r\n	\"58.50\":{\r\n		\"[traliccio]\": 39,\r\n		\"[kit_ancoraggio]\": 10,\r\n		\"[guidacavo]\": 5,\r\n		\"[cavo_alimentazione]\": 65\r\n	},\r\n	\"60.00\":{\r\n		\"[traliccio]\": 40,\r\n		\"[kit_ancoraggio]\": 10,\r\n		\"[guidacavo]\": 6,\r\n		\"[cavo_alimentazione]\": 70\r\n	}\r\n}\r\n'),
('PT300T', 'Ascensore da cantiere', 'articolo', '14773.22', '{\r\n	\"10.50\":{\r\n		\"[traliccio]\": 7,\r\n		\"[kit_ancoraggio]\": 2,\r\n		\"[guidacavo]\": 1,\r\n		\"[cavo_alimentazione]\": 35\r\n	},\r\n	\"12.00\":{\r\n		\"[traliccio]\": 8,\r\n		\"[kit_ancoraggio]\": 2,\r\n		\"[guidacavo]\": 1,\r\n		\"[cavo_alimentazione]\": 35\r\n	},\r\n	\"13.50\":{\r\n		\"[traliccio]\": 9,\r\n		\"[kit_ancoraggio]\": 2,\r\n		\"[guidacavo]\": 1,\r\n		\"[cavo_alimentazione]\": 35\r\n	},\r\n	\"15.00\":{\r\n		\"[traliccio]\": 10,\r\n		\"[kit_ancoraggio]\": 3,\r\n		\"[guidacavo]\": 1,\r\n		\"[cavo_alimentazione]\": 35\r\n	},\r\n	\"16.50\":{\r\n		\"[traliccio]\": 11,\r\n		\"[kit_ancoraggio]\": 3,\r\n		\"[guidacavo]\": 1,\r\n		\"[cavo_alimentazione]\": 35\r\n	},\r\n	\"18.00\":{\r\n		\"[traliccio]\": 12,\r\n		\"[kit_ancoraggio]\": 3,\r\n		\"[guidacavo]\": 1,\r\n		\"[cavo_alimentazione]\": 35\r\n	},\r\n	\"19.50\":{\r\n		\"[traliccio]\": 13,\r\n		\"[kit_ancoraggio]\": 3,\r\n		\"[guidacavo]\": 2,\r\n		\"[cavo_alimentazione]\": 35\r\n	},\r\n	\"21.00\":{\r\n		\"[traliccio]\": 14,\r\n		\"[kit_ancoraggio]\": 4,\r\n		\"[guidacavo]\": 2,\r\n		\"[cavo_alimentazione]\": 35\r\n	},\r\n	\"22.50\":{\r\n		\"[traliccio]\": 15,\r\n		\"[kit_ancoraggio]\": 4,\r\n		\"[guidacavo]\": 2,\r\n		\"[cavo_alimentazione]\": 35\r\n	},\r\n	\"24.00\":{\r\n		\"[traliccio]\": 16,\r\n		\"[kit_ancoraggio]\": 4,\r\n		\"[guidacavo]\": 2,\r\n		\"[cavo_alimentazione]\": 35\r\n	},\r\n	\"25.50\":{\r\n		\"[traliccio]\": 17,\r\n		\"[kit_ancoraggio]\": 4,\r\n		\"[guidacavo]\": 2,\r\n		\"[cavo_alimentazione]\": 35\r\n	},\r\n	\"27.00\":{\r\n		\"[traliccio]\": 18,\r\n		\"[kit_ancoraggio]\": 5,\r\n		\"[guidacavo]\": 2,\r\n		\"[cavo_alimentazione]\": 35\r\n	},\r\n	\"28.50\":{\r\n		\"[traliccio]\": 19,\r\n		\"[kit_ancoraggio]\": 5,\r\n		\"[guidacavo]\": 2,\r\n		\"[cavo_alimentazione]\": 35\r\n	},\r\n	\"30.00\":{\r\n		\"[traliccio]\": 20,\r\n		\"[kit_ancoraggio]\": 5,\r\n		\"[guidacavo]\": 3,\r\n		\"[cavo_alimentazione]\": 35\r\n	},\r\n	\"31.50\":{\r\n		\"[traliccio]\": 21,\r\n		\"[kit_ancoraggio]\": 5,\r\n		\"[guidacavo]\": 3,\r\n		\"[cavo_alimentazione]\": 35\r\n	},\r\n	\"33.00\":{\r\n		\"[traliccio]\": 22,\r\n		\"[kit_ancoraggio]\": 6,\r\n		\"[guidacavo]\": 3,\r\n		\"[cavo_alimentazione]\": 40\r\n	},\r\n	\"34.50\":{\r\n		\"[traliccio]\": 23,\r\n		\"[kit_ancoraggio]\": 6,\r\n		\"[guidacavo]\": 3,\r\n		\"[cavo_alimentazione]\": 40\r\n	},\r\n	\"36.00\":{\r\n		\"[traliccio]\": 24,\r\n		\"[kit_ancoraggio]\": 6,\r\n		\"[guidacavo]\": 3,\r\n		\"[cavo_alimentazione]\": 45\r\n	},\r\n	\"37.50\":{\r\n		\"[traliccio]\": 25,\r\n		\"[kit_ancoraggio]\": 6,\r\n		\"[guidacavo]\": 3,\r\n		\"[cavo_alimentazione]\": 45\r\n	},\r\n	\"39.00\":{\r\n		\"[traliccio]\": 26,\r\n		\"[kit_ancoraggio]\": 7,\r\n		\"[guidacavo]\": 3,\r\n		\"[cavo_alimentazione]\": 45\r\n	},\r\n	\"40.50\":{\r\n		\"[traliccio]\": 27,\r\n		\"[kit_ancoraggio]\": 7,\r\n		\"[guidacavo]\": 4,\r\n		\"[cavo_alimentazione]\": 50\r\n	},\r\n	\"42.00\":{\r\n		\"[traliccio]\": 28,\r\n		\"[kit_ancoraggio]\": 7,\r\n		\"[guidacavo]\": 4,\r\n		\"[cavo_alimentazione]\": 50\r\n	},\r\n	\"43.50\":{\r\n		\"[traliccio]\": 29,\r\n		\"[kit_ancoraggio]\": 7,\r\n		\"[guidacavo]\": 4,\r\n		\"[cavo_alimentazione]\": 50\r\n	},\r\n	\"45.00\":{\r\n		\"[traliccio]\": 30,\r\n		\"[kit_ancoraggio]\": 8,\r\n		\"[guidacavo]\": 4,\r\n		\"[cavo_alimentazione]\": 55\r\n	},\r\n	\"46.50\":{\r\n		\"[traliccio]\": 31,\r\n		\"[kit_ancoraggio]\": 8,\r\n		\"[guidacavo]\": 4,\r\n		\"[cavo_alimentazione]\": 55\r\n	},\r\n	\"48.00\":{\r\n		\"[traliccio]\": 32,\r\n		\"[kit_ancoraggio]\": 8,\r\n		\"[guidacavo]\": 4,\r\n		\"[cavo_alimentazione]\": 55\r\n	},\r\n	\"49.50\":{\r\n		\"[traliccio]\": 33,\r\n		\"[kit_ancoraggio]\": 8,\r\n		\"[guidacavo]\": 4,\r\n		\"[cavo_alimentazione]\": 55\r\n	},\r\n	\"51.00\":{\r\n		\"[traliccio]\": 34,\r\n		\"[kit_ancoraggio]\": 9,\r\n		\"[guidacavo]\": 5,\r\n		\"[cavo_alimentazione]\": 60\r\n	},\r\n	\"52.50\":{\r\n		\"[traliccio]\": 35,\r\n		\"[kit_ancoraggio]\": 9,\r\n		\"[guidacavo]\": 5,\r\n		\"[cavo_alimentazione]\": 60\r\n	},\r\n	\"54.00\":{\r\n		\"[traliccio]\": 36,\r\n		\"[kit_ancoraggio]\": 9,\r\n		\"[guidacavo]\": 5,\r\n		\"[cavo_alimentazione]\": 60\r\n	},\r\n	\"55.50\":{\r\n		\"[traliccio]\": 37,\r\n		\"[kit_ancoraggio]\": 9,\r\n		\"[guidacavo]\": 5,\r\n		\"[cavo_alimentazione]\": 65\r\n	},\r\n	\"57.00\":{\r\n		\"[traliccio]\": 38,\r\n		\"[kit_ancoraggio]\": 10,\r\n		\"[guidacavo]\": 5,\r\n		\"[cavo_alimentazione]\": 65\r\n	},\r\n	\"58.50\":{\r\n		\"[traliccio]\": 39,\r\n		\"[kit_ancoraggio]\": 10,\r\n		\"[guidacavo]\": 5,\r\n		\"[cavo_alimentazione]\": 65\r\n	},\r\n	\"60.00\":{\r\n		\"[traliccio]\": 40,\r\n		\"[kit_ancoraggio]\": 10,\r\n		\"[guidacavo]\": 6,\r\n		\"[cavo_alimentazione]\": 70\r\n	}\r\n}\r\n'),
('RC01', 'Radiocomando Master 6 tasti', 'componente', '360.00', NULL),
('RC02', 'Radiocomando Master 6 tasti', 'componente', '340.00', NULL),
('RT01', 'Recinzione a terra', 'componente', '839.50', NULL),
('SA01', 'Supplemento piano in alluminio', 'componente', '115.00', NULL),
('SP01', 'Supplemento paletti ancoraggio più lunghi (€/m)', 'componente', '9.20', NULL),
('TRT01', 'Traliccio triangolare 1,50 m M6 T16/PT300 completo di viti e dadi', 'componente', '414.00', NULL),
('TS01', 'Touch screen', 'componente', '600.00', NULL);

-- --------------------------------------------------------

--
-- Struttura della tabella `articolo_ha_componenti`
--

CREATE TABLE `articolo_ha_componenti` (
  `articolo` char(12) NOT NULL,
  `componente` char(250) NOT NULL
) ENGINE=InnoDB DEFAULT CHARSET=latin1;

--
-- Dump dei dati per la tabella `articolo_ha_componenti`
--

INSERT INTO `articolo_ha_componenti` (`articolo`, `componente`) VALUES
('PT300M', 'AP01'),
('PT300T', 'AP01'),
('PT300M', 'CA01'),
('PT300T', 'CA01'),
('PT300M', 'CS01'),
('PT300T', 'CS01'),
('PT300M', 'GC01'),
('PT300T', 'GC01'),
('PT300M', 'IS01'),
('PT300T', 'IS01'),
('PT300M', 'KA01'),
('PT300T', 'KA01'),
('PT300M', 'RC01'),
('PT300T', 'RC01'),
('PT300M', 'RC02'),
('PT300T', 'RC02'),
('PT300M', 'RT01'),
('PT300T', 'RT01'),
('PT300M', 'SA01'),
('PT300T', 'SA01'),
('PT300M', 'SP01'),
('PT300T', 'SP01'),
('PT300M', 'TRT01'),
('PT300T', 'TRT01'),
('PT300M', 'TS01'),
('PT300T', 'TS01');

-- --------------------------------------------------------

--
-- Struttura della tabella `basculanti`
--

CREATE TABLE `basculanti` (
  `codice` char(12) NOT NULL,
  `descrizione` char(250) NOT NULL,
  `nome` char(150) DEFAULT NULL,
  `debordatura` char(40) DEFAULT NULL,
  `costo` float DEFAULT '0',
  `famiglia` char(12) DEFAULT NULL,
  `versione` char(12) DEFAULT NULL,
  `sottoversione` char(12) DEFAULT NULL
) ENGINE=InnoDB DEFAULT CHARSET=latin1;

--
-- Dump dei dati per la tabella `basculanti`
--

INSERT INTO `basculanti` (`codice`, `descrizione`, `nome`, `debordatura`, `costo`, `famiglia`, `versione`, `sottoversione`) VALUES
('B/RF6Z10', 'Modello RF 6/10 zincato (anta con 10 file di asole/cappette)(Lmax 4400 mm x Hmax 2600 mm)', NULL, 'debordante', 101, 'RF', '6/10', 'F/10'),
('B/RF6Z10ND', 'Modello RF 6/10 zincato non debordante con anta con 10 file di asole/cappette (Lmax 4400 mm x Hmax 2600 mm)', NULL, 'non debordante', 146, 'RF', '6/10', 'F/10'),
('B/RF6Z12', 'Modello RF 6/10 zincato (anta con 12 file di asole/cappette)(Lmax 4400 mm x Hmax 2600 mm)', NULL, 'debordante', 101, 'RF', '6/10', 'F/12'),
('B/RF6Z12ND', 'Modello RF 6/10 zincato non debordante con anta con 12 file di asole/cappette (Lmax 4400 mm x Hmax 2600 mm)', NULL, 'non debordante', 146, 'RF', '6/10', 'F/12'),
('B/RF6Z14', 'Modello RF 6/10 zincato (anta con 14 file di asole/cappette)(Lmax 4400 mm x Hmax 2600 mm)', NULL, 'debordante', 103, 'RF', '6/10', 'F/14'),
('B/RF6Z16', 'Modello RF 6/10 zincato (anta con 16 file di asole/cappette)(Lmax 4400 mm x Hmax 2600 mm)', NULL, 'debordante', 103, 'RF', '6/10', 'F/16'),
('B/RF6Z18', 'Modello RF 6/10 zincato (anta con 18 file di asole/cappette)(Lmax 4400 mm x Hmax 2600 mm)', NULL, 'debordante', 105, 'RF', '6/10', 'F/18'),
('B/RF6Z18ND', 'Modello RF 6/0 zincato non debordante con anta con 18 file di asoe/cappette (Lmax 4400 mm x Hmax 2600 mm)', NULL, 'non debordante', 150, 'RF', '6/10', 'F/18'),
('B/RF6Z2', 'Modello RF 6/10 zincato con anta con 2 file di asole/cappette(Lmax 4400 mm x Hmax 2600 mm)', NULL, 'debordante', 97, 'RF', '6/10', 'F/2'),
('B/RF6Z20', 'Modello RF 6/10 zincato (anta con 20 file di asole/cappette)(Lmax 4400 mm x Hmax 2600 mm)', NULL, 'debordante', 105, 'RF', '6/10', 'F/20'),
('B/RF6Z20ND', 'Modello RF 6/0 zincato non debordante con anta con 20 file di asoe/cappette (Lmax 4400 mm x Hmax 2600 mm)', NULL, 'non debordante', 150, 'RF', '6/10', 'F/20'),
('B/RF6Z2ND', 'Modello RF 6/10 zincato non debordante con anta con 2 file di asole/cappette (Lmax 4400 mm x Hmax 2600 mm)', NULL, 'non debordante', 142, 'RF', '6/10', 'F/2'),
('B/RF6Z4', 'Modello RF 6/10 zincato con anta con 4 file di asole/cappette(Lmax 4400 mm x Hmax 2600 mm)', NULL, 'debordante', 97, 'RF', '6/10', 'F/4'),
('B/RF6Z4ND', 'Modello RF 6/10 zincato non debordante con anta con 4 file di asole/cappette (Lmax 4400 mm x Hmax 2600 mm)', NULL, 'non debordante', 142, 'RF', '6/10', 'F/4'),
('B/RF6Z6', 'Modello RF 6/10 zincato con anta con 6 file di asole/cappette (Lmax 4400 mm x Hmax 2600 mm)', NULL, 'debordante', 99, 'RF', '6/10', 'F/6'),
('B/RF6Z6ND', 'Modello RF 6/10 zincato non debordante con anta con 6 file di asole/cappette (Lmax 4400 mm x Hmax 2600 mm)', NULL, 'non debordante', 144, 'RF', '6/10', 'F/6'),
('B/RF6Z8', 'Modello RF 6/10 zincato con anta con 8 file di asole/cappette (Lmax 4400 mm x Hmax 2600 mm)', NULL, 'debordante', 99, 'RF', '6/10', 'F/8'),
('B/RF6Z8ND', 'Modello RF 6/10 zincato non debordante con anta con 8 file di asole/cappette (Lmax 4400 mm x Hmax 2600 mm)', NULL, 'non debordante', 144, 'RF', '6/10', 'F/8'),
('B/RF6ZC', 'Modello RF 6/10 zincato con anta cieca (Lmax 4400 mm x Hmax 2600 mm)', NULL, 'debordante', 95, 'RF', '6/10', 'F/0'),
('B/RF6ZCND', 'Modello RF 6/10 zincato non debordante con anta cieca (Lmax 400 mm x Hmax 2600 mm)', NULL, 'non debordante', 140, 'RF', '6/10', 'F/0'),
('B/RF8Z10', 'Modello RF 8/10 zincato con anta con 10 file di asole/cappette (Lmax 4400 mm x Hmax 2600 mm)', '', 'debordante', 113, 'RF', '8/10', 'F/10'),
('B/RF8Z10ND', 'Modello RF 8/10 zincato non debordante con anta con 10 file di asole/cappette (Lmax 4400 mm x Hmax 2600 mm)', NULL, 'non debordante', 158, 'RF', '8/10', 'F/10'),
('B/RF8Z12', 'Modello RF 8/10 zincato con anta con 12 file di asole/cappette (Lmax 4400 mm x Hmax 2600 mm)', '', 'debordante', 113, 'RF', '8/10', 'F/12'),
('B/RF8Z12ND', 'Modello RF 8/10 zincato non debordante con anta con 12 file di asole/cappette (Lmax 4400 mm x Hmax 2600 mm)', NULL, 'non debordante', 158, 'RF', '8/10', 'F/12'),
('B/RF8Z14', 'Modello RF 8/10 zincato con anta con 14 file di asole/cappette (Lmax 4400 mm x Hmax 2600 mm)', NULL, 'debordante', 115, 'RF', '8/10', 'F/14'),
('B/RF8Z14ND', 'Modello RF 8/10 zincato non debordante con anta con 14 file di asole/cappette (Lmax 4400 mm x Hmax 2600 mm)', NULL, 'non debordante', 160, 'RF', '8/10', 'F/14'),
('B/RF8Z16', 'Modello RF 8/10 zincato con anta con 16 file di asole/cappette (Lmax 4400 mm x Hmax 2600 mm)', NULL, 'debordante', 115, 'RF', '8/10', 'F/16'),
('B/RF8Z16ND', 'Modello RF 8/10 zincato non debordante con anta con 16 file di asole/cappette (Lmax 4400 mm x Hmax 2600 mm)', NULL, 'non debordante', 160, 'RF', '8/10', 'F/16'),
('B/RF8Z18', 'Modello RF 8/10 zincato con anta con 18 file di asole/cappette (Lmax 4400 mm x Hmax 2600 mm)', NULL, 'debordante', 117, 'RF', '8/10', 'F/18'),
('B/RF8Z18ND', 'Modello RF 8/10 zincato non debordante con anta con 18 file di asole/cappette (Lmax 4400 mm x Hmax 2600 mm)', NULL, 'non debordante', 162, 'RF', '8/10', 'F/18'),
('B/RF8Z2', 'Modello RF 8/10 zincato con anta con 2 file di asole/cappette Lmax 4400 mm x Hmax 2600 mm)', NULL, 'debordante', 109, 'RF', '8/10', 'F/2'),
('B/RF8Z20', 'Modello RF 8/10 zincato con anta con 20 file di asole/cappette (Lmax 4400 mm x Hmax 2600 mm)', NULL, 'debordante', 117, 'RF', '8/10', 'F/20'),
('B/RF8Z20ND', 'Modello RF 8/10 zincato non debordante con anta con 20 file di asole/cappette (Lmax 4400 mm x Hmax 2600 mm)', NULL, 'non debordante', 162, 'RF', '8/10', 'F/20'),
('B/RF8Z2ND', 'Modello RF 8/10 zincato non debordante con anta con 2 file di asole/cappette (Lmax 4400 mm x Hmax 2600 mm)', NULL, 'non debordante', 154, 'RF', '8/10', 'F/2'),
('B/RF8Z4', 'Modello RF 8/10 zincato con anta con 4 file di asole/cappette Lmax 4400 mm x Hmax 2600 mm)', NULL, 'debordante', 109, 'RF', '8/10', 'F/4'),
('B/RF8Z4ND', 'Modello RF 8/10 zincato non debordante con anta con 4 file di asole/cappette (Lmax 4400 mm x Hmax 2600 mm)', NULL, 'non debordante', 154, 'RF', '8/10', 'F/4'),
('B/RF8Z6', 'Modello RF 8/10 zincato con anta con 6 file di asole/cappette (Lmax 4400 mm x Hmax  2600 mm)', NULL, 'debordante', 111, 'RF', '8/10', 'F/6'),
('B/RF8Z6ND', 'Modello RF 8/10 zincato non debordante con anta con 6 file di asole/cappette (Lmax 4400 mm x Hmax 2600 mm)', NULL, 'non debordante', 156, 'RF', '8/10', 'F/6'),
('B/RF8Z8', 'Modello RF 8/10 zincato con anta con 8 file di asole/cappette (Lmax 4400 mm x Hmax  2600 mm)', NULL, 'debordante', 111, 'RF', '8/10', 'F/8'),
('B/RF8Z8ND', 'Modello RF 8/10 zincato non debordante con anta con 8 file di asole/cappette (Lmax 4400 mm x Hmax 2600 mm)', NULL, 'non debordante', 156, 'RF', '8/10', 'F/8'),
('B/RF8ZC', 'Modello RF 8/10 zincato con anta cieca (Lmax 4400 mm x Hmax 2600 mm)', NULL, 'debordante', 107, 'RF', '8/10', 'F/0'),
('B/RF8ZCND', 'Modello RF 8/10 zincato non debordante con anta cieca (Lmax 4400 mm x Hmax 2600 mm)', NULL, 'non debordante', 152, 'RF', '8/10', 'F/0'),
('B/RFVCBT', 'Modello RF verniciato con anta coibentata (Lmax 4400 mm x Hmax 2600 mm)', NULL, 'debordante', 235, 'RF', 'A/C', 'F/0'),
('B/RFVCBTND', 'Modello RF vrniciato non debordante con anta coibentata (Lmax 4400 mm x Hmax 2600 mm)', NULL, 'non debordante', 280, 'RF', 'A/C', 'F/0'),
('B/RFVLGN', 'Modello RF 6/10 verniciato (anta rivestita in legno est)(Lmax 4400 mm x Hmax 2600 mm)', NULL, 'debordante', 512, 'RF', 'R/L', 'F/0'),
('B/RFVLGNND', 'Modello RF 6/10 verniciato non debordante con anta rivestita in legno (Lmax 4400 mm x Hmax 2600 mm)', NULL, 'non debordante', 557, 'RF', 'R/L', 'F/0'),
('B/RFZ14ND', 'Modello RF 6/10 zincato non debordante con anta con 14 file di asole/cappette (Lmax 4400 mm x Hmax 2600 mm)', NULL, 'non debordante', 148, 'RF', '6/10', 'F/14'),
('B/RFZ16ND', 'Modello RF 6/10 zincato non debordante con anta con 16 file di asole/cappette (Lmax 4400 mm x Hmax 2600 mm)', NULL, 'non debordante', 148, 'RF', '6/10', 'F/16'),
('B/RFZALT', 'Modello RF zincato con anta alettata (Lmax 4400 mm x Hmax 2600 mm)', NULL, 'debordante', 215, 'RF', 'A/A', 'F/0'),
('B/RFZALTND', 'Modello RF zincato non debordante con anta alettata (Lmax 4400 mm x Hmax 2600 mm)', NULL, 'non debordante', 260, 'RF', 'A/A', 'F/0'),
('B/RFZMCR', 'Modello RF 8/10 zincato con anta microforata (Lmax 4400 mm x Hmax 2600 mm)', NULL, 'debordante', 140, 'RF', '8/10AM', 'F/0'),
('B/RFZMCRND', 'Modello RF 8/10 zincato non debordante con anta microforata (Lmax 4400 mm x Hmax 2600 mm)', NULL, 'non debordante', 185, 'RF', '8/10AM', 'F/0'),
('B/SRF6Z10', 'Modello SRF 6/10 zincato (anta con 10 file di asole/cappette)       (Lmax 5400 mm x Hmax 2600 mm)', NULL, 'debordante', 156, 'SRF', '6/10', 'F/10'),
('B/SRF6Z10ND', 'Modello SRF 6/10 zincato non debordante (anta con 10 file di asole/cappette)  (Lmax 5400 mm x Hmax 2600 mm)', NULL, 'non debordante', 206, 'SRF', '6/10', 'F/10'),
('B/SRF6Z12', 'Modello SRF 6/10 zincato (anta con 12 file di asole/cappette)       (Lmax 5400 mm x Hmax 2600 mm)', NULL, 'debordante', 156, 'SRF', '6/10', 'F/12'),
('B/SRF6Z12ND', 'Modello SRF 6/10 zincato non debordante (anta con 12 file di asole/cappette)  (Lmax 5400 mm x Hmax 2600 mm)', NULL, 'non debordante', 206, 'SRF', '6/10', 'F/12'),
('B/SRF6Z14', 'Modello SRF 6/10 zincato (anta con 14 file di asole/cappette)        (Lmax 5400 mm x Hmax 2600 mm)', NULL, 'debordante', 158, 'SRF', '6/10', 'F/14'),
('B/SRF6Z14ND', 'Modello SRF 6/10 zincato non debordante (anta con 14 file di asole/cappette)  (Lmax 5400 mm x Hmax 2600 mm)', NULL, 'non debordante', 208, 'SRF', '6/10', 'F/14'),
('B/SRF6Z16', 'Modello SRF 6/10 zincato (anta con 16 file di asole/cappette)        (Lmax 5400 mm x Hmax 2600 mm)', NULL, 'debordante', 158, 'SRF', '6/10', 'F/16'),
('B/SRF6Z16ND', 'Modello SRF 6/10 zincato non debordante (anta con 16 file di asole/cappette)  (Lmax 5400 mm x Hmax 2600 mm)', NULL, 'non debordante', 208, 'SRF', '6/10', 'F/16'),
('B/SRF6Z18', 'Modello SRF 6/10 zincato (anta con 20 file di asole/cappette)         (Lmax 5400 mm x Hmax 2600 mm)', NULL, 'debordante', 160, 'SRF', '6/10', 'F/18'),
('B/SRF6Z18ND', 'Modello SRF 6/10 zincato non debordante (anta con 18 file di asole/cappette)  (Lmax 5400 mm x Hmax 2600 mm)', NULL, 'non debordante', 210, 'SRF', '6/10', 'F/18'),
('B/SRF6Z2', 'Modello SRF 6/10 zincato (anta con 2 file di asole/cappette)                                                 (Lmax 5400 mm x Hmax 2600 mm)', NULL, 'debordante', 152, 'SRF', '6/10', 'F/2'),
('B/SRF6Z20', 'Modello SRF 6/10 zincato (anta con 20 file di asole/cappette)         (Lmax 5400 mm x Hmax 2600 mm)', NULL, 'debordante', 160, 'SRF', '6/10', 'F/20'),
('B/SRF6Z20ND', 'Modello SRF 6/10 zincato non debordante (anta con 20 file di asole/cappette)  (Lmax 5400 mm x Hmax 2600 mm)', NULL, 'non debordante', 210, 'SRF', '6/10', 'F/20'),
('B/SRF6Z2ND', 'Modello SRF 6/10 zincato non debordante (anta con 2 file di asole/cappette)  (Lmax 5400 mm x Hmax 2600 mm)', NULL, 'non debordante', 202, 'SRF', '6/10', 'F/2'),
('B/SRF6Z4', 'Modello SRF 6/10 zincato (anta con 4 file di asole/cappette)                                                 (Lmax 5400 mm x Hmax 2600 mm)', NULL, 'debordante', 152, 'SRF', '6/10', 'F/4'),
('B/SRF6Z4ND', 'Modello SRF 6/10 zincato non debordante (anta con 4 file di asole/cappette)  (Lmax 5400 mm x Hmax 2600 mm)', NULL, 'non debordante', 202, 'SRF', '6/10', 'F/4'),
('B/SRF6Z6', 'Modello SRF 6/10 zincato (anta con 6 file di asole/cappette)                                                 (Lmax 5400 mm x Hmax 2600 mm)', NULL, 'debordante', 154, 'SRF', '6/10', 'F/6'),
('B/SRF6Z6ND', 'Modello SRF 6/10 zincato non debordante (anta con 6 file di asole/cappette) (Lmax 5400 mm x Hmax 2600 mm)', NULL, 'non debordante', 204, 'SRF', '6/10', 'F/6'),
('B/SRF6Z8', 'Modello SRF 6/10 zincato (anta con 8 file di asole/cappette)                                                 (Lmax 5400 mm x Hmax 2600 mm)', NULL, 'debordante', 154, 'SRF', '6/10', 'F/8'),
('B/SRF6Z8ND', 'Modello SRF 6/10 zincato non debordante (anta con 8 file di asole/cappette) (Lmax 5400 mm x Hmax 2600 mm)', NULL, 'non debordante', 204, 'SRF', '6/10', 'F/8'),
('B/SRF6ZC', 'Modello SRF 6/10 zincato (anta cieca) (Lmax 5400 mm x Hmax 2600 mm)', NULL, 'debordante', 150, 'SRF', '6/10', 'F/0'),
('B/SRF6ZCND', 'Modello SRF 6/10 zincato non debordante (anta cieca)  (Lmax 5400 mm x Hmax 2600 mm)', NULL, 'non debordante', 200, 'SRF', '6/10', 'F/0'),
('B/SRF8Z10', 'Modello SRF 8/10 zincato (anta con 10 file di asole/cappette)  (Lmax 5400 mm x Hmax 2600 mm)', NULL, 'debordante', 168, 'SRF', '8/10', 'F/10'),
('B/SRF8Z12', 'Modello SRF 8/10 zincato (anta con 12 file di asole/cappette)  (Lmax 5400 mm x Hmax 2600 mm)', NULL, 'debordante', 168, 'SRF', '8/10', 'F/12'),
('B/SRF8Z12ND', 'Modello SRF 8/10 zincato non debordante (anta con 12 file di asole/cappette)  (Lmax 5400 mm x Hmax 2600 mm)', NULL, 'non debordante', 218, 'SRF', '8/10', 'F/12'),
('B/SRF8Z14', 'Modello SRF 8/10 zincato (anta con 14 file di asole/cappette)  (Lmax 5400 mm x Hmax 2600 mm)', NULL, 'debordante', 170, 'SRF', '8/10', 'F/14'),
('B/SRF8Z14ND', 'Modello SRF 8/10 zincato non debordante (anta con 14 file di asole/cappette)  (Lmax 5400 mm x Hmax 2600 mm)', NULL, 'non debordante', 220, 'SRF', '8/10', 'F/14'),
('B/SRF8Z16', 'Modello SRF 8/10 zincato (anta con 16 file di asole/cappette)  (Lmax 5400 mm x Hmax 2600 mm)', NULL, 'debordante', 170, 'SRF', '8/10', 'F/16'),
('B/SRF8Z16ND', 'Modello SRF 8/10 zincato non debordante (anta con 16 file di asole/cappette)  (Lmax 5400 mm x Hmax 2600 mm)', NULL, 'non debordante', 220, 'SRF', '8/10', 'F/16'),
('B/SRF8Z18', 'Modello SRF 8/10 zincato (anta con 18 file di asole/cappette)  (Lmax 5400 mm x Hmax 2600 mm)', NULL, 'debordante', 172, 'SRF', '8/10', 'F/18'),
('B/SRF8Z18ND', 'Modello SRF 8/10 zincato non debordante (anta con 18 file di asole/cappette) (Lmax 5400 mm x Hmax 2600 mm)', NULL, 'non debordante', 222, 'SRF', '8/10', 'F/18'),
('B/SRF8Z2', 'Modello SRF 8/10 zincato (anta con 2 file di asole/cappette)                                                 (Lmax 5400 mm x Hmax 2600 mm)', NULL, 'debordante', 164, 'SRF', '8/10', 'F/2'),
('B/SRF8Z20', 'Modello SRF 8/10 zincato (anta con 20 file di asole/cappette)  (Lmax 5400 mm x Hmax 2600 mm)', NULL, 'debordante', 172, 'SRF', '8/10', 'F/20'),
('B/SRF8Z20ND', 'Modello SRF 8/10 zincato non debordante (anta con 20 file di asole/cappette) (Lmax 5400 mm x Hmax 2600 mm)', NULL, 'non debordante', 222, 'SRF', '8/10', 'F/20'),
('B/SRF8Z2ND', 'Modello SRF 8/10 zincato non debordante (anta con 2 file di asole/cappette)   (Lmax 5400 mm x Hmax 2600 mm)', NULL, 'non debordante', 214, 'SRF', '8/10', 'F/2'),
('B/SRF8Z4', 'Modello SRF 8/10 zincato (anta con 4 file di asole/cappette)                                                 (Lmax 5400 mm x Hmax 2600 mm)', NULL, 'debordante', 164, 'SRF', '8/10', 'F/4'),
('B/SRF8Z4ND', 'Modello SRF 8/10 zincato non debordante (anta con 4 file di asole/cappette)   (Lmax 5400 mm x Hmax 2600 mm)', NULL, 'non debordante', 214, 'SRF', '8/10', 'F/4'),
('B/SRF8Z6', 'Modello SRF 8/10 zincato (anta con 6 file di asole/cappette)                                                 (Lmax 5400 mm x Hmax 2600 mm)', NULL, 'debordante', 166, 'SRF', '8/10', 'F/6'),
('B/SRF8Z6ND', 'Modello SRF 8/10 zincato non debordante (anta con 6 file di asole/cappette)  (Lmax 5400 mm x Hmax 2600 mm)', NULL, 'non debordante', 216, 'SRF', '8/10', 'F/6'),
('B/SRF8Z8', 'Modello SRF 8/10 zincato (anta con 8 file di asole/cappette)                                                 (Lmax 5400 mm x Hmax 2600 mm)', NULL, 'debordante', 166, 'SRF', '8/10', 'F/8'),
('B/SRF8Z8ND', 'Modello SRF 8/10 zincato non debordante (anta con 8 file di asole/cappette)  (Lmax 5400 mm x Hmax 2600 mm)', NULL, 'non debordante', 216, 'SRF', '8/10', 'F/8'),
('B/SRF8ZC', 'Modello SRF 8/10 zincato (anta cieca)                                                (Lmax 5400 mm x Hmax 2600 mm)', NULL, 'debordante', 162, 'SRF', '8/10', 'F/0'),
('B/SRF8ZCND', 'Modello SRF 8/10 zincato non debordante (anta cieca)   (Lmax 5400 mm x Hmax 2600 mm)', NULL, 'non debordante', 212, 'SRF', '8/10', 'F/0'),
('B/SRFVCBT', 'Modello SRF verniciato (anta coibentata) (Lmax 5400 mm x Hmax 2600 mm)', NULL, 'debordante', 290, 'SRF', 'A/C', 'F/0'),
('B/SRFVCBTND', 'Modello SRF verniciato non debordante (anta coibentata)  (Lmax 5400 mm x Hmax 2600 mm)', NULL, 'non debordante', 340, 'SRF', 'A/C', 'F/0'),
('B/SRFVLGN', 'Modello SRF 6/10 verniciato (anta rivestita in legno est)  (Lmax 5400 mm x Hmax 2600 mm)', NULL, 'debordante', 567, 'SRF', 'R/L', 'F/0'),
('B/SRFVLGNND', 'Modello SRF 6/10 verniciato non debordante (anta rivestita in legno est)(Lmax 5400 mm x Hmax 2600 mm)', NULL, 'non debordante', 617, 'SRF', 'R/L', 'F/0'),
('B/SRFZALT', 'Modello SRF zincato (anta alettata)                                                (Lmax 5400 mm x Hmax 2600 mm)', NULL, 'debordante', 270, 'SRF', 'A/A', 'F/0'),
('B/SRFZALTND', 'Modello SRF zincato non debordante (anta alettata)                                                (Lmax 5400 mm x Hmax 2600 mm)', NULL, 'non debordante', 320, 'SRF', 'A/A', 'F/0'),
('B/SRFZMCR', 'Modello SRF 8/10 zincato (anta microforata)                                                (Lmax 5400 mm x Hmax 2600 mm)', NULL, 'debordante', 195, 'SRF', '8/10AM', 'F/0'),
('B/SRFZMCRND', 'Modello SRF 8/10 zincato non debordante (anta microforata) (Lmax 5400 mm x Hmax 2600 mm)', NULL, 'non debordante', 245, 'SRF', '8/10AM', 'F/0'),
('B/ST6Z10', 'Modello ST 6/10 zincato (anta con 10 file di asole/cappette)(Lmax 3400 mm x Hmax 2600 mm)', NULL, 'debordante', 64, 'ST', '6/10', 'F/10'),
('B/ST6Z10ND', 'Modello ST 6/10 zincato non debordante con anta con 10 file di asole/coppette (Lmax 3400 mm x Hmax 2600 mm)', NULL, 'non debordante', 106, 'ST', '6/10', 'F/10'),
('B/ST6Z12', 'Modello ST 6/10 zincato (anta con 12 file di asole/cappette)(Lmax 3400 mm x Hmax 2600 mm)', NULL, 'debordante', 64, 'ST', '6/10', 'F/12'),
('B/ST6Z12ND', 'Modello ST 6/10 zincato non debordante con anta con 12 file di asole/coppette (Lmax 3400 mm x Hmax 2600 mm)', NULL, 'non debordante', 106, 'ST', '6/10', 'F/12'),
('B/ST6Z14', 'Modello ST 6/10 zincato (anta con 14 file di asole/cappette)(Lmax 3400 mm x Hmax 2600 mm)', NULL, 'debordante', 66, 'ST', '6/10', 'F/14'),
('B/ST6Z14ND', 'Modello ST 6/10 zincato non debordante con anta con 14 file di asole/cappette (Lmax 3400 mm x Hmax 2600 mm)', NULL, 'non debordante', 108, 'ST', '6/10', 'F/14'),
('B/ST6Z16', 'Modello ST 6/10 zincato (anta con 16 file di asole/cappette)(Lmax 3400 mm x Hmax 2600 mm)', NULL, 'debordante', 66, 'ST', '6/10', 'F/16'),
('B/ST6Z16ND', 'Modello ST 6/10 zincato non debordante con anta con 16 file di asole/cappette (Lmax 3400 mm x Hmax 2600 mm)', NULL, 'non debordante', 108, 'ST', '6/10', 'F/16'),
('B/ST6Z18', 'Modello ST 6/10 zincato (anta con 18 file di asole/cappette)(Lmax 3400 mm x Hmax 2600 mm)', NULL, 'debordante', 68, 'ST', '6/10', 'F/18'),
('B/ST6Z18ND', 'Modello ST 6/10 zincato non debordante con anta con 18 file di asole/coppette (Lmax 3400 mm x Hmax 2600 mm)', NULL, 'non debordante', 110, 'ST', '6/10', 'F/18'),
('B/ST6Z2', 'Modello 6/10 zincato con anta con 2 file di asole/cappette (Lmax 3400 x Hmax 2600)', NULL, 'debordante', 60, 'ST', '6/10', 'F/2'),
('B/ST6Z20', 'Modello ST 6/10 zincato (anta con 20 file di asole/cappette)(Lmax 3400 mm x Hmax 2600 mm)', NULL, 'debordante', 68, 'ST', '6/10', 'F/20'),
('B/ST6Z20ND', 'Modello ST 6/10 zincato non debordante con anta con 20 file di asole/coppette (Lmax 3400 mm x Hmax 2600 mm)', NULL, 'non debordante', 110, 'ST', '6/10', 'F/20'),
('B/ST6Z2ND', 'Modello ST 6/10 zincato non debordante con anta con 2 file di asole/coppette (Lmax 3400 mm x Hmax 2600 mm)', NULL, 'non debordante', 102, 'ST', '6/10', 'F/2'),
('B/ST6Z4', 'Modello 6/10 zincato con anta con 4 file di asole/cappette (Lmax 3400 x Hmax 2600)', NULL, 'debordante', 60, 'ST', '6/10', 'F/4'),
('B/ST6Z4ND', 'Modello ST 6/10 zincato non debordante con anta con 4 file di asole/coppette (Lmax 3400 mm x Hmax 2600 mm)', NULL, 'non debordante', 102, 'ST', '6/10', 'F/4'),
('B/ST6Z6', 'Modello ST 6/10 zincato con anta con 6 file di asole/cappette (Lmax 3400 x Hmax 2600 mm)', NULL, 'debordante', 62, 'ST', '6/10', 'F/6'),
('B/ST6Z6ND', 'Modello ST 6/10 zincato non debordante con anta con 6 file di asole/cappette (Lmax 3400 mm x Hmax 2600 mm)', NULL, 'non debordante', 104, 'ST', '6/10', 'F/6'),
('B/ST6Z8', 'Modello ST 6/10 zincato con anta con 8 file di asole/cappette (Lmax 3400 x Hmax 2600 mm)', NULL, 'debordante', 62, 'ST', '6/10', 'F/8'),
('B/ST6Z8ND', 'Modello ST 6/10 zincato non debordante con anta con 8 file di asole/cappette (Lmax 3400 mm x Hmax 2600 mm)', NULL, 'non debordante', 104, 'ST', '6/10', 'F/8'),
('B/ST6ZC', 'Modello ST 6/10 zincato con anta cieca (Lmax 3400 x Hmax 2600)', NULL, 'debordante', 58, 'ST', '6/10', 'F/0'),
('B/ST6ZCND', 'Modello ST 6/10 zincato non debordante con anta cieca (Lmax 3400 mm x Hmax 2600 mm)', NULL, 'non debordante', 100, 'ST', '6/10', 'F/0'),
('B/ST8Z10', 'Modello ST 8/10 zincato (anta con 10 file di asole/cappette)(Lmax 3400 mm x Hmax 2600 mm)', NULL, 'debordante', 76, 'ST', '8/10', 'F/10'),
('B/ST8Z10ND', 'Modello ST 8/10 zincato non debordante con anta con 10 file di asole/coppette (Lmax 3400 mm x Hmax 2600 mm)', NULL, 'non debordante', 118, 'ST', '8/10', 'F/10'),
('B/ST8Z12', 'Modello ST 8/10 zincato (anta con 12 file di asole/cappette)(Lmax 3400 mm x Hmax 2600 mm)', NULL, 'debordante', 76, 'ST', '8/10', 'F/12'),
('B/ST8Z12ND', 'Modello ST 8/10 zincato non debordante con anta con 12 file di asole/coppette (Lmax 3400 mm x Hmax 2600 mm)', NULL, 'non debordante', 118, 'ST', '8/10', 'F/12'),
('B/ST8Z14', 'Modello ST 8/10 zincato (anta con 14 file di asole/cappette(Lmax 3400 mm x Hmax 2600 mm)', NULL, 'debordante', 78, 'ST', '8/10', 'F/14'),
('B/ST8Z14ND', 'Modello ST 8/10 zincato non debordante con anta con 14 file di asole/cappette (Lmax 3400 mm x Hmax 2600 mm)', NULL, 'non debordante', 120, 'ST', '8/10', 'F/14'),
('B/ST8Z16', 'Modello ST 8/10 zincato (anta con 16 file di asole/cappette(Lmax 3400 mm x Hmax 2600 mm)', NULL, 'debordante', 78, 'ST', '8/10', 'F/16'),
('B/ST8Z16ND', 'Modello ST 8/10 zincato non debordante con anta con 16 file di asole/cappette (Lmax 3400 mm x Hmax 2600 mm)', NULL, 'non debordante', 120, 'ST', '8/10', 'F/16'),
('B/ST8Z18', 'Modello ST 8/10 zincato (anta con 18 file di asole/cappette)(Lmax 3400 mm x Hmax 2600 mm)', NULL, 'debordante', 80, 'ST', '8/10', 'F/18'),
('B/ST8Z18ND', 'Modello ST 8/10 zincato non debordante con anta con 18 file di asole/coppette (Lmax 3400 mm x Hmax 2600 mm)', NULL, 'non debordante', 122, 'ST', '8/10', 'F/18'),
('B/ST8Z2', 'Modello ST 8/10 zincato con anta con 2 file di asole/cappette (Lmax 3400 mm x Hmax 2600 mm)', NULL, 'debordante', 72, 'ST', '8/10', 'F/2'),
('B/ST8Z20', 'Modello ST 8/10 zincato (anta con 20 file di asole/cappette)(Lmax 3400 mm x Hmax 2600 mm)', NULL, 'debordante', 80, 'ST', '8/10', 'F/20'),
('B/ST8Z20ND', 'Modello ST 8/10 zincato non debordante con anta con 20 file di asole/coppette (Lmax 3400 mm x Hmax 2600 mm)', NULL, 'non debordante', 122, 'ST', '8/10', 'F/20'),
('B/ST8Z2ND', 'Modello ST 8/10 zincato non debordante con anta con 2 file di asole/coppette (Lmax 3400 mm x Hmax 2600 mm)', NULL, 'non debordante', 114, 'ST', '8/10', 'F/2'),
('B/ST8Z4', 'Modello ST 8/10 zincato con anta con 4 file di asole/cappette (Lmax 3400 mm x Hmax 2600 mm)', NULL, 'debordante', 72, 'ST', '8/10', 'F/4'),
('B/ST8Z4ND', 'Modello ST 8/10 zincato non debordante con anta con 4 file di asole/coppette (Lmax 3400 mm x Hmax 2600 mm)', NULL, 'non debordante', 114, 'ST', '8/10', 'F/4'),
('B/ST8Z6', 'Modello ST 8/10 zincato con anta con 6 file di asole/cappette (Lmax 3400 mm x Hmax 2600 mm)', NULL, 'debordante', 74, 'ST', '8/10', 'F/6'),
('B/ST8Z6ND', 'Modello ST 8/10 zincato non debordante con anta con 6 file di asole/cappette (Lmax 3400 mm x Hmax 2600 mm)', NULL, 'non debordante', 116, 'ST', '8/10', 'F/6'),
('B/ST8Z8', 'Modello ST 8/10 zincato con anta con 8 file di asole/cappette (Lmax 3400 mm x Hmax 2600 mm)', NULL, 'debordante', 74, 'ST', '8/10', 'F/8'),
('B/ST8Z8ND', 'Modello ST 8/10 zincato non debordante con anta con 8 file di asole/cappette (Lmax 3400 mm x Hmax 2600 mm)', NULL, 'non debordante', 116, 'ST', '8/10', 'F/8'),
('B/ST8ZC', 'Modello ST 8/10 zincato con anta cieca (Lmax 3400 x Hmax 2600 mm)', NULL, 'debordante', 70, 'ST', '8/10', 'F/0'),
('B/ST8ZCND', 'Modello ST 8/10 zincato non debordante con anta cieca (Lmax 3400 mm x Hmax 2600 mm)', NULL, 'non debordante', 112, 'ST', '8/10', 'F/0'),
('B/STVCBT', 'Modello ST verniciato con anta coibentata', NULL, 'debordante', 200, 'ST', 'A/C', 'F/0'),
('B/STVCBTND', 'Modello ST verniciato non debordante con anta coibentata (Lmax 3400 mm x Hmax 2600 mm)', NULL, 'non debordante', 240, 'ST', 'A/C', 'F/0'),
('B/STVLGN', 'Modello ST 6/10 verniciato (anta rivestita in legno est)(Lmax 3400 mm x Hmax 2600 mm)', NULL, 'debordante', 475, 'ST', 'R/L', 'F/0'),
('B/STVLGNND', 'Modello 6/10 verniciato non debordante con anta rivestita in legno est (Lmax 3400 x Hmax 2600 mm)', NULL, 'non debordante', 517, 'ST', 'R/L', 'F/0'),
('B/STZALT', 'Modello ST zincato con anta alettata (Lmax 3400 mm x Hmax 2600 mm)', NULL, 'debordante', 178, 'ST', 'A/A', 'F/0'),
('B/STZALTND', 'Modello ST zincato non debordante con anta alettata (Lmax 3400 mm x Hmax 2600 mm)', NULL, 'non debordante', 220, 'ST', 'A/A', 'F/0'),
('B/STZMCR', 'Modello ST 8/10 zincato con anta microforata (Lmax 3400 mm x Hmax 2600 mm)', NULL, 'debordante', 100, 'ST', '8/10AM', 'F/0'),
('B/STZMCRND', 'Modello ST 8/10AM zincato non debordante con anta microforata (Lmax 3400 mm x Hmax 2600 mm)', NULL, 'non debordante', 142, 'ST', '8/10AM', 'F/0');

-- --------------------------------------------------------

--
-- Struttura della tabella `carrello`
--

CREATE TABLE `carrello` (
  `id` varchar(32) NOT NULL DEFAULT '',
  `preventivo` varchar(14) DEFAULT NULL,
  `descrizione` text NOT NULL,
  `quantita` int(2) NOT NULL,
  `totale` float DEFAULT '0',
  `totaleScontato` float NOT NULL,
  `riferimento` varchar(100) DEFAULT NULL,
  `tipologia` int(2) DEFAULT NULL
) ENGINE=InnoDB DEFAULT CHARSET=latin1;

--
-- Dump dei dati per la tabella `carrello`
--

INSERT INTO `carrello` (`id`, `preventivo`, `descrizione`, `quantita`, `totale`, `totaleScontato`, `riferimento`, `tipologia`) VALUES
('a6v9o4v6d0w2e9z1k2l1535711764000', '1535711764', '{\"indietro\":\"false\",\"currentStep\":\"10\",\"validita\":\"true\",\"modifica\":{\"boo\":\"false\",\"id\":\"\"},\"riferimento\":\"aaa\",\"porta\":{\"L\":\"2290\",\"H\":\"2300\"},\"foroMuro\":{\"L\":\"2500\",\"H\":\"2510\"},\"molle\":\"0\",\"ingombro\":{\"up\":{\"m\":\"20\",\"boo\":\"1\",\"in_luce\":\"0\",\"altezzaSuolo\":\"2330\"},\"dx\":{\"m\":\"0\",\"boo\":\"1\",\"in_luce\":\"1\"},\"sx\":{\"m\":\"20\",\"boo\":\"1\",\"in_luce\":\"0\"}},\"tipologia\":\"Sezionale\",\"struttura\":{\"up\":{\"m\":\"180\",\"boo\":\"1\"},\"dx\":{\"m\":\"100\",\"boo\":\"0\"},\"sx\":{\"m\":\"80\",\"boo\":\"1\"}},\"accessori\":{\"struttura\":{\"veletta\":{\"codice\":\"SZ\\/IRVL\",\"costo\":\"18\",\"um\":\"ML\",\"descrizione\":\"Extra veletta in rete\",\"height\":{\"m\":\"180\",\"boo\":\"1\"},\"totale_non_scontato\":\"41.22\",\"costo_totale\":\"20.61\",\"ml\":\"2.29\",\"quantita\":\"1\"},\"spallettaSX\":{\"codice\":\"SZ\\/SPLLRAL\",\"costo\":\"45\",\"um\":\"ML\",\"descrizione\":\"Spalletta laterale in tubolare zincato verniciatura a polveri nel colore Ral simile al portone\",\"height\":{\"m\":\"180\",\"boo\":\"1\"},\"totale_non_scontato\":\"103.49999999999999\",\"costo_totale\":\"51.74999999999999\",\"ml\":\"2.3\",\"quantita\":\"1\"},\"spallettaDX\":\"\",\"sconto\":\"50\"},\"sistemaRifinitura\":{\"codice\":\"SZ\\/KCPRAL\",\"costo\":\"15\",\"um\":\"NR\",\"descrizione\":\"Kit coprifili di compensazione in lamiera zincata pressopiegata vernicati a polveri nel colore RAL simile al portone\",\"totale\":\"45\",\"up\":\"sciolto\",\"sx\":\"sciolto\",\"dx\":\"sciolto\",\"sconto\":\"50\",\"totale_non_scontato\":\"45\",\"costo_totale\":\"22.5\",\"quantita\":\"1\",\"quantita_tot\":\"3\"},\"molle\":{\"articoli\":[{\"codice\":\"SZ\\/ML100\",\"costo\":\"280\",\"descrizione\":\"Extra per molle di compensazione maggiorate per 100.000 cicli\",\"um\":\"NR\",\"totale_non_scontato\":\"280\",\"costo_totale\":\"140\",\"quantita\":\"1\"}],\"sconto\":\"50\"},\"oblo\":{\"codice\":\"SZ\\/OBLO7232\",\"costo\":\"175\",\"descrizione\":\"Oblo ovale in materiale plastico con cornice nera L.726xH.326mm\",\"um\":\"NR\",\"sezioni\":{\"sezione1\":\"0\",\"sezione2\":\"2\",\"sezione3\":\"0\",\"sezione4\":\"0\",\"sezione5\":\"0\",\"sezione6\":\"0\"},\"sconto\":\"50\",\"totale_non_scontato\":\"350\",\"costo_totale\":\"175\",\"quantita\":\"2\"},\"griglie\":{\"codice\":\"SZ\\/GRN\",\"costo\":\"42\",\"descrizione\":\"Griglia di aereazione in plastica nera Dim. L.344xH.138mm\",\"um\":\"NR\",\"sezioni\":{\"sezione1\":\"0\",\"sezione2\":\"2\",\"sezione3\":\"0\",\"sezione4\":\"0\",\"sezione5\":\"0\",\"sezione6\":\"0\"},\"sconto\":\"50\",\"totale_non_scontato\":\"84\",\"costo_totale\":\"42\",\"quantita\":\"2\"},\"passaggioPedonale\":{\"porta_pedonale\":{\"codice\":\"SZ\\/PPSS\",\"sconto\":\"50\",\"descrizione\":\"Porta pedonale senza scalino inferiore (soglia ribassata) completa di serratura con cilindro tipo yale, maniglia interna\\/esterna, chiudiporta e micro di sicurezza su quattro\\/cinque pannelli passaggio netto L.900mm\",\"um\":\"NR\",\"costo\":\"1630\",\"totale_non_scontato\":\"1630\",\"costo_totale\":\"815\",\"quantita\":\"1\"},\"maniglione\":{\"codice\":\"SZ\\/MNGL\",\"sconto\":\"50\",\"um\":\"NR\",\"descrizione\":\"Maniglione antipanico a leva applicato su porta pedonale\",\"costo\":\"195\",\"totale_non_scontato\":\"195\",\"costo_totale\":\"97.5\",\"quantita\":\"1\"}},\"sistemaChiusura\":{\"codice\":\"SZ\\/SRALL\",\"um\":\"NR\",\"costo\":\"145\",\"descrizione\":\"Serratura completa di cilindro tipo yale con chiusura interna ed esterna colore  ALLUMINIO\",\"sconto\":\"50\",\"totale_non_scontato\":\"145\",\"costo_totale\":\"72.5\",\"quantita\":\"1\"},\"motorizzazione\":{\"codice\":\"SZ\\/MT60BC\",\"sconto\":\"50\",\"descrizione\":\"Kit motorizzazione 600N con nr. 1 Trasmettitore Bicanale\",\"um\":\"NR\",\"costo\":\"410\",\"optional\":[{\"codice\":\"SZ\\/TXBC\",\"costo\":\"38\",\"descrizione\":\"Trasmettitore bicanale aggiuntivo\",\"sconto\":\"0\",\"quantita\":\"1\",\"etichetta_extra_costi\":\"0\",\"totale_non_scontato\":\"38\",\"costo_totale\":\"19\",\"quantita_tot\":\"1\"},{\"codice\":\"SZ\\/LAMP\",\"costo\":\"50\",\"descrizione\":\"Lampeggiante di segnalazione\",\"sconto\":\"0\",\"quantita\":\"1\",\"etichetta_extra_costi\":\"1\",\"totale_non_scontato\":\"50\",\"costo_totale\":\"25\",\"quantita_tot\":\"1\"}],\"totale_non_scontato\":\"410\",\"costo_totale\":\"205\",\"quantita\":\"1\",\"costo_totale_con_optional\":\"249\"}},\"id\":\"1535711685968\",\"prodotto\":{\"codice\":\"R100\\/RAL\",\"descrizione\":\"Rigato R100 RAL standard\",\"colorazione\":\"6005\",\"costo\":\"1471\",\"sconto\":\"50\",\"um\":\"MQ\",\"quantita\":\"1\",\"totale_non_scontato\":\"1471\",\"costo_totale\":\"735.5\",\"mq\":\"5.27\",\"quantitaUnitaria\":\"1\"},\"totale\":\"4842.72\",\"totaleScontato\":\"2421.36\"}', 1, 4842.72, 2421.36, 'aaa', 1),
('d3h2x7j4j8o7m0g2x7y1535710970000', '1535710970', '{\"indietro\":\"false\",\"currentStep\":\"10\",\"validita\":\"true\",\"modifica\":{\"boo\":\"false\",\"id\":\"\"},\"riferimento\":\"aaa\",\"porta\":{\"L\":\"2290\",\"H\":\"2300\"},\"foroMuro\":{\"L\":\"2500\",\"H\":\"2510\"},\"molle\":\"0\",\"ingombro\":{\"up\":{\"m\":\"20\",\"boo\":\"1\",\"in_luce\":\"0\",\"altezzaSuolo\":\"2330\"},\"dx\":{\"m\":\"0\",\"boo\":\"1\",\"in_luce\":\"1\"},\"sx\":{\"m\":\"20\",\"boo\":\"1\",\"in_luce\":\"0\"}},\"tipologia\":\"Sezionale\",\"struttura\":{\"up\":{\"m\":\"180\",\"boo\":\"1\"},\"dx\":{\"m\":\"100\",\"boo\":\"0\"},\"sx\":{\"m\":\"80\",\"boo\":\"1\"}},\"accessori\":{\"struttura\":{\"veletta\":{\"codice\":\"SZ\\/IRVL\",\"costo\":\"18\",\"um\":\"ML\",\"descrizione\":\"Extra veletta in rete\",\"height\":{\"m\":\"180\",\"boo\":\"1\"},\"totale_non_scontato\":\"41.22\",\"costo_totale\":\"20.61\",\"ml\":\"2.29\",\"quantita\":\"1\"},\"spallettaSX\":{\"codice\":\"SZ\\/SPLLFL\",\"costo\":\"45\",\"um\":\"ML\",\"descrizione\":\"Spalletta laterale in tubolare zincato rivestita in lamiera plastificata Finto legno simile a portone\",\"height\":{\"m\":\"180\",\"boo\":\"1\"},\"totale_non_scontato\":\"103.49999999999999\",\"costo_totale\":\"51.74999999999999\",\"ml\":\"2.3\",\"quantita\":\"1\"},\"spallettaDX\":\"\",\"sconto\":\"50\"},\"sistemaRifinitura\":{\"codice\":\"SZ\\/KCPFL\",\"costo\":\"15\",\"um\":\"NR\",\"descrizione\":\"Kit coprifili di compensazione in lamiera finto legno pressopiegata simile a portone\",\"totale\":\"45\",\"up\":\"sciolto\",\"sx\":\"sciolto\",\"dx\":\"sciolto\",\"sconto\":\"50\",\"totale_non_scontato\":\"45\",\"costo_totale\":\"22.5\",\"quantita\":\"1\",\"quantita_tot\":\"3\"},\"molle\":{\"articoli\":[{\"codice\":\"SZ\\/ML00\",\"costo\":\"0\",\"descrizione\":\"Molle di compensazione garantita per 20.000 cicli\",\"um\":\"NR\",\"totale_non_scontato\":\"0\",\"costo_totale\":\"0\",\"quantita\":\"1\"}],\"sconto\":\"50\"},\"oblo\":{\"codice\":\"SZ\\/OBLO7232\",\"costo\":\"175\",\"sezioni\":{\"sezione1\":\"2\",\"sezione2\":\"0\",\"sezione3\":\"0\",\"sezione4\":\"0\",\"sezione5\":\"0\",\"sezione6\":\"0\"},\"sconto\":\"50\",\"totale_non_scontato\":\"350\",\"costo_totale\":\"175\",\"quantita\":\"2\"},\"griglie\":{\"codice\":\"SZ\\/GRN\",\"costo\":\"42\",\"sezioni\":{\"sezione1\":\"0\",\"sezione2\":\"2\",\"sezione3\":\"0\",\"sezione4\":\"0\",\"sezione5\":\"0\",\"sezione6\":\"0\"},\"sconto\":\"50\",\"totale_non_scontato\":\"84\",\"costo_totale\":\"42\",\"quantita\":\"2\"},\"passaggioPedonale\":{\"porta_pedonale\":{\"codice\":\"SZ\\/PPSS\",\"sconto\":\"50\",\"apertura\":\"sx\",\"posizione\":\"centrale\",\"costo\":\"1630\",\"totale_non_scontato\":\"1630\",\"costo_totale\":\"815\",\"quantita\":\"1\"},\"maniglione\":{\"codice\":\"SZ\\/MNGL\",\"sconto\":\"50\",\"costo\":\"195\",\"totale_non_scontato\":\"195\",\"costo_totale\":\"97.5\",\"quantita\":\"1\"}},\"sistemaChiusura\":{\"codice\":\"SZ\\/SRALL\",\"um\":\"NR\",\"costo\":\"145\",\"descrizione\":\"Serratura completa di cilindro tipo yale con chiusura interna ed esterna colore  ALLUMINIO\",\"sconto\":\"50\",\"totale_non_scontato\":\"145\",\"costo_totale\":\"72.5\",\"quantita\":\"1\"},\"motorizzazione\":{\"codice\":\"SZ\\/MT60BC\",\"sconto\":\"20\",\"costo\":\"410\",\"optional\":[{\"codice\":\"SZ\\/SBLEST\",\"costo\":\"50\",\"sconto\":\"0\",\"quantita\":\"1\",\"etichetta_extra_costi\":\"0\",\"totale_non_scontato\":\"50\",\"costo_totale\":\"40\",\"quantita_tot\":\"1\"},{\"codice\":\"SZ\\/LAMP\",\"costo\":\"50\",\"sconto\":\"0\",\"quantita\":\"1\",\"etichetta_extra_costi\":\"1\",\"totale_non_scontato\":\"50\",\"costo_totale\":\"40\",\"quantita_tot\":\"1\"}],\"totale_non_scontato\":\"410\",\"costo_totale\":\"328\",\"quantita\":\"1\",\"costo_totale_con_optional\":\"408\"}},\"id\":\"1535710871702\",\"prodotto\":{\"codice\":\"R100\\/LEGNO\",\"colorazione\":\"Legno chiaro\",\"costo\":\"1541\",\"sconto\":\"50\",\"quantita\":\"1\",\"totale_non_scontato\":\"1541\",\"costo_totale\":\"770.5\",\"mq\":\"5.27\",\"quantitaUnitaria\":\"1\"},\"totale\":\"4644.72\",\"totaleScontato\":\"2475.36\"}', 1, 4644.72, 2475.36, 'aaa', 1),
('d4s0k8k2q3k3u6g4e4i1533802809000', '1533802809', '{\"indietro\":\"false\",\"currentStep\":\"11\",\"validita\":\"true\",\"modifica\":{\"boo\":\"false\",\"id\":\"\"},\"riferimento\":\"LOR\",\"porta\":{\"L\":\"2380\",\"H\":\"2480\"},\"foroMuro\":{\"L\":\"2400\",\"H\":\"2500\"},\"ingombro\":{\"up\":\"0\",\"dx\":\"0\",\"sx\":\"0\"},\"famiglia\":\"ST\",\"accessori\":{\"sistemaChiusura\":{\"codice\":\"B\\/SERRSING\",\"costo\":\"35\",\"descrizione\":\"Serratura singola con cilindro tipo yale completa di manigliera\",\"um\":\"NR\",\"L\":\"\",\"H\":\"\",\"totale\":\"\",\"sconto\":\"20\",\"costo_totale\":\"280\",\"totale_non_scontato\":\"350\",\"quantita\":\"10\"},\"sistemaRifinitura\":{\"codice\":\"B\\/COPST\",\"costo\":\"11.666666666666666\",\"descrizione\":\"Kit coprifilo ad L da 58x20mm con bordo antigliato (solo per modello ST)\",\"um\":\"NR\",\"sconto\":\"20\",\"quantita\":\"10\",\"totale\":\"0\",\"costo_totale\":\"186.66666666666666\",\"up\":\"sciolto\",\"sx\":\"\",\"dx\":\"sciolto\",\"totale_non_scontato\":\"233.33333333333331\",\"quantita_tot\":\"20\"},\"verniciatura\":{\"codice\":\"RAL1013\",\"sconto\":\"20\",\"fascia\":\"001\",\"vernici\":[{\"codice\":\"VR\\/BF1\",\"costo\":\"35\",\"tipo\":\"basculante\",\"L\":\"2380\",\"H\":\"2480\",\"descrizione\":\"standard fascia 1\",\"um\":\"MQ\",\"totale\":\"6\",\"costo_totale\":\"1680\",\"sconto\":\"20\",\"mq\":\"6\",\"quantita\":\"10\",\"totale_non_scontato\":\"2100\"},{\"codice\":\"VR\\/COPST\",\"costo\":\"10\",\"tipo\":\"coprifilo\",\"descrizione\":\"KIT ST Coprifilo\",\"um\":\"NR\",\"costo_totale\":\"160\",\"sconto\":\"20\",\"mq\":\"1\",\"quantita\":\"20\",\"totale_non_scontato\":\"200\"}],\"costo_totale\":\"0\"}},\"molle\":\"\",\"debordatura\":\"debordante\",\"versione\":{\"codice\":\"8\\/10\",\"nome\":\"8\\/10 (0,8mm)\",\"validita\":\"true\"},\"sottoversione\":{\"codice\":\"F\\/C8\",\"nome\":\"File di cappette n. 8\",\"fileSuperiori\":\"4\",\"fileInferiori\":\"4\",\"numero\":\"8\"},\"totale\":\"7323.333333333333\",\"prodotto\":{\"codice\":\"B\\/ST8Z8\",\"costo\":\"74\",\"sconto\":\"20\",\"quantita\":\"10\",\"quantitaUnitaria\":\"10\",\"costo_totale\":\"3552\",\"descrizione\":\"Modello ST 8\\/10 zincato con anta con 8 file di asole\\/cappette (Lmax 3400 mm x Hmax 2600 mm)\",\"totale_non_scontato\":\"4440\",\"mq\":\"6\"},\"id\":\"1533802542347\",\"tipologia\":\"Basculante\",\"totaleScontato\":\"5858.666666666666\"}', 10, 7323.33, 5858.67, 'LOR', 1),
('e2h5d3r1v5m1h8g1e3s1537854515000', '1537854515', '{\"indietro\":false,\"currentStep\":11,\"validita\":true,\"modifica\":{\"boo\":false,\"id\":null},\"riferimento\":\"abc\",\"porta\":{\"L\":2440,\"H\":2620},\"foroMuro\":{\"L\":2600,\"H\":2800},\"molle\":0,\"ingombro\":{\"up\":{\"m\":20,\"boo\":1,\"in_luce\":0,\"altezzaSuolo\":2640},\"dx\":{\"m\":20,\"boo\":1,\"in_luce\":0},\"sx\":{\"m\":20,\"boo\":1,\"in_luce\":0}},\"tipologia\":\"Sezionale\",\"struttura\":{\"up\":{\"m\":180,\"boo\":1},\"dx\":{\"m\":80,\"boo\":1},\"sx\":{\"m\":80,\"boo\":1}},\"accessori\":{\"struttura\":{\"veletta\":{\"codice\":\"SZ/VL20RAL\",\"costo\":90,\"um\":\"ML\",\"descrizione\":\"Veletta in lamiera zincata pressopiegata sp. 2 mm verniciatura a polveri nel colore Ral simile al portone\",\"extra\":{\"codice\":\"SZ/FRVL\",\"costo\":18,\"um\":\"ML\",\"descrizione\":\"Extra per foratura veletta H 200\",\"tipo_foratura\":\"Foratura a rombi 20x20\",\"totale_non_scontato\":43.92,\"costo_totale\":43.92,\"ml\":2.44,\"quantita\":1},\"totale_non_scontato\":219.6,\"costo_totale\":219.6,\"ml\":2.44,\"quantita\":1},\"spallettaSX\":{\"codice\":\"SZ/SPLLRAL\",\"costo\":45,\"um\":\"ML\",\"descrizione\":\"Spalletta laterale in tubolare zincato verniciatura a polveri nel colore Ral simile al portone\",\"height\":{\"m\":180,\"boo\":1},\"totale_non_scontato\":125.99999999999999,\"costo_totale\":125.99999999999999,\"ml\":2.8,\"quantita\":1},\"spallettaDX\":{\"codice\":\"SZ/SPLLRAL\",\"costo\":45,\"um\":\"ML\",\"descrizione\":\"Spalletta laterale in tubolare zincato verniciatura a polveri nel colore Ral simile al portone\",\"height\":{\"m\":180,\"boo\":1},\"totale_non_scontato\":125.99999999999999,\"costo_totale\":125.99999999999999,\"ml\":2.8,\"quantita\":1},\"sconto\":0},\"sistemaRifinitura\":{\"codice\":\"SZ/KCPRAL\",\"costo\":15,\"um\":\"NR\",\"descrizione\":\"Kit coprifili di compensazione in lamiera zincata pressopiegata vernicati a polveri nel colore RAL simile al portone\",\"totale\":45,\"up\":\"sciolto\",\"sx\":\"sciolto\",\"dx\":\"sciolto\",\"sconto\":0,\"totale_non_scontato\":45,\"costo_totale\":45,\"quantita\":1,\"quantita_tot\":3},\"molle\":{\"articoli\":[{\"codice\":\"SZ/ML100\",\"costo\":280,\"descrizione\":\"Extra per molle di compensazione maggiorate per 100.000 cicli\",\"um\":\"NR\",\"totale_non_scontato\":280,\"costo_totale\":280,\"quantita\":1}],\"sconto\":0},\"passaggioPedonale\":{\"porta_pedonale\":{\"codice\":\"SZ/PPSS\",\"sconto\":0,\"descrizione\":\"Porta pedonale senza scalino inferiore (soglia ribassata) completa di serratura con cilindro tipo yale, maniglia interna/esterna, chiudiporta e micro di sicurezza su quattro/cinque pannelli passaggio netto L.900mm\",\"um\":\"NR\",\"apertura\":\"dx\",\"posizione\":\"centrale\",\"costo\":1630,\"totale_non_scontato\":1630,\"costo_totale\":1630,\"quantita\":1},\"maniglione\":{\"codice\":\"SZ/MNGP\",\"sconto\":0,\"um\":\"NR\",\"descrizione\":\"Maniglione antipanico tipo push applicato su porta pedonale\",\"costo\":245,\"totale_non_scontato\":245,\"costo_totale\":245,\"quantita\":1}},\"sistemaChiusura\":{\"codice\":\"SZ/CHV\",\"um\":\"NR\",\"costo\":25,\"descrizione\":\"Chiavistello interno di sicurezza\",\"sconto\":0,\"totale_non_scontato\":25,\"costo_totale\":25,\"quantita\":1},\"motorizzazione\":{\"codice\":\"SZ/MT60QD\",\"sconto\":0,\"descrizione\":\"KIT motorizzazione 600N con nr. 1 Trasmettitore Quadricanale\",\"um\":\"NR\",\"costo\":430,\"optional\":[{\"codice\":\"SZ/SELPAR\",\"costo\":33,\"descrizione\":\"Selettore esterno a parete\",\"sconto\":0,\"quantita\":\"1\",\"etichetta_extra_costi\":1,\"totale_non_scontato\":33,\"costo_totale\":33,\"quantita_tot\":1}],\"totale_non_scontato\":430,\"costo_totale\":430,\"quantita\":1,\"costo_totale_con_optional\":463}},\"id\":1537854378064,\"prodotto\":{\"codice\":\"R100/RAL\",\"descrizione\":\"Sezionale residenziale mod. rigato R100 RAL standard 7016\",\"modello\":\"RAL\",\"colorazione\":\"7016\",\"costo\":1606,\"sconto\":0,\"um\":\"NR\",\"quantita\":1,\"totale_non_scontato\":1606,\"costo_totale\":1606,\"mq\":6.39,\"quantitaUnitaria\":1},\"totale\":4809.52,\"totaleScontato\":4809.52}', 1, 4809.52, 4809.52, 'abc', 1),
('f7m7u0f8s9t3u9l6m4l1535576481000', '1535576481', '{\"indietro\":false,\"currentStep\":11,\"validita\":true,\"modifica\":{\"boo\":false,\"id\":null},\"riferimento\":\"aaa\",\"porta\":{\"L\":2450,\"H\":2400},\"foroMuro\":{\"L\":2450,\"H\":2400},\"ingombro\":{\"up\":20,\"dx\":0,\"sx\":20},\"famiglia\":\"ST\",\"accessori\":{\"sistemaChiusura\":{\"codice\":\"B/SERRSING\",\"costo\":35,\"descrizione\":\"Serratura singola con cilindro tipo yale completa di manigliera\",\"um\":\"NR\",\"L\":\"\",\"H\":\"\",\"totale\":\"\",\"sconto\":0,\"costo_totale\":70,\"totale_non_scontato\":70,\"quantita\":2},\"sistemaRifinitura\":{\"codice\":\"B/COPST\",\"costo\":11.666666666666666,\"descrizione\":\"Kit coprifilo ad L da 58x20mm con bordo antigliato (solo per modello ST)\",\"um\":\"NR\",\"sconto\":0,\"quantita\":2,\"totale\":0,\"costo_totale\":23.333333333333332,\"up\":null,\"sx\":null,\"dx\":\"sciolto\",\"totale_non_scontato\":23.333333333333332,\"quantita_tot\":2},\"passaggioPedonale\":{\"posizione\":\"CN\",\"um\":\"NR\",\"sconto\":0,\"codice\":\"B/PPCN120\",\"costo\":700,\"costo_totale\":1400,\"descrizione\":\"Passaggio pedonale centrale L.1200mm completo di maniglione antipanico a leva, serratura, maniglia e cilindro tipo yale (con scalino inferiore)\",\"apertura\":\"dx\",\"totale_non_scontato\":1400,\"quantita\":2},\"motorizzazione\":{\"codice\":\"B/MOTACCOP\",\"costo\":2120,\"um\":\"NR\",\"sconto\":0,\"descrizione\":\"Motorizzazione accoppiata completa di centrale elettronica e ricevente, selettore a parete, lampeggiante, trasmettitore bicanale e costa meccanica di sicurezza\",\"costo_totale\":4240,\"optional\":[{\"codice\":\"B/TX2\",\"costo\":38,\"um\":\"NR\",\"quantita\":2,\"descrizione\":\"Trasmettitore bicanale aggiuntivo\",\"sconto\":0,\"costo_totale\":152,\"totale_non_scontato\":152,\"quantita_tot\":4}],\"totale_non_scontato\":4240,\"quantita\":2,\"costo_totale_con_optional\":4392},\"verniciatura\":{\"codice\":\"RAL1013\",\"sconto\":0,\"fascia\":\"001\",\"vernici\":[{\"codice\":\"VR/BF1\",\"costo\":35,\"tipo\":\"basculante\",\"L\":2450,\"H\":2400,\"descrizione\":\"standard fascia 1\",\"um\":\"MQ\",\"totale\":6,\"costo_totale\":420,\"sconto\":0,\"mq\":6,\"quantita\":2,\"totale_non_scontato\":420},{\"codice\":\"VR/COPST\",\"costo\":10,\"tipo\":\"coprifilo\",\"descrizione\":\"KIT ST Coprifilo\",\"um\":\"NR\",\"costo_totale\":20,\"sconto\":0,\"mq\":1,\"quantita\":2,\"totale_non_scontato\":20}],\"costo_totale\":0}},\"molle\":null,\"debordatura\":\"non debordante\",\"versione\":{\"codice\":\"6/10\",\"nome\":\"6/10 (0,6mm)\",\"validita\":true},\"sottoversione\":{\"codice\":\"F/A12\",\"nome\":\"File di asole n. 12\",\"fileSuperiori\":6,\"fileInferiori\":6,\"numero\":12},\"totale\":7597.333333333333,\"prodotto\":{\"codice\":\"B/ST6Z12ND\",\"costo\":106,\"sconto\":0,\"quantita\":2,\"quantitaUnitaria\":2,\"costo_totale\":1272,\"descrizione\":\"Modello ST 6/10 zincato non debordante con anta con 12 file di asole/coppette (Lmax 3400 mm x Hmax 2600 mm)\",\"totale_non_scontato\":1272,\"mq\":6},\"id\":1535576427921,\"tipologia\":\"Basculante\",\"totaleScontato\":7597.333333333333}', 2, 7597.33, 7597.33, 'aaa', 1),
('h8v5e1p2o8t1k9o8s1q1539968843000', '1539968843', '{\"indietro\":\"false\",\"currentStep\":\"5\",\"apertura\":\"a tirare\",\"validita\":\"true\",\"modifica\":{\"boo\":\"false\",\"id\":\"\"},\"riferimento\":\"asd\",\"porta\":{\"L\":\"900\",\"H\":\"2150\"},\"tipologia\":\"PortaCantina\",\"areazione\":\"Cieca\",\"accessori\":{\"sopraluce\":{\"codice\":\"PC\\/SOPRT30\",\"codice2\":\"0\",\"costo\":\"60\",\"descrizione\":\"Sopraluce in rete zincata 10x10mm con telaio in lamiera zincata Hmax 300mm\",\"H\":\"200\",\"L\":\"900\",\"um\":\"ML\",\"totale\":\"0.9\",\"costo_totale\":\"30\",\"sconto\":\"50\",\"totale_non_scontato\":\"60\",\"quantita\":\"1\"}},\"totale\":\"189\",\"prodotto\":{\"codice\":\"PC\\/L90215T\",\"costo\":\"129\",\"sconto\":\"50\",\"quantita\":\"1\",\"quantitaSX\":\"1\",\"quantitaDX\":\"0\",\"costo_totale\":\"64.5\",\"descrizione\":\"Modello light L.900xH.2150 con apertura a tirare (vista esterna) in lamiera zincata\",\"totale_non_scontato\":\"129\"},\"id\":\"1539968821729\",\"totaleScontato\":\"94.5\"}', 1, 189, 94.5, 'asd', 1),
('k8x1o9m0w8x9x9z8l0w1535663409000', '1535663409', '{\"indietro\":false,\"currentStep\":11,\"validita\":true,\"modifica\":{\"boo\":true,\"id\":180830110700},\"riferimento\":\"A00\",\"porta\":{\"L\":2500,\"H\":2230},\"foroMuro\":{\"L\":2520,\"H\":2500},\"ingombro\":{\"up\":0,\"dx\":0,\"sx\":0},\"famiglia\":\"ST\",\"accessori\":{\"sopraluce\":{\"H\":\"260\",\"codice\":\"B/SPLMFR30\",\"um\":\"ML\",\"costo\":40,\"descrizione\":\"Sopraluce forato Hmax 300mm in lamiera zincata sp. 1.5mm\",\"L\":2500,\"sconto\":50,\"totale\":2.5,\"costo_totale\":50,\"totale_non_scontato\":100,\"quantita\":1,\"ml\":2.5},\"sistemaChiusura\":{\"codice\":\"B/SERRSING\",\"costo\":35,\"descrizione\":\"Serratura singola con cilindro tipo yale completa di manigliera\",\"um\":\"NR\",\"L\":\"\",\"H\":\"\",\"totale\":\"\",\"sconto\":50,\"costo_totale\":17.5,\"totale_non_scontato\":35,\"quantita\":1},\"sistemaRifinitura\":{\"codice\":\"B/COPST\",\"costo\":11.666666666666666,\"descrizione\":\"Kit coprifilo ad L da 58x20mm con bordo antigliato (solo per modello ST)\",\"um\":\"NR\",\"sconto\":50,\"quantita\":1,\"totale\":0,\"costo_totale\":17.5,\"up\":\"sciolto\",\"sx\":\"sciolto\",\"dx\":\"sciolto\",\"totale_non_scontato\":35,\"quantita_tot\":3},\"passaggioPedonale\":{\"posizione\":\"CN\",\"um\":\"NR\",\"sconto\":50,\"codice\":\"B/PPCN\",\"costo\":275,\"costo_totale\":137.5,\"descrizione\":\"Passaggio pedonale centrale completo di serratura, maniglia e cilindro tipo yale (con scalino inferiore)\",\"apertura\":\"dx\",\"totale_non_scontato\":275,\"quantita\":1},\"motorizzazione\":{\"codice\":\"B/MOTACCOP\",\"costo\":2120,\"um\":\"NR\",\"sconto\":50,\"descrizione\":\"Motorizzazione accoppiata completa di centrale elettronica e ricevente, selettore a parete, lampeggiante, trasmettitore bicanale e costa meccanica di sicurezza\",\"costo_totale\":1060,\"optional\":[{\"codice\":\"B/TX2\",\"costo\":38,\"um\":\"NR\",\"quantita\":1,\"descrizione\":\"Trasmettitore bicanale aggiuntivo\",\"sconto\":50,\"costo_totale\":19,\"totale_non_scontato\":38,\"quantita_tot\":1}],\"totale_non_scontato\":2120,\"quantita\":1,\"costo_totale_con_optional\":1079},\"verniciatura\":{\"codice\":\"RAL1013\",\"sconto\":50,\"fascia\":\"001\",\"vernici\":[{\"codice\":\"VR/BF1\",\"costo\":35,\"tipo\":\"basculante\",\"L\":2500,\"H\":2230,\"descrizione\":\"standard fascia 1\",\"um\":\"MQ\",\"totale\":6,\"costo_totale\":105,\"sconto\":50,\"mq\":6,\"quantita\":1,\"totale_non_scontato\":210},{\"codice\":\"VR/SP30\",\"costo\":12,\"tipo\":\"sopraluce\",\"L\":2500,\"H\":2230,\"totale\":2.23,\"descrizione\":\"Sopraluce altezza massima 300 mm\",\"um\":\"ML\",\"costo_totale\":15,\"sconto\":50,\"mq\":2.5,\"quantita\":1,\"totale_non_scontato\":30},{\"codice\":\"VR/COPST\",\"costo\":10,\"tipo\":\"coprifilo\",\"descrizione\":\"KIT ST Coprifilo\",\"um\":\"NR\",\"costo_totale\":15,\"sconto\":50,\"mq\":1,\"quantita\":3,\"totale_non_scontato\":30}],\"costo_totale\":0}},\"molle\":\"\",\"debordatura\":\"debordante\",\"versione\":{\"codice\":\"6/10\",\"nome\":\"6/10 (0,6mm)\",\"validita\":\"true\"},\"sottoversione\":{\"codice\":\"A/C\",\"nome\":\"Anta cieca\",\"fileSuperiori\":\"\",\"fileInferiori\":\"\",\"numero\":0},\"totale\":3221,\"prodotto\":{\"codice\":\"B/ST6ZC\",\"costo\":58,\"sconto\":50,\"quantita\":1,\"quantitaUnitaria\":1,\"costo_totale\":174,\"descrizione\":\"Modello ST 6/10 zincato con anta cieca (Lmax 3400 x Hmax 2600)\",\"totale_non_scontato\":348,\"mq\":6},\"id\":20180830110700,\"tipologia\":\"Basculante\",\"totaleScontato\":1610.5}', 1, 3221, 1610.5, 'A00', 1),
('l0r3u8p0o6q0c6r0g9s1535709637000', '1535709637', '{\"indietro\":false,\"currentStep\":10,\"validita\":true,\"modifica\":{\"boo\":false,\"id\":null},\"riferimento\":\"aaa\",\"porta\":{\"L\":2290,\"H\":2300},\"foroMuro\":{\"L\":2500,\"H\":2510},\"molle\":0,\"ingombro\":{\"up\":{\"m\":20,\"boo\":1,\"in_luce\":0,\"altezzaSuolo\":2330},\"dx\":{\"m\":0,\"boo\":1,\"in_luce\":1},\"sx\":{\"m\":20,\"boo\":1,\"in_luce\":0}},\"tipologia\":\"Sezionale\",\"struttura\":{\"up\":{\"m\":180,\"boo\":1},\"dx\":{\"m\":100,\"boo\":0},\"sx\":{\"m\":80,\"boo\":1}},\"accessori\":{\"struttura\":{\"veletta\":{\"codice\":\"SZ/IRVL\",\"costo\":18,\"um\":\"ML\",\"descrizione\":\"Extra veletta in rete\",\"height\":{\"m\":180,\"boo\":1},\"totale_non_scontato\":41.22,\"costo_totale\":20.61,\"ml\":2.29,\"quantita\":1},\"spallettaSX\":{\"codice\":\"SZ/SPLLFL\",\"costo\":45,\"um\":\"ML\",\"descrizione\":\"Spalletta laterale in tubolare zincato rivestita in lamiera plastificata Finto legno simile a portone\",\"height\":{\"m\":180,\"boo\":1},\"totale_non_scontato\":103.49999999999999,\"costo_totale\":51.74999999999999,\"ml\":2.3,\"quantita\":1},\"spallettaDX\":null,\"sconto\":50},\"sistemaRifinitura\":{\"codice\":\"SZ/KCPFL\",\"costo\":15,\"um\":\"NR\",\"descrizione\":\"Kit coprifili di compensazione in lamiera finto legno pressopiegata simile a portone\",\"totale\":45,\"up\":\"sciolto\",\"sx\":\"sciolto\",\"dx\":\"sciolto\",\"sconto\":50,\"totale_non_scontato\":45,\"costo_totale\":22.5,\"quantita\":1,\"quantita_tot\":3},\"molle\":{\"articoli\":[{\"codice\":\"SZ/ML00\",\"costo\":0,\"descrizione\":\"Molle di compensazione garantita per 20.000 cicli\",\"um\":\"NR\",\"totale_non_scontato\":0,\"costo_totale\":0,\"quantita\":1}],\"sconto\":50},\"oblo\":{\"codice\":\"SZ/OBLO6634\",\"costo\":145,\"sezioni\":{\"sezione1\":2,\"sezione2\":0,\"sezione3\":0,\"sezione4\":0,\"sezione5\":0,\"sezione6\":0},\"sconto\":50,\"totale_non_scontato\":290,\"costo_totale\":145,\"quantita\":2},\"griglie\":{\"codice\":\"SZ/GRB\",\"costo\":42,\"sezioni\":{\"sezione1\":0,\"sezione2\":3,\"sezione3\":0,\"sezione4\":0,\"sezione5\":0,\"sezione6\":0},\"sconto\":50,\"totale_non_scontato\":126,\"costo_totale\":63,\"quantita\":3},\"passaggioPedonale\":{\"porta_pedonale\":{\"codice\":\"SZ/PPSS\",\"sconto\":90,\"apertura\":\"sx\",\"posizione\":\"centrale\",\"costo\":1630,\"totale_non_scontato\":1630,\"costo_totale\":163,\"quantita\":1},\"maniglione\":{\"codice\":\"SZ/MNGL\",\"sconto\":90,\"costo\":195,\"totale_non_scontato\":195,\"costo_totale\":19.5,\"quantita\":1}},\"sistemaChiusura\":{\"codice\":\"SZ/CHV\",\"um\":\"NR\",\"costo\":25,\"descrizione\":\"Chiavistello interno di sicurezza\",\"sconto\":50,\"totale_non_scontato\":25,\"costo_totale\":12.5,\"quantita\":1},\"motorizzazione\":{\"codice\":\"SZ/MT60BC\",\"sconto\":50,\"costo\":410,\"optional\":[{\"codice\":\"SZ/TXBC\",\"costo\":38,\"sconto\":0,\"quantita\":\"1\",\"etichetta_extra_costi\":0,\"totale_non_scontato\":38,\"costo_totale\":38,\"quantita_tot\":1}],\"totale_non_scontato\":410,\"costo_totale\":205,\"quantita\":1,\"costo_totale_con_optional\":243}},\"id\":1535709437340,\"prodotto\":{\"codice\":\"R100/LEGNO\",\"colorazione\":\"Legno chiaro\",\"costo\":1541,\"sconto\":50,\"quantita\":1,\"totale_non_scontato\":1541,\"costo_totale\":770.5,\"mq\":5.27,\"quantitaUnitaria\":1},\"totale\":4444.72,\"totaleScontato\":1511.3600000000001}', 1, 4444.72, 1511.36, 'aaa', 1),
('n1g5w0y7m4w1h3n1s7d1540043548000', '1540043548', '{\"indietro\":false,\"currentStep\":11,\"validita\":true,\"modifica\":{\"boo\":false,\"id\":null},\"riferimento\":\"asd\",\"porta\":{\"L\":2280,\"H\":2480},\"foroMuro\":{\"L\":2300,\"H\":2600},\"ingombro\":{\"up\":0,\"dx\":0,\"sx\":0},\"famiglia\":\"ST\",\"accessori\":{\"sopraluce\":{\"codice\":\"B/SPLM30\",\"um\":\"ML\",\"costo\":22,\"descrizione\":\"Sopraluce cieco Hmax 300mm in lamiera zincata sp. 1.5mm\",\"L\":2280,\"H\":110,\"tipoForatura\":\"\",\"totale\":2.28,\"costo_totale\":50.16,\"sconto\":0,\"totale_non_scontato\":50.16,\"quantita\":1,\"ml\":2.28},\"sistemaChiusura\":[{\"codice\":\"B/SERRSING\",\"costo\":35,\"descrizione\":\"Serratura singola con cilindro tipo yale completa di manigliera\",\"um\":\"NR\",\"totale\":\"\",\"sconto\":0,\"sconto_modified\":null,\"quantita\":1,\"costo_totale\":35,\"totale_non_scontato\":35,\"quantita_totale\":1},{\"codice\":\"B/SERRCINF\",\"costo\":100,\"descrizione\":\"Serratura centrale inferiore doppia mappa con chiusura laterale\",\"um\":\"NR\",\"totale\":\"\",\"sconto\":0,\"sconto_modified\":null,\"quantita\":1,\"costo_totale\":100,\"totale_non_scontato\":100,\"quantita_totale\":1}],\"sistemaRifinitura\":{\"codice\":\"B/COPST\",\"costo\":11.666666666666666,\"descrizione\":\"Kit coprifilo ad L da 58x20mm con bordo antigliato (solo per modello ST)\",\"um\":\"NR\",\"quantita\":1,\"sconto\":0,\"totale\":0,\"costo_totale\":35,\"up\":\"sciolto\",\"sx\":\"sciolto\",\"dx\":\"sciolto\",\"totale_non_scontato\":35,\"quantita_tot\":3},\"passaggioPedonale\":{\"posizione\":\"CN\",\"um\":\"NR\",\"sconto\":0,\"codice\":\"B/PPCN\",\"costo\":275,\"costo_totale\":275,\"descrizione\":\"Passaggio pedonale centrale completo di serratura, maniglia e cilindro tipo yale (con scalino inferiore)\",\"apertura\":\"dx\",\"totale_non_scontato\":275,\"quantita\":1},\"motorizzazione\":{\"codice\":\"B/MOTACCTXQUA\",\"costo\":2120,\"um\":\"NR\",\"descrizione\":\"Motorizzazione accoppiata completa di centrale elettronica e ricevente, lampeggiante, trasmettitore quadricanale e costa meccanica di sicurezza\",\"costo_totale\":2120,\"optional\":[{\"codice\":\"B/FOT\",\"costo\":75,\"um\":\"NR\",\"quantita\":1,\"descrizione\":\"Coppia di fotocellule (non obbligatorio)\",\"sconto\":0,\"costo_totale\":75,\"totale_non_scontato\":75,\"quantita_tot\":1}],\"sconto\":0,\"totale_non_scontato\":2120,\"quantita\":1,\"costo_totale_con_optional\":2195},\"verniciatura\":{\"codice\":\"RAL7035\",\"sconto\":0,\"fascia\":\"001\",\"vernici\":[{\"codice\":\"VR/BF1\",\"costo\":35,\"tipo\":\"basculante\",\"L\":2280,\"H\":2480,\"Qmin\":1,\"Qmax\":1,\"descrizione\":\"standard fascia 1\",\"um\":\"MQ\",\"totale\":6,\"costo_totale\":210,\"sconto\":0,\"selected\":true,\"mq\":6,\"quantita\":1,\"totale_non_scontato\":210},{\"codice\":\"VR/SP30\",\"costo\":12,\"tipo\":\"sopraluce\",\"L\":2280,\"H\":2480,\"totale\":2.48,\"descrizione\":\"Sopraluce altezza massima 300 mm\",\"um\":\"ML\",\"costo_totale\":27.36,\"sconto\":0,\"selected\":true,\"mq\":2.28,\"quantita\":1,\"totale_non_scontato\":27.36},{\"codice\":\"VR/COPST\",\"costo\":10,\"tipo\":\"coprifilo\",\"descrizione\":\"KIT ST Coprifilo\",\"um\":\"NR\",\"costo_totale\":30,\"sconto\":0,\"selected\":true,\"mq\":1,\"quantita\":3,\"totale_non_scontato\":30}],\"costo_totale\":0}},\"molle\":null,\"debordatura\":\"debordante\",\"versione\":{\"codice\":\"6/10\",\"nome\":\"6/10 (0,6mm)\",\"validita\":true,\"colorazione\":\"\",\"posizione\":\"\",\"modello_legno\":\"\",\"mordenzatura\":\"\"},\"sottoversione\":{\"codice\":\"A/C\",\"nome\":\"Anta cieca\",\"fileSuperiori\":null,\"fileInferiori\":null,\"numero\":0},\"totale\":3305.52,\"prodotto\":{\"codice\":\"B/ST6ZC\",\"costo\":58,\"sconto\":0,\"quantita\":1,\"quantitaUnitaria\":1,\"costo_totale\":348,\"descrizione\":\"Modello ST 6/10 zincato con anta cieca (Lmax 3400 x Hmax 2600)\",\"totale_non_scontato\":348,\"mq\":6},\"id\":1540043399177,\"tipologia\":\"Basculante\",\"totaleScontato\":3305.52}', 1, 3305.52, 3305.52, 'asd', 1),
('n2t7z7j2q3h3u1d5s4j1540031327000', '1540031327', '{\"indietro\":false,\"currentStep\":5,\"validita\":true,\"modifica\":{\"boo\":false,\"id\":null},\"ante\":1,\"riferimento\":\"asd\",\"porta\":{\"L\":800,\"H\":2050},\"tipologia\":\"PortaTagliafuoco\",\"accessori\":{\"sistemaChiusura\":{\"codice\":\"PR/EX\",\"descrizione\":\"Maniglione antip. EXUS (a leva)\",\"tipologia\":\"APP\",\"costo\":150,\"costo_totale\":150,\"um\":\"NR\",\"sconto\":0,\"totale_non_scontato\":150,\"quantita\":1,\"sconto_modified\":true},\"verniciatura\":{\"codice\":\"RAL7035\",\"fascia\":\"001\"}},\"totale\":475,\"prodotto\":{\"codice\":\"PR/802051A\",\"prezzo\":0,\"sconto\":0,\"quantita\":1,\"quantitaImballo\":1,\"quantitaDX\":0,\"quantitaSX\":0,\"totale\":0,\"descrizione\":\"Modello univer L.800xH.2050 mm ral 7035 (Foro Muro - 1 anta)\",\"costo\":325,\"costo_totale\":325,\"totale_non_scontato\":325},\"id\":1540029536577,\"totaleScontato\":475}', 1, 475, 475, 'asd', 1),
('n3s8v7y4g7f6s8i3y7g1533804203000', '1533804203', '{\"indietro\":false,\"currentStep\":11,\"validita\":true,\"modifica\":{\"boo\":true,\"id\":180809103410},\"riferimento\":\"LOR\",\"porta\":{\"L\":2380,\"H\":2480},\"foroMuro\":{\"L\":2400,\"H\":2500},\"ingombro\":{\"up\":0,\"dx\":0,\"sx\":0},\"famiglia\":\"ST\",\"accessori\":{\"sistemaChiusura\":{\"codice\":\"B/SERRSING\",\"costo\":35,\"descrizione\":\"Serratura singola con cilindro tipo yale completa di manigliera\",\"um\":\"NR\",\"L\":\"\",\"H\":\"\",\"totale\":\"\",\"sconto\":20,\"costo_totale\":280,\"totale_non_scontato\":350,\"quantita\":10},\"sistemaRifinitura\":{\"codice\":\"B/COPST\",\"costo\":11.666666666666666,\"descrizione\":\"Kit coprifilo ad L da 58x20mm con bordo antigliato (solo per modello ST)\",\"um\":\"NR\",\"sconto\":20,\"quantita\":10,\"totale\":0,\"costo_totale\":186.66666666666666,\"up\":\"sciolto\",\"sx\":null,\"dx\":\"sciolto\",\"totale_non_scontato\":233.33333333333331,\"quantita_tot\":20}},\"molle\":\"\",\"debordatura\":\"debordante\",\"versione\":{\"codice\":\"8/10\",\"nome\":\"8/10 (0,8mm)\",\"validita\":true},\"sottoversione\":{\"codice\":\"F/C4\",\"nome\":\"File di cappette n. 4\",\"fileSuperiori\":2,\"fileInferiori\":2,\"numero\":4},\"totale\":5023.333333333333,\"prodotto\":{\"codice\":\"B/ST8Z4\",\"costo\":74,\"sconto\":20,\"quantita\":10,\"quantitaUnitaria\":10,\"costo_totale\":3552,\"descrizione\":\"Modello ST 8/10 zincato con anta con 4 file di asole/cappette (Lmax 3400 mm x Hmax 2600 mm)\",\"totale_non_scontato\":4440,\"mq\":6},\"id\":20180809103410,\"tipologia\":\"Basculante\",\"totaleScontato\":4018.6666666666665}', 10, 5023.33, 4018.67, 'LOR', 1),
('n4c0l6d2m0g3a2f4h0n1535663409000', '1535663409', '{\"indietro\":false,\"currentStep\":11,\"validita\":true,\"modifica\":{\"boo\":false,\"id\":null},\"riferimento\":\"aaa\",\"porta\":{\"L\":2450,\"H\":2400},\"foroMuro\":{\"L\":2450,\"H\":2400},\"ingombro\":{\"up\":20,\"dx\":0,\"sx\":20},\"famiglia\":\"ST\",\"accessori\":{\"sistemaChiusura\":{\"codice\":\"B/SERRSING\",\"costo\":35,\"descrizione\":\"Serratura singola con cilindro tipo yale completa di manigliera\",\"um\":\"NR\",\"L\":\"\",\"H\":\"\",\"totale\":\"\",\"sconto\":0,\"costo_totale\":70,\"totale_non_scontato\":70,\"quantita\":2},\"sistemaRifinitura\":{\"codice\":\"B/COPST\",\"costo\":11.666666666667,\"descrizione\":\"Kit coprifilo ad L da 58x20mm con bordo antigliato (solo per modello ST)\",\"um\":\"NR\",\"sconto\":0,\"quantita\":2,\"totale\":0,\"costo_totale\":23.333333333333,\"up\":null,\"sx\":null,\"dx\":\"sciolto\",\"totale_non_scontato\":23.333333333333,\"quantita_tot\":2},\"passaggioPedonale\":{\"posizione\":\"CN\",\"um\":\"NR\",\"sconto\":0,\"codice\":\"B/PPCN120\",\"costo\":700,\"costo_totale\":1400,\"descrizione\":\"Passaggio pedonale centrale L.1200mm completo di maniglione antipanico a leva, serratura, maniglia e cilindro tipo yale (con scalino inferiore)\",\"apertura\":\"dx\",\"totale_non_scontato\":1400,\"quantita\":2},\"motorizzazione\":{\"codice\":\"B/MOTACCOP\",\"costo\":2120,\"um\":\"NR\",\"sconto\":0,\"descrizione\":\"Motorizzazione accoppiata completa di centrale elettronica e ricevente, selettore a parete, lampeggiante, trasmettitore bicanale e costa meccanica di sicurezza\",\"costo_totale\":4240,\"optional\":[{\"codice\":\"B/TX2\",\"costo\":38,\"um\":\"NR\",\"quantita\":2,\"descrizione\":\"Trasmettitore bicanale aggiuntivo\",\"sconto\":0,\"costo_totale\":152,\"totale_non_scontato\":152,\"quantita_tot\":4}],\"totale_non_scontato\":4240,\"quantita\":2,\"costo_totale_con_optional\":4392},\"verniciatura\":{\"codice\":\"RAL1013\",\"sconto\":0,\"fascia\":\"001\",\"vernici\":[{\"codice\":\"VR/BF1\",\"costo\":35,\"tipo\":\"basculante\",\"L\":2450,\"H\":2400,\"descrizione\":\"standard fascia 1\",\"um\":\"MQ\",\"totale\":6,\"costo_totale\":420,\"sconto\":0,\"mq\":6,\"quantita\":2,\"totale_non_scontato\":420},{\"codice\":\"VR/COPST\",\"costo\":10,\"tipo\":\"coprifilo\",\"descrizione\":\"KIT ST Coprifilo\",\"um\":\"NR\",\"costo_totale\":20,\"sconto\":0,\"mq\":1,\"quantita\":2,\"totale_non_scontato\":20}],\"costo_totale\":0}},\"molle\":null,\"debordatura\":\"non debordante\",\"versione\":{\"codice\":\"6/10\",\"nome\":\"6/10 (0,6mm)\",\"validita\":true},\"sottoversione\":{\"codice\":\"F/A12\",\"nome\":\"File di asole n. 12\",\"fileSuperiori\":6,\"fileInferiori\":6,\"numero\":12},\"totale\":7597.3333333333,\"prodotto\":{\"codice\":\"B/ST6Z12ND\",\"costo\":106,\"sconto\":0,\"quantita\":2,\"quantitaUnitaria\":2,\"costo_totale\":1272,\"descrizione\":\"Modello ST 6/10 zincato non debordante con anta con 12 file di asole/coppette (Lmax 3400 mm x Hmax 2600 mm)\",\"totale_non_scontato\":1272,\"mq\":6},\"id\":20180829111303,\"tipologia\":\"Basculante\",\"totaleScontato\":7597.3333333333}', 2, 7597.33, 7597.33, 'aaa', 1),
('n6r8h5g6r5l3r1v2w9r1540027682000', '1540027682', '{\"indietro\":false,\"currentStep\":5,\"validita\":true,\"modifica\":{\"boo\":false,\"id\":null},\"ante\":1,\"riferimento\":\"asd\",\"porta\":{\"L\":800,\"H\":2150},\"tipologia\":\"PortaTagliafuoco\",\"accessori\":{\"sistemaChiusura\":{\"codice\":\"PR/SL\",\"descrizione\":\"Maniglione antip. SLASH (push)\",\"tipologia\":\"APP\",\"costo\":193,\"costo_totale\":965,\"um\":\"NR\",\"sconto\":50,\"totale_non_scontato\":1930,\"quantita\":10,\"sconto_modified\":true},\"verniciatura\":{\"codice\":\"RAL7035\",\"fascia\":\"001\"}},\"totale\":5270,\"prodotto\":{\"codice\":\"PR/802151A\",\"prezzo\":0,\"sconto\":50,\"quantita\":10,\"quantitaImballo\":0,\"quantitaDX\":0,\"quantitaSX\":10,\"totale\":0,\"descrizione\":\"Modello univer L.800xH.2150 mm ral 7035 (Foro Muro - 1 anta)\",\"costo\":334,\"costo_totale\":1670,\"totale_non_scontato\":3340},\"id\":1540027610652,\"totaleScontato\":2635}', 10, 5270, 2635, 'asd', 1),
('q9q2n2h0y7a3m1a0e2o1539069802000', '1539069802', '{\"indietro\":false,\"currentStep\":11,\"validita\":true,\"modifica\":{\"boo\":false,\"id\":null},\"riferimento\":\"asd\",\"porta\":{\"L\":2220,\"H\":2400},\"foroMuro\":{\"L\":2400,\"H\":2600},\"molle\":0,\"ingombro\":{\"up\":{\"m\":0,\"boo\":1,\"in_luce\":1},\"dx\":{\"m\":0,\"boo\":1,\"in_luce\":1},\"sx\":{\"m\":20,\"boo\":1,\"in_luce\":0}},\"tipologia\":\"Sezionale\",\"struttura\":{\"up\":{\"m\":200,\"boo\":1},\"dx\":{\"m\":100,\"boo\":1},\"sx\":{\"m\":80,\"boo\":1}},\"accessori\":{\"struttura\":{\"veletta\":{\"codice\":\"SZ/VL20RAL\",\"costo\":70,\"um\":\"ML\",\"sconto\":0,\"descrizione\":\"Veletta in lamiera zincata pressopiegata sp. 2 mm verniciatura a polveri nel colore Ral simile al portone\",\"extra\":{\"codice\":\"SZ/CVL\",\"costo\":0,\"um\":\"ML\",\"descrizione\":\"Veletta cieca\",\"totale_non_scontato\":0,\"costo_totale\":0,\"ml\":2.22,\"quantita\":1},\"totale_non_scontato\":155.4,\"costo_totale\":155.4,\"ml\":2.22,\"quantita\":1},\"spallettaSX\":{\"codice\":\"SZ/SPLLRAL\",\"costo\":35,\"um\":\"ML\",\"descrizione\":\"Spalletta laterale in tubolare zincato verniciatura a polveri nel colore Ral simile al portone\",\"height\":{\"m\":200,\"boo\":1},\"totale_non_scontato\":91,\"costo_totale\":91,\"ml\":2.6,\"quantita\":1},\"spallettaDX\":{\"codice\":\"SZ/SPLLRAL\",\"costo\":35,\"um\":\"ML\",\"descrizione\":\"Spalletta laterale in tubolare zincato verniciatura a polveri nel colore Ral simile al portone\",\"height\":{\"m\":200,\"boo\":1},\"totale_non_scontato\":91,\"costo_totale\":91,\"ml\":2.6,\"quantita\":1},\"sconto\":0},\"sistemaRifinitura\":{\"codice\":\"SZ/KCPRAL\",\"costo\":15,\"um\":\"NR\",\"sconto\":0,\"descrizione\":\"Kit coprifili di compensazione in lamiera zincata pressopiegata vernicati a polveri nel colore RAL simile al portone\",\"totale\":45,\"up\":\"sciolto\",\"sx\":\"sciolto\",\"dx\":\"sciolto\",\"totale_non_scontato\":45,\"costo_totale\":45,\"quantita\":1,\"quantita_tot\":3},\"molle\":{\"articoli\":[{\"codice\":\"SZ/ML100\",\"costo\":280,\"descrizione\":\"Extra per molle di compensazione maggiorate per 100.000 cicli\",\"um\":\"NR\",\"totale_non_scontato\":280,\"costo_totale\":280,\"quantita\":1}],\"sconto\":0},\"passaggio_pedonale\":{\"porta_pedonale\":{\"codice\":\"SZ/PPSS\",\"sconto\":0,\"descrizione\":\"Porta pedonale senza scalino inferiore (soglia ribassata) completa di serratura con cilindro tipo yale, maniglia interna/esterna, chiudiporta e micro di sicurezza su quattro/cinque pannelli passaggio netto L.900mm\",\"um\":\"NR\",\"apertura\":\"dx\",\"posizione\":\"laterale a destra\",\"costo\":1630},\"maniglione\":{\"codice\":\"SZ/MNGP\",\"sconto\":0,\"um\":\"NR\",\"descrizione\":\"Maniglione antipanico tipo push applicato su porta pedonale\",\"costo\":245}},\"sistemaChiusura\":{\"codice\":\"SZ/CHV\",\"um\":\"NR\",\"costo\":25,\"sconto\":0,\"descrizione\":\"Chiavistello interno di sicurezza\",\"totale_non_scontato\":25,\"costo_totale\":25,\"quantita\":1},\"motorizzazione\":{\"codice\":\"SZ/MT60BC\",\"sconto\":50,\"descrizione\":\"Kit motorizzazione 600N con nr. 1 Trasmettitore Bicanale\",\"um\":\"NR\",\"costo\":410,\"optional\":[{\"codice\":\"SZ/TXBC\",\"costo\":38,\"descrizione\":\"Trasmettitore bicanale aggiuntivo\",\"sconto\":0,\"quantita\":\"1\",\"etichetta_extra_costi\":0,\"totale_non_scontato\":38,\"costo_totale\":19,\"quantita_tot\":1},{\"codice\":\"SZ/SBLEST\",\"costo\":50,\"descrizione\":\"Sblocco di emergenza per esterno con chiave\",\"sconto\":0,\"quantita\":\"1\",\"etichetta_extra_costi\":0,\"totale_non_scontato\":50,\"costo_totale\":25,\"quantita_tot\":1},{\"codice\":\"SZ/LAMP\",\"costo\":50,\"descrizione\":\"Lampeggiante di segnalazione\",\"sconto\":0,\"quantita\":\"1\",\"etichetta_extra_costi\":1,\"totale_non_scontato\":50,\"costo_totale\":25,\"quantita_tot\":1}],\"totale_non_scontato\":410,\"costo_totale\":205,\"quantita\":1,\"costo_totale_con_optional\":274}},\"id\":1539069553556,\"prodotto\":{\"codice\":\"R100/RAL\",\"descrizione\":\"Sezionale residenziale mod. rigato R100 RAL standard 7016\",\"modello\":\"RAL\",\"colorazione\":\"7016\",\"costo\":1434,\"sconto\":0,\"um\":\"NR\",\"quantita\":1,\"totale_non_scontato\":1434,\"costo_totale\":1434,\"mq\":5.33,\"quantitaUnitaria\":1},\"totale\":2669.4,\"totaleScontato\":2395.4}', 1, 2669.4, 2395.4, 'asd', 1),
('s2g5r2o0l3s2d6h7o2d1535721193000', '1535721193', '{\"indietro\":\"false\",\"currentStep\":\"10\",\"validita\":\"true\",\"modifica\":{\"boo\":\"false\",\"id\":\"\"},\"riferimento\":\"Aaa\",\"porta\":{\"L\":\"2280\",\"H\":\"2300\"},\"foroMuro\":{\"L\":\"2500\",\"H\":\"2510\"},\"molle\":\"0\",\"ingombro\":{\"up\":{\"m\":\"20\",\"boo\":\"1\",\"in_luce\":\"0\",\"altezzaSuolo\":\"2330\"},\"dx\":{\"m\":\"20\",\"boo\":\"1\",\"in_luce\":\"0\"},\"sx\":{\"m\":\"20\",\"boo\":\"1\",\"in_luce\":\"0\"}},\"tipologia\":\"Sezionale\",\"struttura\":{\"up\":{\"m\":\"180\",\"boo\":\"1\"},\"dx\":{\"m\":\"80\",\"boo\":\"1\"},\"sx\":{\"m\":\"80\",\"boo\":\"1\"}},\"accessori\":{\"struttura\":{\"veletta\":{\"codice\":\"SZ\\/IRVL\",\"costo\":\"18\",\"um\":\"ML\",\"descrizione\":\"Extra veletta in rete\",\"height\":{\"m\":\"180\",\"boo\":\"1\"},\"totale_non_scontato\":\"41.04\",\"costo_totale\":\"32.832\",\"ml\":\"2.28\",\"quantita\":\"1\"},\"spallettaSX\":{\"codice\":\"SZ\\/SPLLFL\",\"costo\":\"45\",\"um\":\"ML\",\"descrizione\":\"Spalletta laterale in tubolare zincato rivestita in lamiera plastificata Finto legno simile a portone\",\"height\":{\"m\":\"180\",\"boo\":\"1\"},\"totale_non_scontato\":\"103.49999999999999\",\"costo_totale\":\"82.79999999999998\",\"ml\":\"2.3\",\"quantita\":\"1\"},\"spallettaDX\":{\"codice\":\"SZ\\/SPLLFL\",\"costo\":\"45\",\"um\":\"ML\",\"descrizione\":\"Spalletta laterale in tubolare zincato rivestita in lamiera plastificata Finto legno simile a portone\",\"height\":{\"m\":\"180\",\"boo\":\"1\"},\"totale_non_scontato\":\"103.49999999999999\",\"costo_totale\":\"82.79999999999998\",\"ml\":\"2.3\",\"quantita\":\"1\"},\"sconto\":\"20\"},\"sistemaRifinitura\":{\"codice\":\"SZ\\/KCPFL\",\"costo\":\"15\",\"um\":\"NR\",\"descrizione\":\"Kit coprifili di compensazione in lamiera finto legno pressopiegata simile a portone\",\"totale\":\"30\",\"up\":\"sciolto\",\"sx\":\"\",\"dx\":\"sciolto\",\"sconto\":\"20\",\"totale_non_scontato\":\"30\",\"costo_totale\":\"24\",\"quantita\":\"1\",\"quantita_tot\":\"2\"},\"molle\":{\"articoli\":[{\"codice\":\"SZ\\/ML100\",\"costo\":\"280\",\"descrizione\":\"Extra per molle di compensazione maggiorate per 100.000 cicli\",\"um\":\"NR\",\"totale_non_scontato\":\"280\",\"costo_totale\":\"224\",\"quantita\":\"1\"}],\"sconto\":\"20\"},\"oblo\":{\"codice\":\"SZ\\/OBLO6634\",\"costo\":\"145\",\"descrizione\":\"Oblo ovale in materiale plastico con cornice nera Dim. 663x343mm\",\"um\":\"NR\",\"sezioni\":{\"sezione1\":\"2\",\"sezione2\":\"0\",\"sezione3\":\"0\",\"sezione4\":\"0\",\"sezione5\":\"0\",\"sezione6\":\"0\"},\"sconto\":\"20\",\"totale_non_scontato\":\"290\",\"costo_totale\":\"232\",\"quantita\":\"2\"},\"griglie\":{\"codice\":\"SZ\\/GRN\",\"costo\":\"42\",\"descrizione\":\"Griglia di aereazione in plastica nera Dim. L.344xH.138mm\",\"um\":\"NR\",\"sezioni\":{\"sezione1\":\"5\",\"sezione2\":\"0\",\"sezione3\":\"0\",\"sezione4\":\"0\",\"sezione5\":\"0\",\"sezione6\":\"0\"},\"sconto\":\"20\",\"totale_non_scontato\":\"210\",\"costo_totale\":\"168\",\"quantita\":\"5\"},\"passaggioPedonale\":{\"porta_pedonale\":{\"codice\":\"SZ\\/PPSS\",\"sconto\":\"20\",\"descrizione\":\"Porta pedonale senza scalino inferiore (soglia ribassata) completa di serratura con cilindro tipo yale, maniglia interna\\/esterna, chiudiporta e micro di sicurezza su quattro\\/cinque pannelli passaggio netto L.900mm\",\"um\":\"NR\",\"costo\":\"1630\",\"totale_non_scontato\":\"1630\",\"costo_totale\":\"1304\",\"quantita\":\"1\"},\"maniglione\":{\"codice\":\"SZ\\/MNGL\",\"sconto\":\"20\",\"um\":\"NR\",\"descrizione\":\"Maniglione antipanico a leva applicato su porta pedonale\",\"costo\":\"195\",\"totale_non_scontato\":\"195\",\"costo_totale\":\"156\",\"quantita\":\"1\"}},\"sistemaChiusura\":{\"codice\":\"SZ\\/SRALL\",\"um\":\"NR\",\"costo\":\"145\",\"descrizione\":\"Serratura completa di cilindro tipo yale con chiusura interna ed esterna colore  ALLUMINIO\",\"sconto\":\"20\",\"totale_non_scontato\":\"145\",\"costo_totale\":\"116\",\"quantita\":\"1\"},\"motorizzazione\":{\"codice\":\"SZ\\/MT60QD\",\"sconto\":\"20\",\"descrizione\":\"KIT motorizzazione 600N con nr. 1 Trasmettitore Quadricanale\",\"um\":\"NR\",\"costo\":\"430\",\"optional\":[{\"codice\":\"SZ\\/SELPAR\",\"costo\":\"33\",\"descrizione\":\"Selettore esterno a parete\",\"sconto\":\"0\",\"quantita\":\"1\",\"etichetta_extra_costi\":\"1\",\"totale_non_scontato\":\"33\",\"costo_totale\":\"26.4\",\"quantita_tot\":\"1\"},{\"codice\":\"SZ\\/CPPFT\",\"costo\":\"60\",\"descrizione\":\"Coppia di fotocellule\",\"sconto\":\"0\",\"quantita\":\"1\",\"etichetta_extra_costi\":\"1\",\"totale_non_scontato\":\"60\",\"costo_totale\":\"48\",\"quantita_tot\":\"1\"},{\"codice\":\"SZ\\/NOTH\",\"costo\":\"235\",\"descrizione\":\"Dispositivo di sicurezza No Touch\",\"sconto\":\"0\",\"quantita\":\"1\",\"etichetta_extra_costi\":\"0\",\"totale_non_scontato\":\"235\",\"costo_totale\":\"188\",\"quantita_tot\":\"1\"}],\"totale_non_scontato\":\"430\",\"costo_totale\":\"344\",\"quantita\":\"1\",\"costo_totale_con_optional\":\"606.4\"}},\"id\":\"1535721034130\",\"prodotto\":{\"codice\":\"R100\\/LEGNO\",\"descrizione\":\"Rigato R100 finto legno\",\"colorazione\":\"Legno chiaro\",\"costo\":\"1541\",\"sconto\":\"20\",\"um\":\"MQ\",\"quantita\":\"1\",\"totale_non_scontato\":\"1541\",\"costo_totale\":\"1232.8\",\"mq\":\"5.24\",\"quantitaUnitaria\":\"1\"},\"totale\":\"5327.04\",\"totaleScontato\":\"4261.632\"}', 1, 5327.04, 4261.63, 'Aaa', 1),
('u3d5b0b3v2z5c3w0c1r1533804203000', '1533804203', '{\"indietro\":false,\"currentStep\":5,\"apertura\":\"a tirare\",\"validita\":true,\"modifica\":{\"boo\":false,\"id\":null},\"riferimento\":\"PEP\",\"porta\":{\"L\":800,\"H\":2050},\"tipologia\":\"PortaCantina\",\"areazione\":\"Cieca\",\"accessori\":{},\"totale\":120,\"prodotto\":{\"codice\":\"PC/L80205T\",\"costo\":120,\"sconto\":25,\"quantita\":1,\"quantitaSX\":1,\"quantitaDX\":0,\"costo_totale\":90,\"descrizione\":\"Modello light L.800xH.2050 con apertura a tirare (vista esterna) in lamiera zincata\",\"totale_non_scontato\":120},\"id\":1533804160791,\"totaleScontato\":90}', 1, 120, 90, 'PEP', 1);
INSERT INTO `carrello` (`id`, `preventivo`, `descrizione`, `quantita`, `totale`, `totaleScontato`, `riferimento`, `tipologia`) VALUES
('w6q7y0y2s4v3v0m5n3a1537862224000', '1537862224', '{\"indietro\":false,\"currentStep\":11,\"validita\":true,\"modifica\":{\"boo\":true,\"id\":180925095541},\"riferimento\":\"001\",\"porta\":{\"L\":2800,\"H\":2800},\"foroMuro\":{\"L\":3000,\"H\":3000},\"molle\":0,\"ingombro\":{\"up\":{\"m\":0,\"boo\":1,\"in_luce\":1},\"dx\":{\"m\":0,\"boo\":1,\"in_luce\":1},\"sx\":{\"m\":0,\"boo\":1,\"in_luce\":1}},\"tipologia\":\"Sezionale\",\"struttura\":{\"up\":{\"m\":200,\"boo\":1},\"dx\":{\"m\":100,\"boo\":1},\"sx\":{\"m\":100,\"boo\":1}},\"accessori\":{\"struttura\":{\"veletta\":{\"codice\":\"SZ/VL20RAL\",\"costo\":90,\"um\":\"ML\",\"descrizione\":\"Veletta in lamiera zincata pressopiegata sp. 2 mm verniciatura a polveri nel colore Ral simile al portone\",\"extra\":{\"codice\":\"SZ/CVL\",\"costo\":0,\"um\":\"ML\",\"descrizione\":\"Veletta cieca\",\"totale_non_scontato\":0,\"costo_totale\":0,\"ml\":2.8,\"quantita\":1},\"totale_non_scontato\":251.99999999999997,\"costo_totale\":125.99999999999999,\"ml\":2.8,\"quantita\":1},\"spallettaSX\":{\"codice\":\"SZ/SPLLRAL\",\"costo\":45,\"um\":\"ML\",\"descrizione\":\"Spalletta laterale in tubolare zincato verniciatura a polveri nel colore Ral simile al portone\",\"height\":{\"m\":200,\"boo\":1},\"totale_non_scontato\":135,\"costo_totale\":67.5,\"ml\":3,\"quantita\":1},\"spallettaDX\":{\"codice\":\"SZ/SPLLRAL\",\"costo\":45,\"um\":\"ML\",\"descrizione\":\"Spalletta laterale in tubolare zincato verniciatura a polveri nel colore Ral simile al portone\",\"height\":{\"m\":200,\"boo\":1},\"totale_non_scontato\":135,\"costo_totale\":67.5,\"ml\":3,\"quantita\":1},\"sconto\":50},\"sistemaRifinitura\":{\"codice\":\"SZ/KCPRAL\",\"costo\":15,\"um\":\"NR\",\"descrizione\":\"Kit coprifili di compensazione in lamiera zincata pressopiegata vernicati a polveri nel colore RAL simile al portone\",\"totale\":45,\"up\":\"sciolto\",\"sx\":\"sciolto\",\"dx\":\"sciolto\",\"sconto\":50,\"totale_non_scontato\":45,\"costo_totale\":22.5,\"quantita\":1,\"quantita_tot\":3},\"molle\":{\"articoli\":[{\"codice\":\"SZ/ML00\",\"costo\":0,\"descrizione\":\"Molle di compensazione garantita per 20.000 cicli\",\"um\":\"NR\",\"totale_non_scontato\":0,\"costo_totale\":0,\"quantita\":1}],\"sconto\":50},\"oblo\":{\"codice\":\"SZ/OBLR4326\",\"costo\":115,\"descrizione\":\"Oblo rettangolare in materiale plastico con cornice nera Dim. L.430xH.265mm\",\"um\":\"NR\",\"sezioni\":{\"sezione1\":0,\"sezione2\":0,\"sezione3\":0,\"sezione4\":3,\"sezione5\":0,\"sezione6\":0},\"sconto\":50,\"totale_non_scontato\":345,\"costo_totale\":172.5,\"quantita\":3},\"griglie\":{\"codice\":\"SZ/GRB\",\"costo\":42,\"descrizione\":\"Griglia di areazione in plastica bianca Dim L.344xH.138mm\",\"um\":\"NR\",\"sezioni\":{\"sezione1\":3,\"sezione2\":0,\"sezione3\":0,\"sezione4\":0,\"sezione5\":0,\"sezione6\":0},\"sconto\":50,\"totale_non_scontato\":126,\"costo_totale\":63,\"quantita\":3},\"passaggioPedonale\":{\"porta_pedonale\":{\"codice\":\"SZ/PPSS\",\"sconto\":50,\"descrizione\":\"Porta pedonale senza scalino inferiore (soglia ribassata) completa di serratura con cilindro tipo yale, maniglia interna/esterna, chiudiporta e micro di sicurezza su quattro/cinque pannelli passaggio netto L.900mm\",\"um\":\"NR\",\"apertura\":\"dx\",\"posizione\":\"centrale\",\"costo\":1630,\"totale_non_scontato\":1630,\"costo_totale\":815,\"quantita\":1},\"maniglione\":{\"codice\":\"SZ/MNGL\",\"sconto\":50,\"um\":\"NR\",\"descrizione\":\"Maniglione antipanico a leva applicato su porta pedonale\",\"costo\":195,\"totale_non_scontato\":195,\"costo_totale\":97.5,\"quantita\":1}},\"sistemaChiusura\":{\"codice\":\"SZ/CHV\",\"um\":\"NR\",\"costo\":25,\"descrizione\":\"Chiavistello interno di sicurezza\",\"sconto\":50,\"totale_non_scontato\":25,\"costo_totale\":12.5,\"quantita\":1},\"motorizzazione\":{\"codice\":\"SZ/MT60BC\",\"sconto\":50,\"descrizione\":\"Kit motorizzazione 600N con nr. 1 Trasmettitore Bicanale\",\"um\":\"NR\",\"costo\":410,\"optional\":[{\"codice\":\"SZ/TXBC\",\"costo\":38,\"descrizione\":\"Trasmettitore bicanale aggiuntivo\",\"sconto\":0,\"quantita\":\"1\",\"etichetta_extra_costi\":0,\"totale_non_scontato\":38,\"costo_totale\":19,\"quantita_tot\":1},{\"codice\":\"SZ/SBLEST\",\"costo\":50,\"descrizione\":\"Sblocco di emergenza per esterno con chiave\",\"sconto\":0,\"quantita\":\"1\",\"etichetta_extra_costi\":0,\"totale_non_scontato\":50,\"costo_totale\":25,\"quantita_tot\":1},{\"codice\":\"SZ/LAMP\",\"costo\":50,\"descrizione\":\"Lampeggiante di segnalazione\",\"sconto\":0,\"quantita\":\"1\",\"etichetta_extra_costi\":1,\"totale_non_scontato\":50,\"costo_totale\":25,\"quantita_tot\":1},{\"codice\":\"SZ/SELPAR\",\"costo\":33,\"descrizione\":\"Selettore esterno a parete\",\"sconto\":0,\"quantita\":\"1\",\"etichetta_extra_costi\":1,\"totale_non_scontato\":33,\"costo_totale\":16.5,\"quantita_tot\":1},{\"codice\":\"SZ/CPPFT\",\"costo\":60,\"descrizione\":\"Coppia di fotocellule\",\"sconto\":0,\"quantita\":\"1\",\"etichetta_extra_costi\":1,\"totale_non_scontato\":60,\"costo_totale\":30,\"quantita_tot\":1},{\"codice\":\"SZ/RXBC\",\"costo\":95,\"descrizione\":\"Ricevitore in box esterno Bicanale\",\"sconto\":0,\"quantita\":\"1\",\"etichetta_extra_costi\":0,\"totale_non_scontato\":95,\"costo_totale\":47.5,\"quantita_tot\":1}],\"totale_non_scontato\":410,\"costo_totale\":205,\"quantita\":1,\"costo_totale_con_optional\":368}},\"id\":20180925095541,\"prodotto\":{\"codice\":\"R100/RAL\",\"descrizione\":\"Sezionale residenziale mod. rigato R100 RAL standard 9010\",\"modello\":\"RAL\",\"colorazione\":\"9010\",\"costo\":1695,\"sconto\":50,\"um\":\"NR\",\"quantita\":1,\"totale_non_scontato\":1695,\"costo_totale\":847.5,\"mq\":7.84,\"quantitaUnitaria\":1},\"totale\":5319,\"totaleScontato\":2659.5}', 1, 5319, 2659.5, '001', 1),
('z3n5a5j8v3e5d3c6q2c1540044469000', '1540044469', '{\"indietro\":\"false\",\"currentStep\":\"7\",\"ante\":\"1\",\"validita\":\"true\",\"modifica\":{\"boo\":\"false\",\"id\":\"\"},\"riferimento\":\"sda\",\"porta\":{\"L\":\"800\",\"H\":\"2050\"},\"tipologia\":\"PortaMultiuso\",\"accessori\":{\"sistemaChiusura\":{\"codice\":\"PR\\/EX\",\"descrizione\":\"Maniglione antip. EXUS (a leva)\",\"tipologia\":\"APP\",\"costo\":\"150\",\"costo_totale\":\"150\",\"um\":\"NR\",\"sconto\":\"0\",\"totale_non_scontato\":\"150\",\"quantita\":\"1\"},\"verniciatura\":{\"codice\":\"RAL7035\",\"fascia\":\"001\"}},\"totale\":\"330\",\"prodotto\":{\"codice\":\"PM\\/802051A\",\"prezzo\":\"0\",\"sconto\":\"0\",\"quantita\":\"1\",\"quantitaImballo\":\"0\",\"quantitaDX\":\"1\",\"quantitaSX\":\"0\",\"totale\":\"0\",\"descrizione\":\"Modello rever L.800xH.2050 mm ral 7035 (Foro Muro - 1 anta)\",\"costo\":\"180\",\"totale_non_scontato\":\"180\",\"costo_totale\":\"180\"},\"id\":\"1540044432725\",\"areazione\":{\"tipoAreazione\":\"Cieca\",\"grigliaSuperiore\":\"false\",\"grigliaInferiore\":\"false\"},\"totaleScontato\":\"330\"}', 1, 330, 330, 'sda', 1),
('z5g7k9k1w7g6a5o8q8t1540043823000', '1540043823', '{\"indietro\":false,\"currentStep\":7,\"ante\":1,\"validita\":true,\"modifica\":{\"boo\":false,\"id\":null},\"riferimento\":\"asd\",\"porta\":{\"L\":800,\"H\":2050},\"tipologia\":\"PortaMultiuso\",\"accessori\":{\"sistemaChiusura\":{\"codice\":\"PR/SL\",\"descrizione\":\"Maniglione antip. SLASH (push)\",\"tipologia\":\"IMB\",\"costo\":161,\"costo_totale\":161,\"um\":\"NR\",\"sconto\":0,\"totale_non_scontato\":161,\"quantita\":1},\"verniciatura\":{\"codice\":\"RAL7035\",\"fascia\":\"001\"}},\"totale\":341,\"prodotto\":{\"codice\":\"PM/802051A\",\"prezzo\":0,\"sconto\":0,\"quantita\":1,\"quantitaImballo\":0,\"quantitaDX\":1,\"quantitaSX\":0,\"totale\":0,\"descrizione\":\"Modello rever L.800xH.2050 mm ral 7035 (Foro Muro - 1 anta)\",\"costo\":180,\"totale_non_scontato\":180,\"costo_totale\":180},\"id\":1540043737329,\"areazione\":{\"tipoAreazione\":\"Cieca\",\"grigliaSuperiore\":false,\"grigliaInferiore\":false},\"totaleScontato\":341}', 1, 341, 341, 'asd', 1);

-- --------------------------------------------------------

--
-- Struttura della tabella `clienti`
--

CREATE TABLE `clienti` (
  `id` varchar(32) NOT NULL,
  `codice` varchar(10) NOT NULL,
  `data_inserimento` varchar(12) NOT NULL,
  `ragione_sociale` varchar(70) NOT NULL,
  `indirizzo` varchar(100) NOT NULL,
  `civico` varchar(5) NOT NULL,
  `cap` varchar(5) NOT NULL,
  `regione` int(11) NOT NULL,
  `provincia` int(11) NOT NULL,
  `comune` int(11) NOT NULL,
  `citta` varchar(150) NOT NULL,
  `partita_iva` varchar(70) NOT NULL,
  `codice_fiscale` varchar(70) NOT NULL,
  `prefisso_telefono` varchar(10) NOT NULL,
  `telefono` varchar(20) DEFAULT NULL,
  `prefisso_fax` varchar(10) NOT NULL,
  `fax` varchar(20) DEFAULT NULL,
  `email` varchar(70) NOT NULL,
  `prefisso_cellulare` varchar(10) NOT NULL,
  `cellulare` varchar(20) DEFAULT NULL,
  `website` varchar(70) DEFAULT NULL,
  `attivita_cliente` varchar(150) NOT NULL,
  `banca` varchar(100) NOT NULL,
  `agenzia` varchar(150) NOT NULL,
  `abi` varchar(50) NOT NULL,
  `cab` varchar(50) NOT NULL,
  `iban` varchar(100) NOT NULL,
  `capo_area` varchar(100) NOT NULL,
  `email_capo_area` varchar(70) NOT NULL,
  `sconto_richiesto` varchar(3) NOT NULL,
  `aliquota_iva_richiesta` varchar(3) NOT NULL,
  `modalita_invio_preventivo` varchar(70) NOT NULL,
  `modalita_pagamento` varchar(100) NOT NULL,
  `mod_altro_pagamento` varchar(100) NOT NULL,
  `tipo` varchar(10) NOT NULL DEFAULT 'DI',
  `nome_r` varchar(70) NOT NULL,
  `cognome_r` varchar(70) NOT NULL,
  `prefisso_cellulare_r` varchar(10) NOT NULL,
  `cellulare_r` varchar(20) NOT NULL,
  `email_r` varchar(70) NOT NULL,
  `agente` varchar(70) DEFAULT NULL,
  `codice_preventivazione` varchar(20) DEFAULT NULL,
  `inserito_da` varchar(70) DEFAULT NULL,
  `modificato_da` varchar(70) DEFAULT NULL
) ENGINE=InnoDB DEFAULT CHARSET=latin1;

--
-- Dump dei dati per la tabella `clienti`
--

INSERT INTO `clienti` (`id`, `codice`, `data_inserimento`, `ragione_sociale`, `indirizzo`, `civico`, `cap`, `regione`, `provincia`, `comune`, `citta`, `partita_iva`, `codice_fiscale`, `prefisso_telefono`, `telefono`, `prefisso_fax`, `fax`, `email`, `prefisso_cellulare`, `cellulare`, `website`, `attivita_cliente`, `banca`, `agenzia`, `abi`, `cab`, `iban`, `capo_area`, `email_capo_area`, `sconto_richiesto`, `aliquota_iva_richiesta`, `modalita_invio_preventivo`, `modalita_pagamento`, `mod_altro_pagamento`, `tipo`, `nome_r`, `cognome_r`, `prefisso_cellulare_r`, `cellulare_r`, `email_r`, `agente`, `codice_preventivazione`, `inserito_da`, `modificato_da`) VALUES
('a2c7z3f5p1f7x3y9l3o1533573363000', '01001', '1533575738', 'Vitale trasolichi', 'via dei traslochi', '84', '84040', 15, 65, 65006, 'amalfi', '1248784512', 'vtllnz82a25l628r', '', '5643647', '', '', 'lorenzo.dev@gmail.com', '', '', '', '', '', '', '', '', '', '', '', '', '', '', 'null', '', '', '', '', '', '', '', NULL, '', 'info@lorenzovitale.it', 'info@lorenzovitale.it'),
('i7x9x4h6e7z3k0r0n3x1540143315000', '', '1540143315', 'Compain srl', 'via compain', '54', '84040', 15, 65, 65002, 'Agropoli', '1798412578', 'vtllnz82a25l628r', '+39', '235345', '+39', '345345345', 'prova@prova.it', '+39', '345345345', '', '345345', '345', '', '', '', '345', '345345', '345345@345345.it', '10', '', 'Solo all\'agente', 'NR. 1 R.B. 60 GG. F.M.', '', '', '', '', '', '', '', NULL, '', 'lorenzo.dev@gmail.com', NULL),
('z5r6l2z5z1b6b6g5l2w1535556383000', '', '1535556383', 'LV DIGITAL SOLUTIONS', 'via dei pini', '56', '84040', 15, 65, 65028, 'Vallo Scalo', '1247894578', 'vtllnz82a25l628r', '', '097462146', '', '', 'info2@lorenzovitale.it', '', '3395288237', '', 'Consulenza in ambito information technology', 'Poste Italiane', '', '', '', 'IT72J0760115200000003329133', 'Lorenzo Vitale', 'lorenzo.de@gmail.com', '', '', 'Solo al Cliente', 'Seleziona il tipo pagamento', '', '', '', '', '', '', '', NULL, '', NULL, NULL);

-- --------------------------------------------------------

--
-- Struttura della tabella `colorazioni`
--

CREATE TABLE `colorazioni` (
  `codice` varchar(12) NOT NULL,
  `descrizione` varchar(200) DEFAULT NULL
) ENGINE=InnoDB DEFAULT CHARSET=latin1;

--
-- Dump dei dati per la tabella `colorazioni`
--

INSERT INTO `colorazioni` (`codice`, `descrizione`) VALUES
('6005', NULL),
('7016', NULL),
('8014', NULL),
('9006', NULL),
('9010', ''),
('Legno chiaro', NULL),
('Legno scuro', NULL);

-- --------------------------------------------------------

--
-- Struttura della tabella `comuni`
--

CREATE TABLE `comuni` (
  `id` int(11) NOT NULL,
  `nome` varchar(100) NOT NULL,
  `id_provincia` int(11) DEFAULT NULL
) ENGINE=InnoDB DEFAULT CHARSET=latin1;

--
-- Dump dei dati per la tabella `comuni`
--

INSERT INTO `comuni` (`id`, `nome`, `id_provincia`) VALUES
(1001, 'Agli&egrave;', 1),
(1002, 'Airasca', 1),
(1003, 'Ala di Stura', 1),
(1004, 'Albiano d\'Ivrea', 1),
(1005, 'Alice Superiore', 1),
(1006, 'Almese', 1),
(1007, 'Alpette', 1),
(1008, 'Alpignano', 1),
(1009, 'Andezeno', 1),
(1010, 'Andrate', 1),
(1011, 'Angrogna', 1),
(1012, 'Arignano', 1),
(1013, 'Avigliana', 1),
(1014, 'Azeglio', 1),
(1015, 'Bairo', 1),
(1016, 'Balangero', 1),
(1017, 'Baldissero Canavese', 1),
(1018, 'Baldissero Torinese', 1),
(1019, 'Balme', 1),
(1020, 'Banchette', 1),
(1021, 'Barbania', 1),
(1022, 'Bardonecchia', 1),
(1023, 'Barone Canavese', 1),
(1024, 'Beinasco', 1),
(1025, 'Bibiana', 1),
(1026, 'Bobbio Pellice', 1),
(1027, 'Bollengo', 1),
(1028, 'Borgaro Torinese', 1),
(1029, 'Borgiallo', 1),
(1030, 'Borgofranco d\'Ivrea', 1),
(1031, 'Borgomasino', 1),
(1032, 'Borgone Susa', 1),
(1033, 'Bosconero', 1),
(1034, 'Brandizzo', 1),
(1035, 'Bricherasio', 1),
(1036, 'Brosso', 1),
(1037, 'Brozolo', 1),
(1038, 'Bruino', 1),
(1039, 'Brusasco', 1),
(1040, 'Bruzolo', 1),
(1041, 'Buriasco', 1),
(1042, 'Burolo', 1),
(1043, 'Busano', 1),
(1044, 'Bussoleno', 1),
(1045, 'Buttigliera Alta', 1),
(1046, 'Cafasse', 1),
(1047, 'Caluso', 1),
(1048, 'Cambiano', 1),
(1049, 'Campiglione-Fenile', 1),
(1050, 'Candia Canavese', 1),
(1051, 'Candiolo', 1),
(1052, 'Canischio', 1),
(1053, 'Cantalupa', 1),
(1054, 'Cantoira', 1),
(1055, 'Caprie', 1),
(1056, 'Caravino', 1),
(1057, 'Carema', 1),
(1058, 'Carignano', 1),
(1059, 'Carmagnola', 1),
(1060, 'Casalborgone', 1),
(1061, 'Cascinette d\'Ivrea', 1),
(1062, 'Caselette', 1),
(1063, 'Caselle Torinese', 1),
(1064, 'Castagneto Po', 1),
(1065, 'Castagnole Piemonte', 1),
(1066, 'Castellamonte', 1),
(1067, 'Castelnuovo Nigra', 1),
(1068, 'Castiglione Torinese', 1),
(1069, 'Cavagnolo', 1),
(1070, 'Cavour', 1),
(1071, 'Cercenasco', 1),
(1072, 'Ceres', 1),
(1073, 'Ceresole Reale', 1),
(1074, 'Cesana Torinese', 1),
(1075, 'Chialamberto', 1),
(1076, 'Chianocco', 1),
(1077, 'Chiaverano', 1),
(1078, 'Chieri', 1),
(1079, 'Chiesanuova', 1),
(1080, 'Chiomonte', 1),
(1081, 'Chiusa di San Michele', 1),
(1082, 'Chivasso', 1),
(1083, 'Ciconio', 1),
(1084, 'Cintano', 1),
(1085, 'Cinzano', 1),
(1086, 'Ciri&egrave;', 1),
(1087, 'Claviere', 1),
(1088, 'Coassolo Torinese', 1),
(1089, 'Coazze', 1),
(1090, 'Collegno', 1),
(1091, 'Colleretto Castelnuovo', 1),
(1092, 'Colleretto Giacosa', 1),
(1093, 'Condove', 1),
(1094, 'Corio', 1),
(1095, 'Cossano Canavese', 1),
(1096, 'Cuceglio', 1),
(1097, 'Cumiana', 1),
(1098, 'Cuorgn&egrave;', 1),
(1099, 'Druento', 1),
(1100, 'Exilles', 1),
(1101, 'Favria', 1),
(1102, 'Feletto', 1),
(1103, 'Fenestrelle', 1),
(1104, 'Fiano', 1),
(1105, 'Fiorano Canavese', 1),
(1106, 'Foglizzo', 1),
(1107, 'Forno Canavese', 1),
(1108, 'Frassinetto', 1),
(1109, 'Front', 1),
(1110, 'Frossasco', 1),
(1111, 'Garzigliana', 1),
(1112, 'Gassino Torinese', 1),
(1113, 'Germagnano', 1),
(1114, 'Giaglione', 1),
(1115, 'Giaveno', 1),
(1116, 'Givoletto', 1),
(1117, 'Gravere', 1),
(1118, 'Groscavallo', 1),
(1119, 'Grosso', 1),
(1120, 'Grugliasco', 1),
(1121, 'Ingria', 1),
(1122, 'Inverso Pinasca', 1),
(1123, 'Isolabella', 1),
(1124, 'Issiglio', 1),
(1125, 'Ivrea', 1),
(1126, 'La Cassa', 1),
(1127, 'La Loggia', 1),
(1128, 'Lanzo Torinese', 1),
(1129, 'Lauriano', 1),
(1130, 'Lein&igrave;', 1),
(1131, 'Lemie', 1),
(1132, 'Lessolo', 1),
(1133, 'Levone', 1),
(1134, 'Locana', 1),
(1135, 'Lombardore', 1),
(1136, 'Lombriasco', 1),
(1137, 'Loranz&egrave;', 1),
(1138, 'Lugnacco', 1),
(1139, 'Luserna San Giovanni', 1),
(1140, 'Lusernetta', 1),
(1141, 'Lusigli&egrave;', 1),
(1142, 'Macello', 1),
(1143, 'Maglione', 1),
(1144, 'Marentino', 1),
(1145, 'Massello', 1),
(1146, 'Mathi', 1),
(1147, 'Mattie', 1),
(1148, 'Mazz&egrave;', 1),
(1149, 'Meana di Susa', 1),
(1150, 'Mercenasco', 1),
(1151, 'Meugliano', 1),
(1152, 'Mezzenile', 1),
(1153, 'Mombello di Torino', 1),
(1154, 'Mompantero', 1),
(1155, 'Monastero di Lanzo', 1),
(1156, 'Moncalieri', 1),
(1157, 'Moncenisio', 1),
(1158, 'Montaldo Torinese', 1),
(1159, 'Montalenghe', 1),
(1160, 'Montalto Dora', 1),
(1161, 'Montanaro', 1),
(1162, 'Monteu da Po', 1),
(1163, 'Moriondo Torinese', 1),
(1164, 'Nichelino', 1),
(1165, 'Noasca', 1),
(1166, 'Nole', 1),
(1167, 'Nomaglio', 1),
(1168, 'None', 1),
(1169, 'Novalesa', 1),
(1170, 'Oglianico', 1),
(1171, 'Orbassano', 1),
(1172, 'Orio Canavese', 1),
(1173, 'Osasco', 1),
(1174, 'Osasio', 1),
(1175, 'Oulx', 1),
(1176, 'Ozegna', 1),
(1177, 'Palazzo Canavese', 1),
(1178, 'Pancalieri', 1),
(1179, 'Parella', 1),
(1180, 'Pavarolo', 1),
(1181, 'Pavone Canavese', 1),
(1182, 'Pecco', 1),
(1183, 'Pecetto Torinese', 1),
(1184, 'Perosa Argentina', 1),
(1185, 'Perosa Canavese', 1),
(1186, 'Perrero', 1),
(1187, 'Pertusio', 1),
(1188, 'Pessinetto', 1),
(1189, 'Pianezza', 1),
(1190, 'Pinasca', 1),
(1191, 'Pinerolo', 1),
(1192, 'Pino Torinese', 1),
(1193, 'Piobesi Torinese', 1),
(1194, 'Piossasco', 1),
(1195, 'Piscina', 1),
(1196, 'Piverone', 1),
(1197, 'Poirino', 1),
(1198, 'Pomaretto', 1),
(1199, 'Pont-Canavese', 1),
(1200, 'Porte', 1),
(1201, 'Pragelato', 1),
(1202, 'Prali', 1),
(1203, 'Pralormo', 1),
(1204, 'Pramollo', 1),
(1205, 'Prarostino', 1),
(1206, 'Prascorsano', 1),
(1207, 'Pratiglione', 1),
(1208, 'Quagliuzzo', 1),
(1209, 'Quassolo', 1),
(1210, 'Quincinetto', 1),
(1211, 'Reano', 1),
(1212, 'Ribordone', 1),
(1213, 'Rivalba', 1),
(1214, 'Rivalta di Torino', 1),
(1215, 'Riva presso Chieri', 1),
(1216, 'Rivara', 1),
(1217, 'Rivarolo Canavese', 1),
(1218, 'Rivarossa', 1),
(1219, 'Rivoli', 1),
(1220, 'Robassomero', 1),
(1221, 'Rocca Canavese', 1),
(1222, 'Roletto', 1),
(1223, 'Romano Canavese', 1),
(1224, 'Ronco Canavese', 1),
(1225, 'Rondissone', 1),
(1226, 'Ror&agrave;', 1),
(1227, 'Roure', 1),
(1228, 'Rosta', 1),
(1229, 'Rubiana', 1),
(1230, 'Rueglio', 1),
(1231, 'Salassa', 1),
(1232, 'Salbertrand', 1),
(1233, 'Salerano Canavese', 1),
(1234, 'Salza di Pinerolo', 1),
(1235, 'Samone', 1),
(1236, 'San Benigno Canavese', 1),
(1237, 'San Carlo Canavese', 1),
(1238, 'San Colombano Belmonte', 1),
(1239, 'San Didero', 1),
(1240, 'San Francesco al Campo', 1),
(1241, 'Sangano', 1),
(1242, 'San Germano Chisone', 1),
(1243, 'San Gillio', 1),
(1244, 'San Giorgio Canavese', 1),
(1245, 'San Giorio di Susa', 1),
(1246, 'San Giusto Canavese', 1),
(1247, 'San Martino Canavese', 1),
(1248, 'San Maurizio Canavese', 1),
(1249, 'San Mauro Torinese', 1),
(1250, 'San Pietro Val Lemina', 1),
(1251, 'San Ponso', 1),
(1252, 'San Raffaele Cimena', 1),
(1253, 'San Sebastiano da Po', 1),
(1254, 'San Secondo di Pinerolo', 1),
(1255, 'Sant\'Ambrogio di Torino', 1),
(1256, 'Sant\'Antonino di Susa', 1),
(1257, 'Santena', 1),
(1258, 'Sauze di Cesana', 1),
(1259, 'Sauze d\'Oulx', 1),
(1260, 'Scalenghe', 1),
(1261, 'Scarmagno', 1),
(1262, 'Sciolze', 1),
(1263, 'Sestriere', 1),
(1264, 'Settimo Rottaro', 1),
(1265, 'Settimo Torinese', 1),
(1266, 'Settimo Vittone', 1),
(1267, 'Sparone', 1),
(1268, 'Strambinello', 1),
(1269, 'Strambino', 1),
(1270, 'Susa', 1),
(1271, 'Tavagnasco', 1),
(1272, 'Torino', 1),
(1273, 'Torrazza Piemonte', 1),
(1274, 'Torre Canavese', 1),
(1275, 'Torre Pellice', 1),
(1276, 'Trana', 1),
(1277, 'Trausella', 1),
(1278, 'Traversella', 1),
(1279, 'Traves', 1),
(1280, 'Trofarello', 1),
(1281, 'Usseaux', 1),
(1282, 'Usseglio', 1),
(1283, 'Vaie', 1),
(1284, 'Val della Torre', 1),
(1285, 'Valgioie', 1),
(1286, 'Vallo Torinese', 1),
(1287, 'Valperga', 1),
(1288, 'Valprato Soana', 1),
(1289, 'Varisella', 1),
(1290, 'Vauda Canavese', 1),
(1291, 'Venaus', 1),
(1292, 'Venaria Reale', 1),
(1293, 'Verolengo', 1),
(1294, 'Verrua Savoia', 1),
(1295, 'Vestign&egrave;', 1),
(1296, 'Vialfr&egrave;', 1),
(1297, 'Vico Canavese', 1),
(1298, 'Vidracco', 1),
(1299, 'Vigone', 1),
(1300, 'Villafranca Piemonte', 1),
(1301, 'Villanova Canavese', 1),
(1302, 'Villarbasse', 1),
(1303, 'Villar Dora', 1),
(1304, 'Villareggia', 1),
(1305, 'Villar Focchiardo', 1),
(1306, 'Villar Pellice', 1),
(1307, 'Villar Perosa', 1),
(1308, 'Villastellone', 1),
(1309, 'Vinovo', 1),
(1310, 'Virle Piemonte', 1),
(1311, 'Vische', 1),
(1312, 'Vistrorio', 1),
(1313, 'Vi&ugrave;', 1),
(1314, 'Volpiano', 1),
(1315, 'Volvera', 1),
(2002, 'Alagna Valsesia', 2),
(2003, 'Albano Vercellese', 2),
(2004, 'Alice Castello', 2),
(2006, 'Arborio', 2),
(2007, 'Asigliano Vercellese', 2),
(2008, 'Balmuccia', 2),
(2009, 'Balocco', 2),
(2011, 'Bianz&egrave;', 2),
(2014, 'Boccioleto', 2),
(2015, 'Borgo d\'Ale', 2),
(2016, 'Borgosesia', 2),
(2017, 'Borgo Vercelli', 2),
(2019, 'Breia', 2),
(2021, 'Buronzo', 2),
(2025, 'Campertogno', 2),
(2029, 'Carcoforo', 2),
(2030, 'Caresana', 2),
(2031, 'Caresanablot', 2),
(2032, 'Carisio', 2),
(2033, 'Casanova Elvo', 2),
(2035, 'San Giacomo Vercellese', 2),
(2038, 'Cellio', 2),
(2041, 'Cervatto', 2),
(2042, 'Cigliano', 2),
(2043, 'Civiasco', 2),
(2045, 'Collobiano', 2),
(2047, 'Costanzana', 2),
(2048, 'Cravagliana', 2),
(2049, 'Crescentino', 2),
(2052, 'Crova', 2),
(2054, 'Desana', 2),
(2057, 'Fobello', 2),
(2058, 'Fontanetto Po', 2),
(2059, 'Formigliana', 2),
(2061, 'Gattinara', 2),
(2062, 'Ghislarengo', 2),
(2065, 'Greggio', 2),
(2066, 'Guardabosone', 2),
(2067, 'Lamporo', 2),
(2068, 'Lenta', 2),
(2070, 'Lignana', 2),
(2071, 'Livorno Ferraris', 2),
(2072, 'Lozzolo', 2),
(2078, 'Mollia', 2),
(2079, 'Moncrivello', 2),
(2082, 'Motta de\' Conti', 2),
(2088, 'Olcenengo', 2),
(2089, 'Oldenico', 2),
(2090, 'Palazzolo Vercellese', 2),
(2091, 'Pertengo', 2),
(2093, 'Pezzana', 2),
(2096, 'Pila', 2),
(2097, 'Piode', 2),
(2102, 'Postua', 2),
(2104, 'Prarolo', 2),
(2107, 'Quarona', 2),
(2108, 'Quinto Vercellese', 2),
(2110, 'Rassa', 2),
(2111, 'Rima San Giuseppe', 2),
(2112, 'Rimasco', 2),
(2113, 'Rimella', 2),
(2114, 'Riva Valdobbia', 2),
(2115, 'Rive', 2),
(2116, 'Roasio', 2),
(2118, 'Ronsecco', 2),
(2121, 'Rossa', 2),
(2122, 'Rovasenda', 2),
(2123, 'Sabbia', 2),
(2126, 'Salasco', 2),
(2127, 'Sali Vercellese', 2),
(2128, 'Saluggia', 2),
(2131, 'San Germano Vercellese', 2),
(2133, 'Santhi&agrave;', 2),
(2134, 'Scopa', 2),
(2135, 'Scopello', 2),
(2137, 'Serravalle Sesia', 2),
(2142, 'Stroppiana', 2),
(2147, 'Tricerro', 2),
(2148, 'Trino', 2),
(2150, 'Tronzano Vercellese', 2),
(2152, 'Valduggia', 2),
(2156, 'Varallo', 2),
(2158, 'Vercelli', 2),
(2163, 'Villarboit', 2),
(2164, 'Villata', 2),
(2166, 'Vocca', 2),
(3001, 'Agrate Conturbia', 3),
(3002, 'Ameno', 3),
(3006, 'Armeno', 3),
(3008, 'Arona', 3),
(3012, 'Barengo', 3),
(3016, 'Bellinzago Novarese', 3),
(3018, 'Biandrate', 3),
(3019, 'Boca', 3),
(3021, 'Bogogno', 3),
(3022, 'Bolzano Novarese', 3),
(3023, 'Borgolavezzaro', 3),
(3024, 'Borgomanero', 3),
(3025, 'Borgo Ticino', 3),
(3026, 'Briga Novarese', 3),
(3027, 'Briona', 3),
(3030, 'Caltignaga', 3),
(3032, 'Cameri', 3),
(3036, 'Carpignano Sesia', 3),
(3037, 'Casalbeltrame', 3),
(3039, 'Casaleggio Novara', 3),
(3040, 'Casalino', 3),
(3041, 'Casalvolone', 3),
(3042, 'Castellazzo Novarese', 3),
(3043, 'Castelletto sopra Ticino', 3),
(3044, 'Cavaglietto', 3),
(3045, 'Cavaglio d\'Agogna', 3),
(3047, 'Cavallirio', 3),
(3049, 'Cerano', 3),
(3051, 'Colazza', 3),
(3052, 'Comignago', 3),
(3055, 'Cressa', 3),
(3058, 'Cureggio', 3),
(3060, 'Divignano', 3),
(3062, 'Dormelletto', 3),
(3065, 'Fara Novarese', 3),
(3066, 'Fontaneto d\'Agogna', 3),
(3068, 'Galliate', 3),
(3069, 'Garbagna Novarese', 3),
(3070, 'Gargallo', 3),
(3071, 'Gattico', 3),
(3073, 'Ghemme', 3),
(3076, 'Gozzano', 3),
(3077, 'Granozzo con Monticello', 3),
(3079, 'Grignasco', 3),
(3082, 'Invorio', 3),
(3083, 'Landiona', 3),
(3084, 'Lesa', 3),
(3088, 'Maggiora', 3),
(3090, 'Mandello Vitta', 3),
(3091, 'Marano Ticino', 3),
(3093, 'Massino Visconti', 3),
(3095, 'Meina', 3),
(3097, 'Mezzomerico', 3),
(3098, 'Miasino', 3),
(3100, 'Momo', 3),
(3103, 'Nebbiuno', 3),
(3104, 'Nibbiola', 3),
(3106, 'Novara', 3),
(3108, 'Oleggio', 3),
(3109, 'Oleggio Castello', 3),
(3112, 'Orta San Giulio', 3),
(3114, 'Paruzzaro', 3),
(3115, 'Pella', 3),
(3116, 'Pettenasco', 3),
(3119, 'Pisano', 3),
(3120, 'Pogno', 3),
(3121, 'Pombia', 3),
(3122, 'Prato Sesia', 3),
(3129, 'Recetto', 3),
(3130, 'Romagnano Sesia', 3),
(3131, 'Romentino', 3),
(3133, 'San Maurizio d\'Opaglio', 3),
(3134, 'San Nazzaro Sesia', 3),
(3135, 'San Pietro Mosezzo', 3),
(3138, 'Sillavengo', 3),
(3139, 'Sizzano', 3),
(3140, 'Soriso', 3),
(3141, 'Sozzago', 3),
(3143, 'Suno', 3),
(3144, 'Terdobbiate', 3),
(3146, 'Tornaco', 3),
(3149, 'Trecate', 3),
(3153, 'Vaprio d\'Agogna', 3),
(3154, 'Varallo Pombia', 3),
(3157, 'Veruno', 3),
(3158, 'Vespolate', 3),
(3159, 'Vicolungo', 3),
(3164, 'Vinzaglio', 3),
(4001, 'Acceglio', 4),
(4002, 'Aisone', 4),
(4003, 'Alba', 4),
(4004, 'Albaretto della Torre', 4),
(4005, 'Alto', 4),
(4006, 'Argentera', 4),
(4007, 'Arguello', 4),
(4008, 'Bagnasco', 4),
(4009, 'Bagnolo Piemonte', 4),
(4010, 'Baldissero d\'Alba', 4),
(4011, 'Barbaresco', 4),
(4012, 'Barge', 4),
(4013, 'Barolo', 4),
(4014, 'Bastia Mondov&igrave;', 4),
(4015, 'Battifollo', 4),
(4016, 'Beinette', 4),
(4017, 'Bellino', 4),
(4018, 'Belvedere Langhe', 4),
(4019, 'Bene Vagienna', 4),
(4020, 'Benevello', 4),
(4021, 'Bergolo', 4),
(4022, 'Bernezzo', 4),
(4023, 'Bonvicino', 4),
(4024, 'Borgomale', 4),
(4025, 'Borgo San Dalmazzo', 4),
(4026, 'Bosia', 4),
(4027, 'Bossolasco', 4),
(4028, 'Boves', 4),
(4029, 'Bra', 4),
(4030, 'Briaglia', 4),
(4031, 'Briga Alta', 4),
(4032, 'Brondello', 4),
(4033, 'Brossasco', 4),
(4034, 'Busca', 4),
(4035, 'Camerana', 4),
(4036, 'Camo', 4),
(4037, 'Canale', 4),
(4038, 'Canosio', 4),
(4039, 'Caprauna', 4),
(4040, 'Caraglio', 4),
(4041, 'Caramagna Piemonte', 4),
(4042, 'Card&egrave;', 4),
(4043, 'Carr&ugrave;', 4),
(4044, 'Cartignano', 4),
(4045, 'Casalgrasso', 4),
(4046, 'Castagnito', 4),
(4047, 'Casteldelfino', 4),
(4048, 'Castellar', 4),
(4049, 'Castelletto Stura', 4),
(4050, 'Castelletto Uzzone', 4),
(4051, 'Castellinaldo', 4),
(4052, 'Castellino Tanaro', 4),
(4053, 'Castelmagno', 4),
(4054, 'Castelnuovo di Ceva', 4),
(4055, 'Castiglione Falletto', 4),
(4056, 'Castiglione Tinella', 4),
(4057, 'Castino', 4),
(4058, 'Cavallerleone', 4),
(4059, 'Cavallermaggiore', 4),
(4060, 'Celle di Macra', 4),
(4061, 'Centallo', 4),
(4062, 'Ceresole Alba', 4),
(4063, 'Cerretto Langhe', 4),
(4064, 'Cervasca', 4),
(4065, 'Cervere', 4),
(4066, 'Ceva', 4),
(4067, 'Cherasco', 4),
(4068, 'Chiusa di Pesio', 4),
(4069, 'Cigli&egrave;', 4),
(4070, 'Cissone', 4),
(4071, 'Clavesana', 4),
(4072, 'Corneliano d\'Alba', 4),
(4073, 'Cortemilia', 4),
(4074, 'Cossano Belbo', 4),
(4075, 'Costigliole Saluzzo', 4),
(4076, 'Cravanzana', 4),
(4077, 'Crissolo', 4),
(4078, 'Cuneo', 4),
(4079, 'Demonte', 4),
(4080, 'Diano d\'Alba', 4),
(4081, 'Dogliani', 4),
(4082, 'Dronero', 4),
(4083, 'Elva', 4),
(4084, 'Entracque', 4),
(4085, 'Envie', 4),
(4086, 'Farigliano', 4),
(4087, 'Faule', 4),
(4088, 'Feisoglio', 4),
(4089, 'Fossano', 4),
(4090, 'Frabosa Soprana', 4),
(4091, 'Frabosa Sottana', 4),
(4092, 'Frassino', 4),
(4093, 'Gaiola', 4),
(4094, 'Gambasca', 4),
(4095, 'Garessio', 4),
(4096, 'Genola', 4),
(4097, 'Gorzegno', 4),
(4098, 'Gottasecca', 4),
(4099, 'Govone', 4),
(4100, 'Grinzane Cavour', 4),
(4101, 'Guarene', 4),
(4102, 'Igliano', 4),
(4103, 'Isasca', 4),
(4104, 'Lagnasco', 4),
(4105, 'La Morra', 4),
(4106, 'Lequio Berria', 4),
(4107, 'Lequio Tanaro', 4),
(4108, 'Lesegno', 4),
(4109, 'Levice', 4),
(4110, 'Limone Piemonte', 4),
(4111, 'Lisio', 4),
(4112, 'Macra', 4),
(4113, 'Magliano Alfieri', 4),
(4114, 'Magliano Alpi', 4),
(4115, 'Mango', 4),
(4116, 'Manta', 4),
(4117, 'Marene', 4),
(4118, 'Margarita', 4),
(4119, 'Marmora', 4),
(4120, 'Marsaglia', 4),
(4121, 'Martiniana Po', 4),
(4122, 'Melle', 4),
(4123, 'Moiola', 4),
(4124, 'Mombarcaro', 4),
(4125, 'Mombasiglio', 4),
(4126, 'Monastero di Vasco', 4),
(4127, 'Monasterolo Casotto', 4),
(4128, 'Monasterolo di Savigliano', 4),
(4129, 'Monchiero', 4),
(4130, 'Mondov&igrave;', 4),
(4131, 'Monesiglio', 4),
(4132, 'Monforte d\'Alba', 4),
(4133, 'Mont&agrave;', 4),
(4134, 'Montaldo di Mondov&igrave;', 4),
(4135, 'Montaldo Roero', 4),
(4136, 'Montanera', 4),
(4137, 'Montelupo Albese', 4),
(4138, 'Montemale di Cuneo', 4),
(4139, 'Monterosso Grana', 4),
(4140, 'Monteu Roero', 4),
(4141, 'Montezemolo', 4),
(4142, 'Monticello d\'Alba', 4),
(4143, 'Moretta', 4),
(4144, 'Morozzo', 4),
(4145, 'Murazzano', 4),
(4146, 'Murello', 4),
(4147, 'Narzole', 4),
(4148, 'Neive', 4),
(4149, 'Neviglie', 4),
(4150, 'Niella Belbo', 4),
(4151, 'Niella Tanaro', 4),
(4152, 'Novello', 4),
(4153, 'Nucetto', 4),
(4154, 'Oncino', 4),
(4155, 'Ormea', 4),
(4156, 'Ostana', 4),
(4157, 'Paesana', 4),
(4158, 'Pagno', 4),
(4159, 'Pamparato', 4),
(4160, 'Paroldo', 4),
(4161, 'Perletto', 4),
(4162, 'Perlo', 4),
(4163, 'Peveragno', 4),
(4164, 'Pezzolo Valle Uzzone', 4),
(4165, 'Pianfei', 4),
(4166, 'Piasco', 4),
(4167, 'Pietraporzio', 4),
(4168, 'Piobesi d\'Alba', 4),
(4169, 'Piozzo', 4),
(4170, 'Pocapaglia', 4),
(4171, 'Polonghera', 4),
(4172, 'Pontechianale', 4),
(4173, 'Pradleves', 4),
(4174, 'Prazzo', 4),
(4175, 'Priero', 4),
(4176, 'Priocca', 4),
(4177, 'Priola', 4),
(4178, 'Prunetto', 4),
(4179, 'Racconigi', 4),
(4180, 'Revello', 4),
(4181, 'Rifreddo', 4),
(4182, 'Rittana', 4),
(4183, 'Roaschia', 4),
(4184, 'Roascio', 4),
(4185, 'Robilante', 4),
(4186, 'Roburent', 4),
(4187, 'Roccabruna', 4),
(4188, 'Rocca Cigli&egrave;', 4),
(4189, 'Rocca de\' Baldi', 4),
(4190, 'Roccaforte Mondov&igrave;', 4),
(4191, 'Roccasparvera', 4),
(4192, 'Roccavione', 4),
(4193, 'Rocchetta Belbo', 4),
(4194, 'Roddi', 4),
(4195, 'Roddino', 4),
(4196, 'Rodello', 4),
(4197, 'Rossana', 4),
(4198, 'Ruffia', 4),
(4199, 'Sale delle Langhe', 4),
(4200, 'Sale San Giovanni', 4),
(4201, 'Saliceto', 4),
(4202, 'Salmour', 4),
(4203, 'Saluzzo', 4),
(4204, 'Sambuco', 4),
(4205, 'Sampeyre', 4),
(4206, 'San Benedetto Belbo', 4),
(4207, 'San Damiano Macra', 4),
(4208, 'Sanfr&egrave;', 4),
(4209, 'Sanfront', 4),
(4210, 'San Michele Mondov&igrave;', 4),
(4211, 'Sant\'Albano Stura', 4),
(4212, 'Santa Vittoria d\'Alba', 4),
(4213, 'Santo Stefano Belbo', 4),
(4214, 'Santo Stefano Roero', 4),
(4215, 'Savigliano', 4),
(4216, 'Scagnello', 4),
(4217, 'Scarnafigi', 4),
(4218, 'Serralunga d\'Alba', 4),
(4219, 'Serravalle Langhe', 4),
(4220, 'Sinio', 4),
(4221, 'Somano', 4),
(4222, 'Sommariva del Bosco', 4),
(4223, 'Sommariva Perno', 4),
(4224, 'Stroppo', 4),
(4225, 'Tarantasca', 4),
(4226, 'Torre Bormida', 4),
(4227, 'Torre Mondov&igrave;', 4),
(4228, 'Torre San Giorgio', 4),
(4229, 'Torresina', 4),
(4230, 'Treiso', 4),
(4231, 'Trezzo Tinella', 4),
(4232, 'Trinit&agrave;', 4),
(4233, 'Valdieri', 4),
(4234, 'Valgrana', 4),
(4235, 'Valloriate', 4),
(4236, 'Valmala', 4),
(4237, 'Venasca', 4),
(4238, 'Verduno', 4),
(4239, 'Vernante', 4),
(4240, 'Verzuolo', 4),
(4241, 'Vezza d\'Alba', 4),
(4242, 'Vicoforte', 4),
(4243, 'Vignolo', 4),
(4244, 'Villafalletto', 4),
(4245, 'Villanova Mondov&igrave;', 4),
(4246, 'Villanova Solaro', 4),
(4247, 'Villar San Costanzo', 4),
(4248, 'Vinadio', 4),
(4249, 'Viola', 4),
(4250, 'Vottignasco', 4),
(5001, 'Agliano Terme', 5),
(5002, 'Albugnano', 5),
(5003, 'Antignano', 5),
(5004, 'Aramengo', 5),
(5005, 'Asti', 5),
(5006, 'Azzano d\'Asti', 5),
(5007, 'Baldichieri d\'Asti', 5),
(5008, 'Belveglio', 5),
(5009, 'Berzano di San Pietro', 5),
(5010, 'Bruno', 5),
(5011, 'Bubbio', 5),
(5012, 'Buttigliera d\'Asti', 5),
(5013, 'Calamandrana', 5),
(5014, 'Calliano', 5),
(5015, 'Calosso', 5),
(5016, 'Camerano Casasco', 5),
(5017, 'Canelli', 5),
(5018, 'Cantarana', 5),
(5019, 'Capriglio', 5),
(5020, 'Casorzo', 5),
(5021, 'Cassinasco', 5),
(5022, 'Castagnole delle Lanze', 5),
(5023, 'Castagnole Monferrato', 5),
(5024, 'Castel Boglione', 5),
(5025, 'Castell\'Alfero', 5),
(5026, 'Castellero', 5),
(5027, 'Castelletto Molina', 5),
(5028, 'Castello di Annone', 5),
(5029, 'Castelnuovo Belbo', 5),
(5030, 'Castelnuovo Calcea', 5),
(5031, 'Castelnuovo Don Bosco', 5),
(5032, 'Castel Rocchero', 5),
(5033, 'Cellarengo', 5),
(5034, 'Celle Enomondo', 5),
(5035, 'Cerreto d\'Asti', 5),
(5036, 'Cerro Tanaro', 5),
(5037, 'Cessole', 5),
(5038, 'Chiusano d\'Asti', 5),
(5039, 'Cinaglio', 5),
(5040, 'Cisterna d\'Asti', 5),
(5041, 'Coazzolo', 5),
(5042, 'Cocconato', 5),
(5044, 'Corsione', 5),
(5045, 'Cortandone', 5),
(5046, 'Cortanze', 5),
(5047, 'Cortazzone', 5),
(5048, 'Cortiglione', 5),
(5049, 'Cossombrato', 5),
(5050, 'Costigliole d\'Asti', 5),
(5051, 'Cunico', 5),
(5052, 'Dusino San Michele', 5),
(5053, 'Ferrere', 5),
(5054, 'Fontanile', 5),
(5055, 'Frinco', 5),
(5056, 'Grana', 5),
(5057, 'Grazzano Badoglio', 5),
(5058, 'Incisa Scapaccino', 5),
(5059, 'Isola d\'Asti', 5),
(5060, 'Loazzolo', 5),
(5061, 'Maranzana', 5),
(5062, 'Maretto', 5),
(5063, 'Moasca', 5),
(5064, 'Mombaldone', 5),
(5065, 'Mombaruzzo', 5),
(5066, 'Mombercelli', 5),
(5067, 'Monale', 5),
(5068, 'Monastero Bormida', 5),
(5069, 'Moncalvo', 5),
(5070, 'Moncucco Torinese', 5),
(5071, 'Mongardino', 5),
(5072, 'Montabone', 5),
(5073, 'Montafia', 5),
(5074, 'Montaldo Scarampi', 5),
(5075, 'Montechiaro d\'Asti', 5),
(5076, 'Montegrosso d\'Asti', 5),
(5077, 'Montemagno', 5),
(5079, 'Moransengo', 5),
(5080, 'Nizza Monferrato', 5),
(5081, 'Olmo Gentile', 5),
(5082, 'Passerano Marmorito', 5),
(5083, 'Penango', 5),
(5084, 'Piea', 5),
(5085, 'Pino d\'Asti', 5),
(5086, 'Piov&agrave; Massaia', 5),
(5087, 'Portacomaro', 5),
(5088, 'Quaranti', 5),
(5089, 'Refrancore', 5),
(5090, 'Revigliasco d\'Asti', 5),
(5091, 'Roatto', 5),
(5092, 'Robella', 5),
(5093, 'Rocca d\'Arazzo', 5),
(5094, 'Roccaverano', 5),
(5095, 'Rocchetta Palafea', 5),
(5096, 'Rocchetta Tanaro', 5),
(5097, 'San Damiano d\'Asti', 5),
(5098, 'San Giorgio Scarampi', 5),
(5099, 'San Martino Alfieri', 5),
(5100, 'San Marzano Oliveto', 5),
(5101, 'San Paolo Solbrito', 5),
(5103, 'Scurzolengo', 5),
(5104, 'Serole', 5),
(5105, 'Sessame', 5),
(5106, 'Settime', 5),
(5107, 'Soglio', 5),
(5108, 'Tigliole', 5),
(5109, 'Tonco', 5),
(5110, 'Tonengo', 5),
(5111, 'Vaglio Serra', 5),
(5112, 'Valfenera', 5),
(5113, 'Vesime', 5),
(5114, 'Viale', 5),
(5115, 'Viarigi', 5),
(5116, 'Vigliano d\'Asti', 5),
(5117, 'Villafranca d\'Asti', 5),
(5118, 'Villanova d\'Asti', 5),
(5119, 'Villa San Secondo', 5),
(5120, 'Vinchio', 5),
(5121, 'Montiglio Monferrato', 5),
(6001, 'Acqui Terme', 6),
(6002, 'Albera Ligure', 6),
(6003, 'Alessandria', 6),
(6004, 'Alfiano Natta', 6),
(6005, 'Alice Bel Colle', 6),
(6006, 'Alluvioni Cambi&ograve;', 6),
(6007, 'Altavilla Monferrato', 6),
(6008, 'Alzano Scrivia', 6),
(6009, 'Arquata Scrivia', 6),
(6010, 'Avolasca', 6),
(6011, 'Balzola', 6),
(6012, 'Basaluzzo', 6),
(6013, 'Bassignana', 6),
(6014, 'Belforte Monferrato', 6),
(6015, 'Bergamasco', 6),
(6016, 'Berzano di Tortona', 6),
(6017, 'Bistagno', 6),
(6018, 'Borghetto di Borbera', 6),
(6019, 'Borgoratto Alessandrino', 6),
(6020, 'Borgo San Martino', 6),
(6021, 'Bosco Marengo', 6),
(6022, 'Bosio', 6),
(6023, 'Bozzole', 6),
(6024, 'Brignano-Frascata', 6),
(6025, 'Cabella Ligure', 6),
(6026, 'Camagna Monferrato', 6),
(6027, 'Camino', 6),
(6028, 'Cantalupo Ligure', 6),
(6029, 'Capriata d\'Orba', 6),
(6030, 'Carbonara Scrivia', 6),
(6031, 'Carentino', 6),
(6032, 'Carezzano', 6),
(6033, 'Carpeneto', 6),
(6034, 'Carrega Ligure', 6),
(6035, 'Carrosio', 6),
(6036, 'Cartosio', 6),
(6037, 'Casal Cermelli', 6),
(6038, 'Casaleggio Boiro', 6),
(6039, 'Casale Monferrato', 6),
(6040, 'Casalnoceto', 6),
(6041, 'Casasco', 6),
(6042, 'Cassano Spinola', 6),
(6043, 'Cassine', 6),
(6044, 'Cassinelle', 6),
(6045, 'Castellania', 6),
(6046, 'Castellar Guidobono', 6),
(6047, 'Castellazzo Bormida', 6),
(6048, 'Castelletto d\'Erro', 6),
(6049, 'Castelletto d\'Orba', 6),
(6050, 'Castelletto Merli', 6),
(6051, 'Castelletto Monferrato', 6),
(6052, 'Castelnuovo Bormida', 6),
(6053, 'Castelnuovo Scrivia', 6),
(6054, 'Castelspina', 6),
(6055, 'Cavatore', 6),
(6056, 'Cella Monte', 6),
(6057, 'Cereseto', 6),
(6058, 'Cerreto Grue', 6),
(6059, 'Cerrina Monferrato', 6),
(6060, 'Coniolo', 6),
(6061, 'Conzano', 6),
(6062, 'Costa Vescovato', 6),
(6063, 'Cremolino', 6),
(6064, 'Cuccaro Monferrato', 6),
(6065, 'Denice', 6),
(6066, 'Dernice', 6),
(6067, 'Fabbrica Curone', 6),
(6068, 'Felizzano', 6),
(6069, 'Fraconalto', 6),
(6070, 'Francavilla Bisio', 6),
(6071, 'Frascaro', 6),
(6072, 'Frassinello Monferrato', 6),
(6073, 'Frassineto Po', 6),
(6074, 'Fresonara', 6),
(6075, 'Frugarolo', 6),
(6076, 'Fubine', 6),
(6077, 'Gabiano', 6),
(6078, 'Gamalero', 6),
(6079, 'Garbagna', 6),
(6080, 'Gavazzana', 6),
(6081, 'Gavi', 6),
(6082, 'Giarole', 6),
(6083, 'Gremiasco', 6),
(6084, 'Grognardo', 6),
(6085, 'Grondona', 6),
(6086, 'Guazzora', 6),
(6087, 'Isola Sant\'Antonio', 6),
(6088, 'Lerma', 6),
(6089, 'Lu', 6),
(6090, 'Malvicino', 6),
(6091, 'Masio', 6),
(6092, 'Melazzo', 6),
(6093, 'Merana', 6),
(6094, 'Mirabello Monferrato', 6),
(6095, 'Molare', 6),
(6096, 'Molino dei Torti', 6),
(6097, 'Mombello Monferrato', 6),
(6098, 'Momperone', 6),
(6099, 'Moncestino', 6),
(6100, 'Mongiardino Ligure', 6),
(6101, 'Monleale', 6),
(6102, 'Montacuto', 6),
(6103, 'Montaldeo', 6),
(6104, 'Montaldo Bormida', 6),
(6105, 'Montecastello', 6),
(6106, 'Montechiaro d\'Acqui', 6),
(6107, 'Montegioco', 6),
(6108, 'Montemarzino', 6),
(6109, 'Morano sul Po', 6),
(6110, 'Morbello', 6),
(6111, 'Mornese', 6),
(6112, 'Morsasco', 6),
(6113, 'Murisengo', 6),
(6114, 'Novi Ligure', 6),
(6115, 'Occimiano', 6),
(6116, 'Odalengo Grande', 6),
(6117, 'Odalengo Piccolo', 6),
(6118, 'Olivola', 6),
(6119, 'Orsara Bormida', 6),
(6120, 'Ottiglio', 6),
(6121, 'Ovada', 6),
(6122, 'Oviglio', 6),
(6123, 'Ozzano Monferrato', 6),
(6124, 'Paderna', 6),
(6125, 'Pareto', 6),
(6126, 'Parodi Ligure', 6),
(6127, 'Pasturana', 6),
(6128, 'Pecetto di Valenza', 6),
(6129, 'Pietra Marazzi', 6),
(6130, 'Piovera', 6),
(6131, 'Pomaro Monferrato', 6),
(6132, 'Pontecurone', 6),
(6133, 'Pontestura', 6),
(6134, 'Ponti', 6),
(6135, 'Ponzano Monferrato', 6),
(6136, 'Ponzone', 6),
(6137, 'Pozzol Groppo', 6),
(6138, 'Pozzolo Formigaro', 6),
(6139, 'Prasco', 6),
(6140, 'Predosa', 6),
(6141, 'Quargnento', 6),
(6142, 'Quattordio', 6),
(6143, 'Ricaldone', 6),
(6144, 'Rivalta Bormida', 6),
(6145, 'Rivarone', 6),
(6146, 'Roccaforte Ligure', 6),
(6147, 'Rocca Grimalda', 6),
(6148, 'Rocchetta Ligure', 6),
(6149, 'Rosignano Monferrato', 6),
(6150, 'Sala Monferrato', 6),
(6151, 'Sale', 6),
(6152, 'San Cristoforo', 6),
(6153, 'San Giorgio Monferrato', 6),
(6154, 'San Salvatore Monferrato', 6),
(6155, 'San Sebastiano Curone', 6),
(6156, 'Sant\'Agata Fossili', 6),
(6157, 'Sardigliano', 6),
(6158, 'Sarezzano', 6),
(6159, 'Serralunga di Crea', 6),
(6160, 'Serravalle Scrivia', 6),
(6161, 'Sezzadio', 6),
(6162, 'Silvano d\'Orba', 6),
(6163, 'Solero', 6),
(6164, 'Solonghello', 6),
(6165, 'Spigno Monferrato', 6),
(6166, 'Spineto Scrivia', 6),
(6167, 'Stazzano', 6),
(6168, 'Strevi', 6),
(6169, 'Tagliolo Monferrato', 6),
(6170, 'Tassarolo', 6),
(6171, 'Terruggia', 6),
(6172, 'Terzo', 6),
(6173, 'Ticineto', 6),
(6174, 'Tortona', 6),
(6175, 'Treville', 6),
(6176, 'Trisobbio', 6),
(6177, 'Valenza', 6),
(6178, 'Valmacca', 6),
(6179, 'Vignale Monferrato', 6),
(6180, 'Vignole Borbera', 6),
(6181, 'Viguzzolo', 6),
(6182, 'Villadeati', 6),
(6183, 'Villalvernia', 6),
(6184, 'Villamiroglio', 6),
(6185, 'Villanova Monferrato', 6),
(6186, 'Villaromagnano', 6),
(6187, 'Visone', 6),
(6188, 'Volpedo', 6),
(6189, 'Volpeglino', 6),
(6190, 'Voltaggio', 6),
(7001, 'Allein', 7),
(7002, 'Antey-Saint-Andr&egrave;', 7),
(7003, 'Aosta', 7),
(7004, 'Arnad', 7),
(7005, 'Arvier', 7),
(7006, 'Avise', 7),
(7007, 'Ayas', 7),
(7008, 'Aymavilles', 7),
(7009, 'Bard', 7),
(7010, 'Bionaz', 7),
(7011, 'Brissogne', 7),
(7012, 'Brusson', 7),
(7013, 'Challand-Saint-Anselme', 7),
(7014, 'Challand-Saint-Victor', 7),
(7015, 'Chambave', 7),
(7016, 'Chamois', 7),
(7017, 'Champdepraz', 7),
(7018, 'Champorcher', 7),
(7019, 'Charvensod', 7),
(7020, 'Chatillon', 7),
(7021, 'Cogne', 7),
(7022, 'Courmayeur', 7),
(7023, 'Donnas', 7),
(7024, 'Doues', 7),
(7025, 'Emar&egrave;se', 7),
(7026, 'Etroubles', 7),
(7027, 'F&egrave;nis', 7),
(7028, 'Fontainemore', 7),
(7029, 'Gaby', 7),
(7030, 'Gignod', 7),
(7031, 'Gressan', 7),
(7032, 'Gressoney-La-Trinit&egrave;', 7),
(7033, 'Gressoney-Saint-Jean', 7),
(7034, 'Hone', 7),
(7035, 'Introd', 7),
(7036, 'Issime', 7),
(7037, 'Issogne', 7),
(7038, 'Jovencan', 7),
(7039, 'La Magdeleine', 7),
(7040, 'La Salle', 7),
(7041, 'La Thuile', 7),
(7042, 'Lillianes', 7),
(7043, 'Montjovet', 7),
(7044, 'Morgex', 7),
(7045, 'Nus', 7),
(7046, 'Ollomont', 7),
(7047, 'Oyace', 7),
(7048, 'Perloz', 7),
(7049, 'Pollein', 7),
(7050, 'Pontboset', 7),
(7051, 'Pontey', 7),
(7052, 'Pont-Saint-Martin', 7),
(7053, 'Pr&egrave;-Saint-Didier', 7),
(7054, 'Quart', 7),
(7055, 'Rhemes-Notre-Dame', 7),
(7056, 'Rhemes-Saint-Georges', 7),
(7057, 'Roisan', 7),
(7058, 'Saint-Christophe', 7),
(7059, 'Saint-Denis', 7),
(7060, 'Saint-Marcel', 7),
(7061, 'Saint-Nicolas', 7),
(7062, 'Saint-Oyen', 7),
(7063, 'Saint-Pierre', 7),
(7064, 'Saint-Rh&egrave;my-en-Bosses', 7),
(7065, 'Saint-Vincent', 7),
(7066, 'Sarre', 7),
(7067, 'Torgnon', 7),
(7068, 'Valgrisenche', 7),
(7069, 'Valpelline', 7),
(7070, 'Valsavarenche', 7),
(7071, 'Valtournenche', 7),
(7072, 'Verrayes', 7),
(7073, 'Verr&egrave;s', 7),
(7074, 'Villeneuve', 7),
(8001, 'Airole', 8),
(8002, 'Apricale', 8),
(8003, 'Aquila d\'Arroscia', 8),
(8004, 'Armo', 8),
(8005, 'Aurigo', 8),
(8006, 'Badalucco', 8),
(8007, 'Bajardo', 8),
(8008, 'Bordighera', 8),
(8009, 'Borghetto d\'Arroscia', 8),
(8010, 'Borgomaro', 8),
(8011, 'Camporosso', 8),
(8012, 'Caravonica', 8),
(8013, 'Carpasio', 8),
(8014, 'Castellaro', 8),
(8015, 'Castel Vittorio', 8),
(8016, 'Ceriana', 8),
(8017, 'Cervo', 8),
(8018, 'Cesio', 8),
(8019, 'Chiusanico', 8),
(8020, 'Chiusavecchia', 8),
(8021, 'Cipressa', 8),
(8022, 'Civezza', 8),
(8023, 'Cosio d\'Arroscia', 8),
(8024, 'Costarainera', 8),
(8025, 'Diano Arentino', 8),
(8026, 'Diano Castello', 8),
(8027, 'Diano Marina', 8),
(8028, 'Diano San Pietro', 8),
(8029, 'Dolceacqua', 8),
(8030, 'Dolcedo', 8),
(8031, 'Imperia', 8),
(8032, 'Isolabona', 8),
(8033, 'Lucinasco', 8),
(8034, 'Mendatica', 8),
(8035, 'Molini di Triora', 8),
(8036, 'Montalto Ligure', 8),
(8037, 'Montegrosso Pian Latte', 8),
(8038, 'Olivetta San Michele', 8),
(8039, 'Ospedaletti', 8),
(8040, 'Perinaldo', 8),
(8041, 'Pietrabruna', 8),
(8042, 'Pieve di Teco', 8),
(8043, 'Pigna', 8),
(8044, 'Pompeiana', 8),
(8045, 'Pontedassio', 8),
(8046, 'Pornassio', 8),
(8047, 'Prel&agrave;', 8),
(8048, 'Ranzo', 8),
(8049, 'Rezzo', 8),
(8050, 'Riva Ligure', 8),
(8051, 'Rocchetta Nervina', 8),
(8052, 'San Bartolomeo al Mare', 8),
(8053, 'San Biagio della Cima', 8),
(8054, 'San Lorenzo al Mare', 8),
(8055, 'Sanremo', 8),
(8056, 'Santo Stefano al Mare', 8),
(8057, 'Seborga', 8),
(8058, 'Soldano', 8),
(8059, 'Taggia', 8),
(8060, 'Terzorio', 8),
(8061, 'Triora', 8),
(8062, 'Vallebona', 8),
(8063, 'Vallecrosia', 8),
(8064, 'Vasia', 8),
(8065, 'Ventimiglia', 8),
(8066, 'Vessalico', 8),
(8067, 'Villa Faraldi', 8),
(9001, 'Alassio', 9),
(9002, 'Albenga', 9),
(9003, 'Albissola Marina', 9),
(9004, 'Albisola Superiore', 9),
(9005, 'Altare', 9),
(9006, 'Andora', 9),
(9007, 'Arnasco', 9),
(9008, 'Balestrino', 9),
(9009, 'Bardineto', 9),
(9010, 'Bergeggi', 9),
(9011, 'Boissano', 9),
(9012, 'Borghetto Santo Spirito', 9),
(9013, 'Borgio Verezzi', 9),
(9014, 'Bormida', 9),
(9015, 'Cairo Montenotte', 9),
(9016, 'Calice Ligure', 9),
(9017, 'Calizzano', 9),
(9018, 'Carcare', 9),
(9019, 'Casanova Lerrone', 9),
(9020, 'Castelbianco', 9),
(9021, 'Castelvecchio di Rocca Barbena', 9),
(9022, 'Celle Ligure', 9),
(9023, 'Cengio', 9),
(9024, 'Ceriale', 9),
(9025, 'Cisano sul Neva', 9),
(9026, 'Cosseria', 9),
(9027, 'Dego', 9),
(9028, 'Erli', 9),
(9029, 'Finale Ligure', 9),
(9030, 'Garlenda', 9),
(9031, 'Giustenice', 9),
(9032, 'Giusvalla', 9),
(9033, 'Laigueglia', 9),
(9034, 'Loano', 9),
(9035, 'Magliolo', 9),
(9036, 'Mallare', 9),
(9037, 'Massimino', 9),
(9038, 'Millesimo', 9),
(9039, 'Mioglia', 9),
(9040, 'Murialdo', 9),
(9041, 'Nasino', 9),
(9042, 'Noli', 9),
(9043, 'Onzo', 9),
(9044, 'Orco Feglino', 9),
(9045, 'Ortovero', 9),
(9046, 'Osiglia', 9),
(9047, 'Pallare', 9),
(9048, 'Piana Crixia', 9),
(9049, 'Pietra Ligure', 9),
(9050, 'Plodio', 9),
(9051, 'Pontinvrea', 9),
(9052, 'Quiliano', 9),
(9053, 'Rialto', 9),
(9054, 'Roccavignale', 9),
(9055, 'Sassello', 9),
(9056, 'Savona', 9),
(9057, 'Spotorno', 9),
(9058, 'Stella', 9),
(9059, 'Stellanello', 9),
(9060, 'Testico', 9),
(9061, 'Toirano', 9),
(9062, 'Tovo San Giacomo', 9),
(9063, 'Urbe', 9),
(9064, 'Vado Ligure', 9),
(9065, 'Varazze', 9),
(9066, 'Vendone', 9),
(9067, 'Vezzi Portio', 9),
(9068, 'Villanova d\'Albenga', 9),
(9069, 'Zuccarello', 9),
(10001, 'Arenzano', 10),
(10002, 'Avegno', 10),
(10003, 'Bargagli', 10),
(10004, 'Bogliasco', 10),
(10005, 'Borzonasca', 10),
(10006, 'Busalla', 10),
(10007, 'Camogli', 10),
(10008, 'Campo Ligure', 10),
(10009, 'Campomorone', 10),
(10010, 'Carasco', 10),
(10011, 'Casarza Ligure', 10),
(10012, 'Casella', 10),
(10013, 'Castiglione Chiavarese', 10),
(10014, 'Ceranesi', 10),
(10015, 'Chiavari', 10),
(10016, 'Cicagna', 10),
(10017, 'Cogoleto', 10),
(10018, 'Cogorno', 10),
(10019, 'Coreglia Ligure', 10),
(10020, 'Crocefieschi', 10),
(10021, 'Davagna', 10),
(10022, 'Fascia', 10),
(10023, 'Favale di Malvaro', 10),
(10024, 'Fontanigorda', 10),
(10025, 'Genova', 10),
(10026, 'Gorreto', 10),
(10027, 'Isola del Cantone', 10),
(10028, 'Lavagna', 10),
(10029, 'Leivi', 10),
(10030, 'Lorsica', 10),
(10031, 'Lumarzo', 10),
(10032, 'Masone', 10),
(10033, 'Mele', 10),
(10034, 'Mezzanego', 10),
(10035, 'Mignanego', 10),
(10036, 'Moconesi', 10),
(10037, 'Moneglia', 10),
(10038, 'Montebruno', 10),
(10039, 'Montoggio', 10),
(10040, 'Ne', 10),
(10041, 'Neirone', 10),
(10042, 'Orero', 10),
(10043, 'Pieve Ligure', 10),
(10044, 'Portofino', 10),
(10045, 'Propata', 10),
(10046, 'Rapallo', 10),
(10047, 'Recco', 10),
(10048, 'Rezzoaglio', 10),
(10049, 'Ronco Scrivia', 10),
(10050, 'Rondanina', 10),
(10051, 'Rossiglione', 10),
(10052, 'Rovegno', 10),
(10053, 'San Colombano Certenoli', 10),
(10054, 'Santa Margherita Ligure', 10),
(10055, 'Sant\'Olcese', 10),
(10056, 'Santo Stefano d\'Aveto', 10),
(10057, 'Savignone', 10),
(10058, 'Serra Ricc&ograve;', 10),
(10059, 'Sestri Levante', 10),
(10060, 'Sori', 10),
(10061, 'Tiglieto', 10),
(10062, 'Torriglia', 10),
(10063, 'Tribogna', 10),
(10064, 'Uscio', 10),
(10065, 'Valbrevenna', 10),
(10066, 'Vobbia', 10),
(10067, 'Zoagli', 10),
(11001, 'Ameglia', 11),
(11002, 'Arcola', 11),
(11003, 'Beverino', 11),
(11004, 'Bolano', 11),
(11005, 'Bonassola', 11),
(11006, 'Borghetto di Vara', 11),
(11007, 'Brugnato', 11),
(11008, 'Calice al Cornoviglio', 11),
(11009, 'Carro', 11),
(11010, 'Carrodano', 11),
(11011, 'Castelnuovo Magra', 11),
(11012, 'Deiva Marina', 11),
(11013, 'Follo', 11),
(11014, 'Framura', 11),
(11015, 'La Spezia', 11),
(11016, 'Lerici', 11),
(11017, 'Levanto', 11),
(11018, 'Maissana', 11),
(11019, 'Monterosso al Mare', 11),
(11020, 'Ortonovo', 11),
(11021, 'Pignone', 11),
(11022, 'Portovenere', 11),
(11023, 'Ricc&ograve; del Golfo di Spezia', 11),
(11024, 'Riomaggiore', 11),
(11025, 'Rocchetta di Vara', 11),
(11026, 'Santo Stefano di Magra', 11),
(11027, 'Sarzana', 11),
(11028, 'Sesta Godano', 11),
(11029, 'Varese Ligure', 11),
(11030, 'Vernazza', 11),
(11031, 'Vezzano Ligure', 11),
(11032, 'Zignago', 11),
(12001, 'Agra', 12),
(12002, 'Albizzate', 12),
(12003, 'Angera', 12),
(12004, 'Arcisate', 12),
(12005, 'Arsago Seprio', 12),
(12006, 'Azzate', 12),
(12007, 'Azzio', 12),
(12008, 'Barasso', 12),
(12009, 'Bardello', 12),
(12010, 'Bedero Valcuvia', 12),
(12011, 'Besano', 12),
(12012, 'Besnate', 12),
(12013, 'Besozzo', 12),
(12014, 'Biandronno', 12),
(12015, 'Bisuschio', 12),
(12016, 'Bodio Lomnago', 12),
(12017, 'Brebbia', 12),
(12018, 'Bregano', 12),
(12019, 'Brenta', 12),
(12020, 'Brezzo di Bedero', 12),
(12021, 'Brinzio', 12),
(12022, 'Brissago-Valtravaglia', 12),
(12023, 'Brunello', 12),
(12024, 'Brusimpiano', 12),
(12025, 'Buguggiate', 12),
(12026, 'Busto Arsizio', 12),
(12027, 'Cadegliano-Viconago', 12),
(12028, 'Cadrezzate', 12),
(12029, 'Cairate', 12),
(12030, 'Cantello', 12),
(12031, 'Caravate', 12),
(12032, 'Cardano al Campo', 12),
(12033, 'Carnago', 12),
(12034, 'Caronno Pertusella', 12),
(12035, 'Caronno Varesino', 12),
(12036, 'Casale Litta', 12),
(12037, 'Casalzuigno', 12),
(12038, 'Casciago', 12),
(12039, 'Casorate Sempione', 12),
(12040, 'Cassano Magnago', 12),
(12041, 'Cassano Valcuvia', 12),
(12042, 'Castellanza', 12),
(12043, 'Castello Cabiaglio', 12),
(12044, 'Castelseprio', 12),
(12045, 'Castelveccana', 12),
(12046, 'Castiglione Olona', 12),
(12047, 'Castronno', 12),
(12048, 'Cavaria con Premezzo', 12),
(12049, 'Cazzago Brabbia', 12),
(12050, 'Cislago', 12),
(12051, 'Cittiglio', 12),
(12052, 'Clivio', 12),
(12053, 'Cocquio-Trevisago', 12),
(12054, 'Comabbio', 12),
(12055, 'Comerio', 12),
(12056, 'Cremenaga', 12),
(12057, 'Crosio della Valle', 12),
(12058, 'Cuasso al Monte', 12),
(12059, 'Cugliate-Fabiasco', 12),
(12060, 'Cunardo', 12),
(12061, 'Curiglia con Monteviasco', 12),
(12062, 'Cuveglio', 12),
(12063, 'Cuvio', 12),
(12064, 'Daverio', 12),
(12065, 'Dumenza', 12),
(12066, 'Duno', 12),
(12067, 'Fagnano Olona', 12),
(12068, 'Ferno', 12),
(12069, 'Ferrera di Varese', 12),
(12070, 'Gallarate', 12),
(12071, 'Galliate Lombardo', 12),
(12072, 'Gavirate', 12),
(12073, 'Gazzada Schianno', 12),
(12074, 'Gemonio', 12),
(12075, 'Gerenzano', 12),
(12076, 'Germignaga', 12),
(12077, 'Golasecca', 12),
(12078, 'Gorla Maggiore', 12),
(12079, 'Gorla Minore', 12),
(12080, 'Gornate-Olona', 12),
(12081, 'Grantola', 12),
(12082, 'Inarzo', 12),
(12083, 'Induno Olona', 12),
(12084, 'Ispra', 12),
(12085, 'Jerago con Orago', 12),
(12086, 'Lavena Ponte Tresa', 12),
(12087, 'Laveno-Mombello', 12),
(12088, 'Leggiuno', 12),
(12089, 'Lonate Ceppino', 12),
(12090, 'Lonate Pozzolo', 12),
(12091, 'Lozza', 12),
(12092, 'Luino', 12),
(12093, 'Luvinate', 12),
(12094, 'Maccagno', 12),
(12095, 'Malgesso', 12),
(12096, 'Malnate', 12),
(12097, 'Marchirolo', 12),
(12098, 'Marnate', 12),
(12099, 'Marzio', 12),
(12100, 'Masciago Primo', 12),
(12101, 'Mercallo', 12),
(12102, 'Mesenzana', 12),
(12103, 'Montegrino Valtravaglia', 12),
(12104, 'Monvalle', 12),
(12105, 'Morazzone', 12),
(12106, 'Mornago', 12),
(12107, 'Oggiona con Santo Stefano', 12),
(12108, 'Olgiate Olona', 12),
(12109, 'Origgio', 12),
(12110, 'Orino', 12),
(12111, 'Osmate', 12),
(12112, 'Pino sulla Sponda del Lago Maggiore', 12),
(12113, 'Porto Ceresio', 12),
(12114, 'Porto Valtravaglia', 12),
(12115, 'Rancio Valcuvia', 12),
(12116, 'Ranco', 12),
(12117, 'Saltrio', 12),
(12118, 'Samarate', 12),
(12119, 'Saronno', 12),
(12120, 'Sesto Calende', 12),
(12121, 'Solbiate Arno', 12),
(12122, 'Solbiate Olona', 12),
(12123, 'Somma Lombardo', 12),
(12124, 'Sumirago', 12),
(12125, 'Taino', 12),
(12126, 'Ternate', 12),
(12127, 'Tradate', 12),
(12128, 'Travedona-Monate', 12),
(12129, 'Tronzano Lago Maggiore', 12),
(12130, 'Uboldo', 12),
(12131, 'Valganna', 12),
(12132, 'Varano Borghi', 12),
(12133, 'Varese', 12),
(12134, 'Vedano Olona', 12),
(12135, 'Veddasca', 12),
(12136, 'Venegono Inferiore', 12),
(12137, 'Venegono Superiore', 12),
(12138, 'Vergiate', 12),
(12139, 'Viggi&ugrave;', 12),
(12140, 'Vizzola Ticino', 12),
(12141, 'Sangiano', 12),
(13003, 'Albavilla', 13),
(13004, 'Albese con Cassano', 13),
(13005, 'Albiolo', 13),
(13006, 'Alserio', 13),
(13007, 'Alzate Brianza', 13),
(13009, 'Anzano del Parco', 13),
(13010, 'Appiano Gentile', 13),
(13011, 'Argegno', 13),
(13012, 'Arosio', 13),
(13013, 'Asso', 13),
(13015, 'Barni', 13),
(13019, 'Bellagio', 13),
(13021, 'Bene Lario', 13),
(13022, 'Beregazzo con Figliaro', 13),
(13023, 'Binago', 13),
(13024, 'Bizzarone', 13),
(13025, 'Blessagno', 13),
(13026, 'Blevio', 13),
(13028, 'Bregnano', 13),
(13029, 'Brenna', 13),
(13030, 'Brienno', 13),
(13032, 'Brunate', 13),
(13034, 'Bulgarograsso', 13),
(13035, 'Cabiate', 13),
(13036, 'Cadorago', 13),
(13037, 'Caglio', 13),
(13038, 'Cagno', 13),
(13040, 'Campione d\'Italia', 13),
(13041, 'Cant&ugrave;', 13),
(13042, 'Canzo', 13),
(13043, 'Capiago Intimiano', 13),
(13044, 'Carate Urio', 13),
(13045, 'Carbonate', 13),
(13046, 'Carimate', 13),
(13047, 'Carlazzo', 13),
(13048, 'Carugo', 13),
(13050, 'Casasco d\'Intelvi', 13),
(13052, 'Caslino d\'Erba', 13),
(13053, 'Casnate con Bernate', 13),
(13055, 'Cassina Rizzardi', 13),
(13058, 'Castelmarte', 13),
(13059, 'Castelnuovo Bozzente', 13),
(13060, 'Castiglione d\'Intelvi', 13),
(13061, 'Cavallasca', 13),
(13062, 'Cavargna', 13),
(13063, 'Cerano d\'Intelvi', 13),
(13064, 'Cermenate', 13),
(13065, 'Cernobbio', 13),
(13068, 'Cirimido', 13),
(13070, 'Civenna', 13),
(13071, 'Claino con Osteno', 13),
(13074, 'Colonno', 13),
(13075, 'Como', 13),
(13076, 'Consiglio di Rumo', 13),
(13077, 'Corrido', 13),
(13083, 'Cremia', 13),
(13084, 'Cucciago', 13),
(13085, 'Cusino', 13),
(13087, 'Dizzasco', 13),
(13089, 'Domaso', 13),
(13090, 'Dongo', 13),
(13092, 'Dosso del Liro', 13),
(13093, 'Drezzo', 13),
(13095, 'Erba', 13),
(13097, 'Eupilio', 13),
(13098, 'Faggeto Lario', 13),
(13099, 'Faloppio', 13),
(13100, 'Fenegr&ograve;', 13),
(13101, 'Figino Serenza', 13),
(13102, 'Fino Mornasco', 13),
(13106, 'Garzeno', 13),
(13107, 'Gera Lario', 13),
(13108, 'Germasino', 13),
(13109, 'Gironico', 13),
(13110, 'Grandate', 13),
(13111, 'Grandola ed Uniti', 13),
(13112, 'Gravedona', 13),
(13113, 'Griante', 13),
(13114, 'Guanzate', 13),
(13118, 'Inverigo', 13),
(13119, 'Laglio', 13),
(13120, 'Laino', 13),
(13121, 'Lambrugo', 13),
(13122, 'Lanzo d\'Intelvi', 13),
(13123, 'Lasnigo', 13),
(13125, 'Lenno', 13),
(13126, 'Lezzeno', 13),
(13128, 'Limido Comasco', 13),
(13129, 'Lipomo', 13),
(13130, 'Livo', 13),
(13131, 'Locate Varesino', 13),
(13133, 'Lomazzo', 13),
(13134, 'Longone al Segrino', 13),
(13135, 'Luisago', 13),
(13136, 'Lurago d\'Erba', 13),
(13137, 'Lurago Marinone', 13),
(13138, 'Lurate Caccivio', 13),
(13139, 'Magreglio', 13),
(13143, 'Mariano Comense', 13),
(13144, 'Maslianico', 13),
(13145, 'Menaggio', 13),
(13147, 'Merone', 13),
(13148, 'Mezzegra', 13),
(13152, 'Moltrasio', 13),
(13153, 'Monguzzo', 13),
(13154, 'Montano Lucino', 13),
(13155, 'Montemezzo', 13),
(13157, 'Montorfano', 13),
(13159, 'Mozzate', 13),
(13160, 'Musso', 13),
(13161, 'Nesso', 13),
(13163, 'Novedrate', 13),
(13165, 'Olgiate Comasco', 13),
(13169, 'Oltrona di San Mamette', 13),
(13170, 'Orsenigo', 13),
(13172, 'Ossuccio', 13),
(13175, 'Par&egrave;', 13),
(13178, 'Peglio', 13),
(13179, 'Pellio Intelvi', 13),
(13183, 'Pianello del Lario', 13),
(13184, 'Pigra', 13),
(13185, 'Plesio', 13),
(13186, 'Pognana Lario', 13),
(13187, 'Ponna', 13),
(13188, 'Ponte Lambro', 13),
(13189, 'Porlezza', 13),
(13192, 'Proserpio', 13),
(13193, 'Pusiano', 13),
(13194, 'Ramponio Verna', 13),
(13195, 'Rezzago', 13),
(13197, 'Rodero', 13),
(13199, 'Ronago', 13),
(13201, 'Rovellasca', 13),
(13202, 'Rovello Porro', 13),
(13203, 'Sala Comacina', 13),
(13204, 'San Bartolomeo Val Cavargna', 13),
(13205, 'San Fedele Intelvi', 13),
(13206, 'San Fermo della Battaglia', 13),
(13207, 'San Nazzaro Val Cavargna', 13),
(13211, 'Schignano', 13),
(13212, 'Senna Comasco', 13),
(13215, 'Solbiate', 13),
(13216, 'Sorico', 13),
(13217, 'Sormano', 13),
(13218, 'Stazzona', 13),
(13222, 'Tavernerio', 13),
(13223, 'Torno', 13),
(13225, 'Tremezzo', 13),
(13226, 'Trezzone', 13),
(13227, 'Turate', 13),
(13228, 'Uggiate-Trevano', 13),
(13229, 'Valbrona', 13),
(13232, 'Valmorea', 13),
(13233, 'Val Rezzo', 13),
(13234, 'Valsolda', 13),
(13236, 'Veleso', 13),
(13238, 'Veniano', 13),
(13239, 'Vercana', 13),
(13242, 'Vertemate con Minoprio', 13),
(13245, 'Villa Guardia', 13),
(13246, 'Zelbio', 13),
(13248, 'San Siro', 13),
(14001, 'Albaredo per San Marco', 14),
(14002, 'Albosaggia', 14),
(14003, 'Andalo Valtellino', 14),
(14004, 'Aprica', 14),
(14005, 'Ardenno', 14),
(14006, 'Bema', 14),
(14007, 'Berbenno di Valtellina', 14),
(14008, 'Bianzone', 14),
(14009, 'Bormio', 14),
(14010, 'Buglio in Monte', 14),
(14011, 'Caiolo', 14),
(14012, 'Campodolcino', 14),
(14013, 'Caspoggio', 14),
(14014, 'Castello dell\'Acqua', 14),
(14015, 'Castione Andevenno', 14),
(14016, 'Cedrasco', 14),
(14017, 'Cercino', 14),
(14018, 'Chiavenna', 14),
(14019, 'Chiesa in Valmalenco', 14),
(14020, 'Chiuro', 14),
(14021, 'Cino', 14),
(14022, 'Civo', 14),
(14023, 'Colorina', 14),
(14024, 'Cosio Valtellino', 14),
(14025, 'Dazio', 14),
(14026, 'Delebio', 14),
(14027, 'Dubino', 14),
(14028, 'Faedo Valtellino', 14),
(14029, 'Forcola', 14),
(14030, 'Fusine', 14),
(14031, 'Gerola Alta', 14),
(14032, 'Gordona', 14),
(14033, 'Grosio', 14),
(14034, 'Grosotto', 14),
(14035, 'Madesimo', 14),
(14036, 'Lanzada', 14),
(14037, 'Livigno', 14),
(14038, 'Lovero', 14),
(14039, 'Mantello', 14),
(14040, 'Mazzo di Valtellina', 14),
(14041, 'Mello', 14),
(14042, 'Menarola', 14),
(14043, 'Mese', 14),
(14044, 'Montagna in Valtellina', 14),
(14045, 'Morbegno', 14),
(14046, 'Novate Mezzola', 14),
(14047, 'Pedesina', 14),
(14048, 'Piantedo', 14),
(14049, 'Piateda', 14),
(14050, 'Piuro', 14),
(14051, 'Poggiridenti', 14),
(14052, 'Ponte in Valtellina', 14),
(14053, 'Postalesio', 14),
(14054, 'Prata Camportaccio', 14),
(14055, 'Rasura', 14),
(14056, 'Rogolo', 14),
(14057, 'Samolaco', 14),
(14058, 'San Giacomo Filippo', 14),
(14059, 'Sernio', 14),
(14060, 'Sondalo', 14),
(14061, 'Sondrio', 14),
(14062, 'Spriana', 14),
(14063, 'Talamona', 14),
(14064, 'Tartano', 14),
(14065, 'Teglio', 14),
(14066, 'Tirano', 14),
(14067, 'Torre di Santa Maria', 14),
(14068, 'Tovo di Sant\'Agata', 14),
(14069, 'Traona', 14),
(14070, 'Tresivio', 14),
(14071, 'Valdidentro', 14),
(14072, 'Valdisotto', 14),
(14073, 'Valfurva', 14),
(14074, 'Val Masino', 14),
(14075, 'Verceia', 14),
(14076, 'Vervio', 14),
(14077, 'Villa di Chiavenna', 14),
(14078, 'Villa di Tirano', 14),
(15002, 'Abbiategrasso', 15),
(15005, 'Albairate', 15),
(15007, 'Arconate', 15),
(15009, 'Arese', 15),
(15010, 'Arluno', 15),
(15011, 'Assago', 15),
(15012, 'Bareggio', 15),
(15014, 'Basiano', 15),
(15015, 'Basiglio', 15),
(15016, 'Bellinzago Lombardo', 15),
(15019, 'Bernate Ticino', 15),
(15022, 'Besate', 15),
(15024, 'Binasco', 15),
(15026, 'Boffalora sopra Ticino', 15),
(15027, 'Bollate', 15),
(15032, 'Bresso', 15),
(15035, 'Bubbiano', 15),
(15036, 'Buccinasco', 15),
(15038, 'Buscate', 15),
(15040, 'Bussero', 15),
(15041, 'Busto Garolfo', 15),
(15042, 'Calvignasco', 15),
(15044, 'Cambiago', 15),
(15046, 'Canegrate', 15),
(15050, 'Carpiano', 15),
(15051, 'Carugate', 15),
(15055, 'Casarile', 15),
(15058, 'Casorezzo', 15),
(15059, 'Cassano d\'Adda', 15),
(15060, 'Cassina de\' Pecchi', 15),
(15061, 'Cassinetta di Lugagnano', 15),
(15062, 'Castano Primo', 15),
(15070, 'Cernusco sul Naviglio', 15),
(15071, 'Cerro al Lambro', 15),
(15072, 'Cerro Maggiore', 15),
(15074, 'Cesano Boscone', 15),
(15076, 'Cesate', 15),
(15077, 'Cinisello Balsamo', 15),
(15078, 'Cisliano', 15),
(15081, 'Cologno Monzese', 15),
(15082, 'Colturano', 15),
(15085, 'Corbetta', 15),
(15086, 'Cormano', 15),
(15087, 'Cornaredo', 15),
(15093, 'Corsico', 15),
(15096, 'Cuggiono', 15),
(15097, 'Cusago', 15),
(15098, 'Cusano Milanino', 15),
(15099, 'Dairago', 15),
(15101, 'Dresano', 15),
(15103, 'Gaggiano', 15),
(15105, 'Garbagnate Milanese', 15),
(15106, 'Gessate', 15),
(15108, 'Gorgonzola', 15),
(15110, 'Grezzago', 15),
(15112, 'Gudo Visconti', 15),
(15113, 'Inveruno', 15),
(15114, 'Inzago', 15),
(15115, 'Lacchiarella', 15),
(15116, 'Lainate', 15),
(15118, 'Legnano', 15),
(15122, 'Liscate', 15),
(15125, 'Locate di Triulzi', 15),
(15130, 'Magenta', 15),
(15131, 'Magnago', 15),
(15134, 'Marcallo con Casone', 15),
(15136, 'Masate', 15),
(15139, 'Mediglia', 15),
(15140, 'Melegnano', 15),
(15142, 'Melzo', 15),
(15144, 'Mesero', 15),
(15146, 'Milano', 15),
(15150, 'Morimondo', 15),
(15151, 'Motta Visconti', 15),
(15154, 'Nerviano', 15),
(15155, 'Nosate', 15),
(15157, 'Novate Milanese', 15),
(15158, 'Noviglio', 15),
(15159, 'Opera', 15),
(15164, 'Ossona', 15),
(15165, 'Ozzero', 15),
(15166, 'Paderno Dugnano', 15),
(15167, 'Pantigliate', 15),
(15168, 'Parabiago', 15),
(15169, 'Paullo', 15),
(15170, 'Pero', 15),
(15171, 'Peschiera Borromeo', 15),
(15172, 'Pessano con Bornago', 15),
(15173, 'Pieve Emanuele', 15),
(15175, 'Pioltello', 15),
(15176, 'Pogliano Milanese', 15),
(15177, 'Pozzo d\'Adda', 15),
(15178, 'Pozzuolo Martesana', 15),
(15179, 'Pregnana Milanese', 15),
(15181, 'Rescaldina', 15),
(15182, 'Rho', 15),
(15183, 'Robecchetto con Induno', 15),
(15184, 'Robecco sul Naviglio', 15),
(15185, 'Rodano', 15),
(15188, 'Rosate', 15),
(15189, 'Rozzano', 15),
(15191, 'San Colombano al Lambro', 15),
(15192, 'San Donato Milanese', 15),
(15194, 'San Giorgio su Legnano', 15),
(15195, 'San Giuliano Milanese', 15),
(15200, 'Santo Stefano Ticino', 15),
(15201, 'San Vittore Olona', 15),
(15202, 'San Zenone al Lambro', 15),
(15204, 'Sedriano', 15),
(15205, 'Segrate', 15),
(15206, 'Senago', 15),
(15209, 'Sesto San Giovanni', 15),
(15210, 'Settala', 15),
(15211, 'Settimo Milanese', 15),
(15213, 'Solaro', 15),
(15219, 'Trezzano Rosa', 15),
(15220, 'Trezzano sul Naviglio', 15),
(15221, 'Trezzo sull\'Adda', 15),
(15222, 'Tribiano', 15),
(15224, 'Truccazzano', 15),
(15226, 'Turbigo', 15),
(15229, 'Vanzago', 15),
(15230, 'Vaprio d\'Adda', 15),
(15235, 'Vermezzo', 15),
(15236, 'Vernate', 15),
(15237, 'Vignate', 15),
(15242, 'Vimodrone', 15),
(15243, 'Vittuone', 15),
(15244, 'Vizzolo Predabissi', 15),
(15246, 'Zelo Surrigone', 15),
(15247, 'Zibido San Giacomo', 15),
(15248, 'Villa Cortese', 15),
(15249, 'Vanzaghello', 15),
(15250, 'Baranzate', 15),
(16001, 'Adrara San Martino', 16),
(16002, 'Adrara San Rocco', 16),
(16003, 'Albano Sant\'Alessandro', 16),
(16004, 'Albino', 16),
(16005, 'Alm&egrave;', 16),
(16006, 'Almenno San Bartolomeo', 16),
(16007, 'Almenno San Salvatore', 16),
(16008, 'Alzano Lombardo', 16),
(16009, 'Ambivere', 16),
(16010, 'Antegnate', 16),
(16011, 'Arcene', 16),
(16012, 'Ardesio', 16),
(16013, 'Arzago d\'Adda', 16),
(16014, 'Averara', 16),
(16015, 'Aviatico', 16),
(16016, 'Azzano San Paolo', 16),
(16017, 'Azzone', 16),
(16018, 'Bagnatica', 16),
(16019, 'Barbata', 16),
(16020, 'Bariano', 16),
(16021, 'Barzana', 16),
(16022, 'Bedulita', 16),
(16023, 'Berbenno', 16),
(16024, 'Bergamo', 16),
(16025, 'Berzo San Fermo', 16),
(16026, 'Bianzano', 16),
(16027, 'Blello', 16),
(16028, 'Bolgare', 16),
(16029, 'Boltiere', 16),
(16030, 'Bonate Sopra', 16),
(16031, 'Bonate Sotto', 16),
(16032, 'Borgo di Terzo', 16),
(16033, 'Bossico', 16),
(16034, 'Bottanuco', 16),
(16035, 'Bracca', 16),
(16036, 'Branzi', 16),
(16037, 'Brembate', 16),
(16038, 'Brembate di Sopra', 16),
(16039, 'Brembilla', 16),
(16040, 'Brignano Gera d\'Adda', 16),
(16041, 'Brumano', 16),
(16042, 'Brusaporto', 16),
(16043, 'Calcinate', 16),
(16044, 'Calcio', 16),
(16046, 'Calusco d\'Adda', 16),
(16047, 'Calvenzano', 16),
(16048, 'Camerata Cornello', 16),
(16049, 'Canonica d\'Adda', 16),
(16050, 'Capizzone', 16),
(16051, 'Capriate San Gervasio', 16),
(16052, 'Caprino Bergamasco', 16),
(16053, 'Caravaggio', 16),
(16055, 'Carobbio degli Angeli', 16),
(16056, 'Carona', 16),
(16057, 'Carvico', 16),
(16058, 'Casazza', 16),
(16059, 'Casirate d\'Adda', 16),
(16060, 'Casnigo', 16),
(16061, 'Cassiglio', 16),
(16062, 'Castelli Calepio', 16),
(16063, 'Castel Rozzone', 16),
(16064, 'Castione della Presolana', 16),
(16065, 'Castro', 16),
(16066, 'Cavernago', 16),
(16067, 'Cazzano Sant\'Andrea', 16),
(16068, 'Cenate Sopra', 16),
(16069, 'Cenate Sotto', 16),
(16070, 'Cene', 16),
(16071, 'Cerete', 16),
(16072, 'Chignolo d\'Isola', 16),
(16073, 'Chiuduno', 16),
(16074, 'Cisano Bergamasco', 16),
(16075, 'Ciserano', 16),
(16076, 'Cividate al Piano', 16),
(16077, 'Clusone', 16),
(16078, 'Colere', 16),
(16079, 'Cologno al Serio', 16),
(16080, 'Colzate', 16),
(16081, 'Comun Nuovo', 16),
(16082, 'Corna Imagna', 16),
(16083, 'Cortenuova', 16),
(16084, 'Costa di Mezzate', 16),
(16085, 'Costa Valle Imagna', 16),
(16086, 'Costa Volpino', 16),
(16087, 'Covo', 16),
(16088, 'Credaro', 16),
(16089, 'Curno', 16),
(16090, 'Cusio', 16),
(16091, 'Dalmine', 16),
(16092, 'Dossena', 16),
(16093, 'Endine Gaiano', 16),
(16094, 'Entratico', 16),
(16096, 'Fara Gera d\'Adda', 16),
(16097, 'Fara Olivana con Sola', 16),
(16098, 'Filago', 16),
(16099, 'Fino del Monte', 16),
(16100, 'Fiorano al Serio', 16),
(16101, 'Fontanella', 16),
(16102, 'Fonteno', 16),
(16103, 'Foppolo', 16),
(16104, 'Foresto Sparso', 16),
(16105, 'Fornovo San Giovanni', 16),
(16106, 'Fuipiano Valle Imagna', 16),
(16107, 'Gandellino', 16),
(16108, 'Gandino', 16),
(16109, 'Gandosso', 16),
(16110, 'Gaverina Terme', 16),
(16111, 'Gazzaniga', 16),
(16112, 'Gerosa', 16),
(16113, 'Ghisalba', 16),
(16114, 'Gorlago', 16),
(16115, 'Gorle', 16),
(16116, 'Gorno', 16),
(16117, 'Grassobbio', 16),
(16118, 'Gromo', 16),
(16119, 'Grone', 16),
(16120, 'Grumello del Monte', 16),
(16121, 'Isola di Fondra', 16),
(16122, 'Isso', 16),
(16123, 'Lallio', 16),
(16124, 'Leffe', 16),
(16125, 'Lenna', 16),
(16126, 'Levate', 16),
(16127, 'Locatello', 16),
(16128, 'Lovere', 16),
(16129, 'Lurano', 16),
(16130, 'Luzzana', 16),
(16131, 'Madone', 16),
(16132, 'Mapello', 16),
(16133, 'Martinengo', 16),
(16134, 'Mezzoldo', 16),
(16135, 'Misano di Gera d\'Adda', 16),
(16136, 'Moio de\' Calvi', 16),
(16137, 'Monasterolo del Castello', 16),
(16139, 'Montello', 16),
(16140, 'Morengo', 16),
(16141, 'Mornico al Serio', 16),
(16142, 'Mozzanica', 16),
(16143, 'Mozzo', 16),
(16144, 'Nembro', 16),
(16145, 'Olmo al Brembo', 16),
(16146, 'Oltre il Colle', 16),
(16147, 'Oltressenda Alta', 16),
(16148, 'Oneta', 16),
(16149, 'Onore', 16),
(16150, 'Orio al Serio', 16),
(16151, 'Ornica', 16),
(16152, 'Osio Sopra', 16),
(16153, 'Osio Sotto', 16),
(16154, 'Pagazzano', 16),
(16155, 'Paladina', 16),
(16156, 'Palazzago', 16),
(16157, 'Palosco', 16),
(16158, 'Parre', 16),
(16159, 'Parzanica', 16),
(16160, 'Pedrengo', 16),
(16161, 'Peia', 16),
(16162, 'Pianico', 16),
(16163, 'Piario', 16),
(16164, 'Piazza Brembana', 16),
(16165, 'Piazzatorre', 16),
(16166, 'Piazzolo', 16),
(16167, 'Pognano', 16),
(16168, 'Ponte Nossa', 16),
(16169, 'Ponteranica', 16),
(16170, 'Ponte San Pietro', 16),
(16171, 'Pontida', 16),
(16172, 'Pontirolo Nuovo', 16),
(16173, 'Pradalunga', 16),
(16174, 'Predore', 16),
(16175, 'Premolo', 16),
(16176, 'Presezzo', 16);
INSERT INTO `comuni` (`id`, `nome`, `id_provincia`) VALUES
(16177, 'Pumenengo', 16),
(16178, 'Ranica', 16),
(16179, 'Ranzanico', 16),
(16180, 'Riva di Solto', 16),
(16182, 'Rogno', 16),
(16183, 'Romano di Lombardia', 16),
(16184, 'Roncobello', 16),
(16185, 'Roncola', 16),
(16186, 'Rota d\'Imagna', 16),
(16187, 'Rovetta', 16),
(16188, 'San Giovanni Bianco', 16),
(16189, 'San Paolo d\'Argon', 16),
(16190, 'San Pellegrino Terme', 16),
(16191, 'Santa Brigida', 16),
(16192, 'Sant\'Omobono Terme', 16),
(16193, 'Sarnico', 16),
(16194, 'Scanzorosciate', 16),
(16195, 'Schilpario', 16),
(16196, 'Sedrina', 16),
(16197, 'Selvino', 16),
(16198, 'Seriate', 16),
(16199, 'Serina', 16),
(16200, 'Solto Collina', 16),
(16201, 'Songavazzo', 16),
(16202, 'Sorisole', 16),
(16203, 'Sotto il Monte Giovanni XXIII', 16),
(16204, 'Sovere', 16),
(16205, 'Spinone al Lago', 16),
(16206, 'Spirano', 16),
(16207, 'Stezzano', 16),
(16208, 'Strozza', 16),
(16209, 'Suisio', 16),
(16210, 'Taleggio', 16),
(16211, 'Tavernola Bergamasca', 16),
(16212, 'Telgate', 16),
(16213, 'Terno d\'Isola', 16),
(16214, 'Torre Boldone', 16),
(16216, 'Torre de\' Roveri', 16),
(16217, 'Torre Pallavicina', 16),
(16218, 'Trescore Balneario', 16),
(16219, 'Treviglio', 16),
(16220, 'Treviolo', 16),
(16221, 'Ubiale Clanezzo', 16),
(16222, 'Urgnano', 16),
(16223, 'Valbondione', 16),
(16224, 'Valbrembo', 16),
(16225, 'Valgoglio', 16),
(16226, 'Valleve', 16),
(16227, 'Valnegra', 16),
(16228, 'Valsecca', 16),
(16229, 'Valtorta', 16),
(16230, 'Vedeseta', 16),
(16232, 'Verdellino', 16),
(16233, 'Verdello', 16),
(16234, 'Vertova', 16),
(16235, 'Viadanica', 16),
(16236, 'Vigano San Martino', 16),
(16237, 'Vigolo', 16),
(16238, 'Villa d\'Adda', 16),
(16239, 'Villa d\'Alm&egrave;', 16),
(16240, 'Villa di Serio', 16),
(16241, 'Villa d\'Ogna', 16),
(16242, 'Villongo', 16),
(16243, 'Vilminore di Scalve', 16),
(16244, 'Zandobbio', 16),
(16245, 'Zanica', 16),
(16246, 'Zogno', 16),
(16247, 'Costa Serina', 16),
(16248, 'Algua', 16),
(16249, 'Cornalba', 16),
(16250, 'Medolago', 16),
(16251, 'Solza', 16),
(17001, 'Acquafredda', 17),
(17002, 'Adro', 17),
(17003, 'Agnosine', 17),
(17004, 'Alfianello', 17),
(17005, 'Anfo', 17),
(17006, 'Angolo Terme', 17),
(17007, 'Artogne', 17),
(17008, 'Azzano Mella', 17),
(17009, 'Bagnolo Mella', 17),
(17010, 'Bagolino', 17),
(17011, 'Barbariga', 17),
(17012, 'Barghe', 17),
(17013, 'Bassano Bresciano', 17),
(17014, 'Bedizzole', 17),
(17015, 'Berlingo', 17),
(17016, 'Berzo Demo', 17),
(17017, 'Berzo Inferiore', 17),
(17018, 'Bienno', 17),
(17019, 'Bione', 17),
(17020, 'Borgo San Giacomo', 17),
(17021, 'Borgosatollo', 17),
(17022, 'Borno', 17),
(17023, 'Botticino', 17),
(17024, 'Bovegno', 17),
(17025, 'Bovezzo', 17),
(17026, 'Brandico', 17),
(17027, 'Braone', 17),
(17028, 'Breno', 17),
(17029, 'Brescia', 17),
(17030, 'Brione', 17),
(17031, 'Caino', 17),
(17032, 'Calcinato', 17),
(17033, 'Calvagese della Riviera', 17),
(17034, 'Calvisano', 17),
(17035, 'Capo di Ponte', 17),
(17036, 'Capovalle', 17),
(17037, 'Capriano del Colle', 17),
(17038, 'Capriolo', 17),
(17039, 'Carpenedolo', 17),
(17040, 'Castegnato', 17),
(17041, 'Castelcovati', 17),
(17042, 'Castel Mella', 17),
(17043, 'Castenedolo', 17),
(17044, 'Casto', 17),
(17045, 'Castrezzato', 17),
(17046, 'Cazzago San Martino', 17),
(17047, 'Cedegolo', 17),
(17048, 'Cellatica', 17),
(17049, 'Cerveno', 17),
(17050, 'Ceto', 17),
(17051, 'Cevo', 17),
(17052, 'Chiari', 17),
(17053, 'Cigole', 17),
(17054, 'Cimbergo', 17),
(17055, 'Cividate Camuno', 17),
(17056, 'Coccaglio', 17),
(17057, 'Collebeato', 17),
(17058, 'Collio', 17),
(17059, 'Cologne', 17),
(17060, 'Comezzano-Cizzago', 17),
(17061, 'Concesio', 17),
(17062, 'Corte Franca', 17),
(17063, 'Corteno Golgi', 17),
(17064, 'Corzano', 17),
(17065, 'Darfo Boario Terme', 17),
(17066, 'Dello', 17),
(17067, 'Desenzano del Garda', 17),
(17068, 'Edolo', 17),
(17069, 'Erbusco', 17),
(17070, 'Esine', 17),
(17071, 'Fiesse', 17),
(17072, 'Flero', 17),
(17073, 'Gambara', 17),
(17074, 'Gardone Riviera', 17),
(17075, 'Gardone Val Trompia', 17),
(17076, 'Gargnano', 17),
(17077, 'Gavardo', 17),
(17078, 'Ghedi', 17),
(17079, 'Gianico', 17),
(17080, 'Gottolengo', 17),
(17081, 'Gussago', 17),
(17082, 'Idro', 17),
(17083, 'Incudine', 17),
(17084, 'Irma', 17),
(17085, 'Iseo', 17),
(17086, 'Isorella', 17),
(17087, 'Lavenone', 17),
(17088, 'Leno', 17),
(17089, 'Limone sul Garda', 17),
(17090, 'Lodrino', 17),
(17091, 'Lograto', 17),
(17092, 'Lonato del Garda', 17),
(17093, 'Longhena', 17),
(17094, 'Losine', 17),
(17095, 'Lozio', 17),
(17096, 'Lumezzane', 17),
(17097, 'Maclodio', 17),
(17098, 'Magasa', 17),
(17099, 'Mairano', 17),
(17100, 'Malegno', 17),
(17101, 'Malonno', 17),
(17102, 'Manerba del Garda', 17),
(17103, 'Manerbio', 17),
(17104, 'Marcheno', 17),
(17105, 'Marmentino', 17),
(17106, 'Marone', 17),
(17107, 'Mazzano', 17),
(17108, 'Milzano', 17),
(17109, 'Moniga del Garda', 17),
(17110, 'Monno', 17),
(17111, 'Monte Isola', 17),
(17112, 'Monticelli Brusati', 17),
(17113, 'Montichiari', 17),
(17114, 'Montirone', 17),
(17115, 'Mura', 17),
(17116, 'Muscoline', 17),
(17117, 'Nave', 17),
(17118, 'Niardo', 17),
(17119, 'Nuvolento', 17),
(17120, 'Nuvolera', 17),
(17121, 'Odolo', 17),
(17122, 'Offlaga', 17),
(17123, 'Ome', 17),
(17124, 'Ono San Pietro', 17),
(17125, 'Orzinuovi', 17),
(17126, 'Orzivecchi', 17),
(17127, 'Ospitaletto', 17),
(17128, 'Ossimo', 17),
(17129, 'Padenghe sul Garda', 17),
(17130, 'Paderno Franciacorta', 17),
(17131, 'Paisco Loveno', 17),
(17132, 'Paitone', 17),
(17133, 'Palazzolo sull\'Oglio', 17),
(17134, 'Paratico', 17),
(17135, 'Paspardo', 17),
(17136, 'Passirano', 17),
(17137, 'Pavone del Mella', 17),
(17138, 'San Paolo', 17),
(17139, 'Pertica Alta', 17),
(17140, 'Pertica Bassa', 17),
(17141, 'Pezzaze', 17),
(17142, 'Pian Camuno', 17),
(17143, 'Pisogne', 17),
(17144, 'Polaveno', 17),
(17145, 'Polpenazze del Garda', 17),
(17146, 'Pompiano', 17),
(17147, 'Poncarale', 17),
(17148, 'Ponte di Legno', 17),
(17149, 'Pontevico', 17),
(17150, 'Pontoglio', 17),
(17151, 'Pozzolengo', 17),
(17152, 'Pralboino', 17),
(17153, 'Preseglie', 17),
(17154, 'Prestine', 17),
(17155, 'Prevalle', 17),
(17156, 'Provaglio d\'Iseo', 17),
(17157, 'Provaglio Val Sabbia', 17),
(17158, 'Puegnago sul Garda', 17),
(17159, 'Quinzano d\'Oglio', 17),
(17160, 'Remedello', 17),
(17161, 'Rezzato', 17),
(17162, 'Roccafranca', 17),
(17163, 'Rodengo Saiano', 17),
(17164, 'Ro&egrave; Volciano', 17),
(17165, 'Roncadelle', 17),
(17166, 'Rovato', 17),
(17167, 'Rudiano', 17),
(17168, 'Sabbio Chiese', 17),
(17169, 'Sale Marasino', 17),
(17170, 'Sal&ograve;', 17),
(17171, 'San Felice del Benaco', 17),
(17172, 'San Gervasio Bresciano', 17),
(17173, 'San Zeno Naviglio', 17),
(17174, 'Sarezzo', 17),
(17175, 'Saviore dell\'Adamello', 17),
(17176, 'Sellero', 17),
(17177, 'Seniga', 17),
(17178, 'Serle', 17),
(17179, 'Sirmione', 17),
(17180, 'Soiano del Lago', 17),
(17181, 'Sonico', 17),
(17182, 'Sulzano', 17),
(17183, 'Tavernole sul Mella', 17),
(17184, 'Tem&ugrave;', 17),
(17185, 'Tignale', 17),
(17186, 'Torbole Casaglia', 17),
(17187, 'Toscolano-Maderno', 17),
(17188, 'Travagliato', 17),
(17189, 'Tremosine', 17),
(17190, 'Trenzano', 17),
(17191, 'Treviso Bresciano', 17),
(17192, 'Urago d\'Oglio', 17),
(17193, 'Vallio Terme', 17),
(17194, 'Valvestino', 17),
(17195, 'Verolanuova', 17),
(17196, 'Verolavecchia', 17),
(17197, 'Vestone', 17),
(17198, 'Vezza d\'Oglio', 17),
(17199, 'Villa Carcina', 17),
(17200, 'Villachiara', 17),
(17201, 'Villanuova sul Clisi', 17),
(17202, 'Vione', 17),
(17203, 'Visano', 17),
(17204, 'Vobarno', 17),
(17205, 'Zone', 17),
(17206, 'Piancogno', 17),
(18001, 'Alagna', 18),
(18002, 'Albaredo Arnaboldi', 18),
(18003, 'Albonese', 18),
(18004, 'Albuzzano', 18),
(18005, 'Arena Po', 18),
(18006, 'Badia Pavese', 18),
(18007, 'Bagnaria', 18),
(18008, 'Barbianello', 18),
(18009, 'Bascap&egrave;', 18),
(18010, 'Bastida de\' Dossi', 18),
(18011, 'Bastida Pancarana', 18),
(18012, 'Battuda', 18),
(18013, 'Belgioioso', 18),
(18014, 'Bereguardo', 18),
(18015, 'Borgarello', 18),
(18016, 'Borgo Priolo', 18),
(18017, 'Borgoratto Mormorolo', 18),
(18018, 'Borgo San Siro', 18),
(18019, 'Bornasco', 18),
(18020, 'Bosnasco', 18),
(18021, 'Brallo di Pregola', 18),
(18022, 'Breme', 18),
(18023, 'Bressana Bottarone', 18),
(18024, 'Broni', 18),
(18025, 'Calvignano', 18),
(18026, 'Campospinoso', 18),
(18027, 'Candia Lomellina', 18),
(18028, 'Canevino', 18),
(18029, 'Canneto Pavese', 18),
(18030, 'Carbonara al Ticino', 18),
(18031, 'Casanova Lonati', 18),
(18032, 'Casatisma', 18),
(18033, 'Casei Gerola', 18),
(18034, 'Casorate Primo', 18),
(18035, 'Cassolnovo', 18),
(18036, 'Castana', 18),
(18037, 'Casteggio', 18),
(18038, 'Castelletto di Branduzzo', 18),
(18039, 'Castello d\'Agogna', 18),
(18040, 'Castelnovetto', 18),
(18041, 'Cava Manara', 18),
(18042, 'Cecima', 18),
(18043, 'Ceranova', 18),
(18044, 'Ceretto Lomellina', 18),
(18045, 'Cergnago', 18),
(18046, 'Certosa di Pavia', 18),
(18047, 'Cervesina', 18),
(18048, 'Chignolo Po', 18),
(18049, 'Cigognola', 18),
(18050, 'Cilavegna', 18),
(18051, 'Codevilla', 18),
(18052, 'Confienza', 18),
(18053, 'Copiano', 18),
(18054, 'Corana', 18),
(18055, 'Cornale', 18),
(18056, 'Corteolona', 18),
(18057, 'Corvino San Quirico', 18),
(18058, 'Costa de\' Nobili', 18),
(18059, 'Cozzo', 18),
(18060, 'Cura Carpignano', 18),
(18061, 'Dorno', 18),
(18062, 'Ferrera Erbognone', 18),
(18063, 'Filighera', 18),
(18064, 'Fortunago', 18),
(18065, 'Frascarolo', 18),
(18066, 'Galliavola', 18),
(18067, 'Gambarana', 18),
(18068, 'Gambol&ograve;', 18),
(18069, 'Garlasco', 18),
(18070, 'Genzone', 18),
(18071, 'Gerenzago', 18),
(18072, 'Giussago', 18),
(18073, 'Godiasco', 18),
(18074, 'Golferenzo', 18),
(18075, 'Gravellona Lomellina', 18),
(18076, 'Gropello Cairoli', 18),
(18077, 'Inverno e Monteleone', 18),
(18078, 'Landriano', 18),
(18079, 'Langosco', 18),
(18080, 'Lardirago', 18),
(18081, 'Linarolo', 18),
(18082, 'Lirio', 18),
(18083, 'Lomello', 18),
(18084, 'Lungavilla', 18),
(18085, 'Magherno', 18),
(18086, 'Marcignago', 18),
(18087, 'Marzano', 18),
(18088, 'Mede', 18),
(18089, 'Menconico', 18),
(18090, 'Mezzana Bigli', 18),
(18091, 'Mezzana Rabattone', 18),
(18092, 'Mezzanino', 18),
(18093, 'Miradolo Terme', 18),
(18094, 'Montalto Pavese', 18),
(18095, 'Montebello della Battaglia', 18),
(18096, 'Montecalvo Versiggia', 18),
(18097, 'Montescano', 18),
(18098, 'Montesegale', 18),
(18099, 'Monticelli Pavese', 18),
(18100, 'Mont&ugrave; Beccaria', 18),
(18101, 'Mornico Losana', 18),
(18102, 'Mortara', 18),
(18103, 'Nicorvo', 18),
(18104, 'Olevano di Lomellina', 18),
(18105, 'Oliva Gessi', 18),
(18106, 'Ottobiano', 18),
(18107, 'Palestro', 18),
(18108, 'Pancarana', 18),
(18109, 'Parona', 18),
(18110, 'Pavia', 18),
(18111, 'Pietra de\' Giorgi', 18),
(18112, 'Pieve Albignola', 18),
(18113, 'Pieve del Cairo', 18),
(18114, 'Pieve Porto Morone', 18),
(18115, 'Pinarolo Po', 18),
(18116, 'Pizzale', 18),
(18117, 'Ponte Nizza', 18),
(18118, 'Portalbera', 18),
(18119, 'Rea', 18),
(18120, 'Redavalle', 18),
(18121, 'Retorbido', 18),
(18122, 'Rivanazzano Terme', 18),
(18123, 'Robbio', 18),
(18124, 'Robecco Pavese', 18),
(18125, 'Rocca de\' Giorgi', 18),
(18126, 'Rocca Susella', 18),
(18127, 'Rognano', 18),
(18128, 'Romagnese', 18),
(18129, 'Roncaro', 18),
(18130, 'Rosasco', 18),
(18131, 'Rovescala', 18),
(18132, 'Ruino', 18),
(18133, 'San Cipriano Po', 18),
(18134, 'San Damiano al Colle', 18),
(18135, 'San Genesio ed Uniti', 18),
(18136, 'San Giorgio di Lomellina', 18),
(18137, 'San Martino Siccomario', 18),
(18138, 'Sannazzaro de\' Burgondi', 18),
(18139, 'Santa Cristina e Bissone', 18),
(18140, 'Santa Giuletta', 18),
(18141, 'Sant\'Alessio con Vialone', 18),
(18142, 'Santa Margherita di Staffora', 18),
(18143, 'Santa Maria della Versa', 18),
(18144, 'Sant\'Angelo Lomellina', 18),
(18145, 'San Zenone al Po', 18),
(18146, 'Sartirana Lomellina', 18),
(18147, 'Scaldasole', 18),
(18148, 'Semiana', 18),
(18149, 'Silvano Pietra', 18),
(18150, 'Siziano', 18),
(18151, 'Sommo', 18),
(18152, 'Spessa', 18),
(18153, 'Stradella', 18),
(18154, 'Suardi', 18),
(18155, 'Torrazza Coste', 18),
(18156, 'Torre Beretti e Castellaro', 18),
(18157, 'Torre d\'Arese', 18),
(18158, 'Torre de\' Negri', 18),
(18159, 'Torre d\'Isola', 18),
(18160, 'Torrevecchia Pia', 18),
(18161, 'Torricella Verzate', 18),
(18162, 'Travac&ograve; Siccomario', 18),
(18163, 'Trivolzio', 18),
(18164, 'Tromello', 18),
(18165, 'Trovo', 18),
(18166, 'Val di Nizza', 18),
(18167, 'Valeggio', 18),
(18168, 'Valle Lomellina', 18),
(18169, 'Valle Salimbene', 18),
(18170, 'Valverde', 18),
(18171, 'Varzi', 18),
(18172, 'Velezzo Lomellina', 18),
(18173, 'Vellezzo Bellini', 18),
(18174, 'Verretto', 18),
(18175, 'Verrua Po', 18),
(18176, 'Vidigulfo', 18),
(18177, 'Vigevano', 18),
(18178, 'Villa Biscossi', 18),
(18179, 'Villanova d\'Ardenghi', 18),
(18180, 'Villanterio', 18),
(18181, 'Vistarino', 18),
(18182, 'Voghera', 18),
(18183, 'Volpara', 18),
(18184, 'Zavattarello', 18),
(18185, 'Zeccone', 18),
(18186, 'Zeme', 18),
(18187, 'Zenevredo', 18),
(18188, 'Zerbo', 18),
(18189, 'Zerbol&ograve;', 18),
(18190, 'Zinasco', 18),
(19001, 'Acquanegra Cremonese', 19),
(19002, 'Agnadello', 19),
(19003, 'Annicco', 19),
(19004, 'Azzanello', 19),
(19005, 'Bagnolo Cremasco', 19),
(19006, 'Bonemerse', 19),
(19007, 'Bordolano', 19),
(19008, 'Ca\' d\'Andrea', 19),
(19009, 'Calvatone', 19),
(19010, 'Camisano', 19),
(19011, 'Campagnola Cremasca', 19),
(19012, 'Capergnanica', 19),
(19013, 'Cappella Cantone', 19),
(19014, 'Cappella de\' Picenardi', 19),
(19015, 'Capralba', 19),
(19016, 'Casalbuttano ed Uniti', 19),
(19017, 'Casale Cremasco-Vidolasco', 19),
(19018, 'Casaletto Ceredano', 19),
(19019, 'Casaletto di Sopra', 19),
(19020, 'Casaletto Vaprio', 19),
(19021, 'Casalmaggiore', 19),
(19022, 'Casalmorano', 19),
(19023, 'Casteldidone', 19),
(19024, 'Castel Gabbiano', 19),
(19025, 'Castelleone', 19),
(19026, 'Castelverde', 19),
(19027, 'Castelvisconti', 19),
(19028, 'Cella Dati', 19),
(19029, 'Chieve', 19),
(19030, 'Cicognolo', 19),
(19031, 'Cingia de\' Botti', 19),
(19032, 'Corte de\' Cortesi con Cignone', 19),
(19033, 'Corte de\' Frati', 19),
(19034, 'Credera Rubbiano', 19),
(19035, 'Crema', 19),
(19036, 'Cremona', 19),
(19037, 'Cremosano', 19),
(19038, 'Crotta d\'Adda', 19),
(19039, 'Cumignano sul Naviglio', 19),
(19040, 'Derovere', 19),
(19041, 'Dovera', 19),
(19042, 'Drizzona', 19),
(19043, 'Fiesco', 19),
(19044, 'Formigara', 19),
(19045, 'Gabbioneta-Binanuova', 19),
(19046, 'Gadesco-Pieve Delmona', 19),
(19047, 'Genivolta', 19),
(19048, 'Gerre de\' Caprioli', 19),
(19049, 'Gombito', 19),
(19050, 'Grontardo', 19),
(19051, 'Grumello Cremonese ed Uniti', 19),
(19052, 'Gussola', 19),
(19053, 'Isola Dovarese', 19),
(19054, 'Izano', 19),
(19055, 'Madignano', 19),
(19056, 'Malagnino', 19),
(19057, 'Martignana di Po', 19),
(19058, 'Monte Cremasco', 19),
(19059, 'Montodine', 19),
(19060, 'Moscazzano', 19),
(19061, 'Motta Baluffi', 19),
(19062, 'Offanengo', 19),
(19063, 'Olmeneta', 19),
(19064, 'Ostiano', 19),
(19065, 'Paderno Ponchielli', 19),
(19066, 'Palazzo Pignano', 19),
(19067, 'Pandino', 19),
(19068, 'Persico Dosimo', 19),
(19069, 'Pescarolo ed Uniti', 19),
(19070, 'Pessina Cremonese', 19),
(19071, 'Piadena', 19),
(19072, 'Pianengo', 19),
(19073, 'Pieranica', 19),
(19074, 'Pieve d\'Olmi', 19),
(19075, 'Pieve San Giacomo', 19),
(19076, 'Pizzighettone', 19),
(19077, 'Pozzaglio ed Uniti', 19),
(19078, 'Quintano', 19),
(19079, 'Ricengo', 19),
(19080, 'Ripalta Arpina', 19),
(19081, 'Ripalta Cremasca', 19),
(19082, 'Ripalta Guerina', 19),
(19083, 'Rivarolo del Re ed Uniti', 19),
(19084, 'Rivolta d\'Adda', 19),
(19085, 'Robecco d\'Oglio', 19),
(19086, 'Romanengo', 19),
(19087, 'Salvirola', 19),
(19088, 'San Bassano', 19),
(19089, 'San Daniele Po', 19),
(19090, 'San Giovanni in Croce', 19),
(19091, 'San Martino del Lago', 19),
(19092, 'Scandolara Ravara', 19),
(19093, 'Scandolara Ripa d\'Oglio', 19),
(19094, 'Sergnano', 19),
(19095, 'Sesto ed Uniti', 19),
(19096, 'Solarolo Rainerio', 19),
(19097, 'Soncino', 19),
(19098, 'Soresina', 19),
(19099, 'Sospiro', 19),
(19100, 'Spinadesco', 19),
(19101, 'Spineda', 19),
(19102, 'Spino d\'Adda', 19),
(19103, 'Stagno Lombardo', 19),
(19104, 'Ticengo', 19),
(19105, 'Torlino Vimercati', 19),
(19106, 'Tornata', 19),
(19107, 'Torre de\' Picenardi', 19),
(19108, 'Torricella del Pizzo', 19),
(19109, 'Trescore Cremasco', 19),
(19110, 'Trigolo', 19),
(19111, 'Vaiano Cremasco', 19),
(19112, 'Vailate', 19),
(19113, 'Vescovato', 19),
(19114, 'Volongo', 19),
(19115, 'Voltido', 19),
(20001, 'Acquanegra sul Chiese', 20),
(20002, 'Asola', 20),
(20003, 'Bagnolo San Vito', 20),
(20004, 'Bigarello', 20),
(20005, 'Borgoforte', 20),
(20006, 'Borgofranco sul Po', 20),
(20007, 'Bozzolo', 20),
(20008, 'Canneto sull\'Oglio', 20),
(20009, 'Carbonara di Po', 20),
(20010, 'Casalmoro', 20),
(20011, 'Casaloldo', 20),
(20012, 'Casalromano', 20),
(20013, 'Castelbelforte', 20),
(20014, 'Castel d\'Ario', 20),
(20015, 'Castel Goffredo', 20),
(20016, 'Castellucchio', 20),
(20017, 'Castiglione delle Stiviere', 20),
(20018, 'Cavriana', 20),
(20019, 'Ceresara', 20),
(20020, 'Commessaggio', 20),
(20021, 'Curtatone', 20),
(20022, 'Dosolo', 20),
(20023, 'Felonica', 20),
(20024, 'Gazoldo degli Ippoliti', 20),
(20025, 'Gazzuolo', 20),
(20026, 'Goito', 20),
(20027, 'Gonzaga', 20),
(20028, 'Guidizzolo', 20),
(20029, 'Magnacavallo', 20),
(20030, 'Mantova', 20),
(20031, 'Marcaria', 20),
(20032, 'Mariana Mantovana', 20),
(20033, 'Marmirolo', 20),
(20034, 'Medole', 20),
(20035, 'Moglia', 20),
(20036, 'Monzambano', 20),
(20037, 'Motteggiana', 20),
(20038, 'Ostiglia', 20),
(20039, 'Pegognaga', 20),
(20040, 'Pieve di Coriano', 20),
(20041, 'Piubega', 20),
(20042, 'Poggio Rusco', 20),
(20043, 'Pomponesco', 20),
(20044, 'Ponti sul Mincio', 20),
(20045, 'Porto Mantovano', 20),
(20046, 'Quingentole', 20),
(20047, 'Quistello', 20),
(20048, 'Redondesco', 20),
(20049, 'Revere', 20),
(20050, 'Rivarolo Mantovano', 20),
(20051, 'Rodigo', 20),
(20052, 'Roncoferraro', 20),
(20053, 'Roverbella', 20),
(20054, 'Sabbioneta', 20),
(20055, 'San Benedetto Po', 20),
(20056, 'San Giacomo delle Segnate', 20),
(20057, 'San Giorgio di Mantova', 20),
(20058, 'San Giovanni del Dosso', 20),
(20059, 'San Martino dall\'Argine', 20),
(20060, 'Schivenoglia', 20),
(20061, 'Sermide', 20),
(20062, 'Serravalle a Po', 20),
(20063, 'Solferino', 20),
(20064, 'Sustinente', 20),
(20065, 'Suzzara', 20),
(20066, 'Viadana', 20),
(20067, 'Villa Poma', 20),
(20068, 'Villimpenta', 20),
(20069, 'Virgilio', 20),
(20070, 'Volta Mantovana', 20),
(21001, 'Aldino', 21),
(21002, 'Andriano', 21),
(21003, 'Anterivo', 21),
(21004, 'Appiano sulla strada del vino', 21),
(21005, 'Avelengo', 21),
(21006, 'Badia', 21),
(21007, 'Barbiano', 21),
(21008, 'Bolzano', 21),
(21009, 'Braies', 21),
(21010, 'Brennero', 21),
(21011, 'Bressanone', 21),
(21012, 'Bronzolo', 21),
(21013, 'Brunico', 21),
(21014, 'Caines', 21),
(21015, 'Caldaro sulla strada del vino', 21),
(21016, 'Campo di Trens', 21),
(21017, 'Campo Tures', 21),
(21018, 'Castelbello-Ciardes', 21),
(21019, 'Castelrotto', 21),
(21020, 'Cermes', 21),
(21021, 'Chienes', 21),
(21022, 'Chiusa', 21),
(21023, 'Cornedo all\'Isarco', 21),
(21024, 'Cortaccia sulla strada del vino', 21),
(21025, 'Cortina sulla strada del vino', 21),
(21026, 'Corvara in Badia', 21),
(21027, 'Curon Venosta', 21),
(21028, 'Dobbiaco', 21),
(21029, 'Egna', 21),
(21030, 'Falzes', 21),
(21031, 'Fi&egrave; allo Sciliar', 21),
(21032, 'Fortezza', 21),
(21033, 'Funes', 21),
(21034, 'Gais', 21),
(21035, 'Gargazzone', 21),
(21036, 'Glorenza', 21),
(21037, 'Laces', 21),
(21038, 'Lagundo', 21),
(21039, 'Laion', 21),
(21040, 'Laives', 21),
(21041, 'Lana', 21),
(21042, 'Lasa', 21),
(21043, 'Lauregno', 21),
(21044, 'Luson', 21),
(21045, 'Magr&egrave; sulla strada del vino', 21),
(21046, 'Malles Venosta', 21),
(21047, 'Marebbe', 21),
(21048, 'Marlengo', 21),
(21049, 'Martello', 21),
(21050, 'Meltina', 21),
(21051, 'Merano', 21),
(21052, 'Monguelfo-Tesido', 21),
(21053, 'Montagna', 21),
(21054, 'Moso in Passiria', 21),
(21055, 'Nalles', 21),
(21056, 'Naturno', 21),
(21057, 'Naz-Sciaves', 21),
(21058, 'Nova Levante', 21),
(21059, 'Nova Ponente', 21),
(21060, 'Ora', 21),
(21061, 'Ortisei', 21),
(21062, 'Parcines', 21),
(21063, 'Perca', 21),
(21064, 'Plaus', 21),
(21065, 'Ponte Gardena', 21),
(21066, 'Postal', 21),
(21067, 'Prato allo Stelvio', 21),
(21068, 'Predoi', 21),
(21069, 'Proves', 21),
(21070, 'Racines', 21),
(21071, 'Rasun Anterselva', 21),
(21072, 'Renon', 21),
(21073, 'Rifiano', 21),
(21074, 'Rio di Pusteria', 21),
(21075, 'Rodengo', 21),
(21076, 'Salorno', 21),
(21077, 'San Candido', 21),
(21079, 'San Genesio Atesino', 21),
(21080, 'San Leonardo in Passiria', 21),
(21081, 'San Lorenzo di Sebato', 21),
(21082, 'San Martino in Badia', 21),
(21083, 'San Martino in Passiria', 21),
(21084, 'San Pancrazio / St. Pankraz', 21),
(21085, 'Santa Cristina Valgardena', 21),
(21086, 'Sarentino / Sarntal', 21),
(21087, 'Scena', 21),
(21088, 'Selva dei Molini', 21),
(21089, 'Selva di Val Gardena', 21),
(21091, 'Senales', 21),
(21092, 'Sesto', 21),
(21093, 'Silandro', 21),
(21094, 'Sluderno', 21),
(21095, 'Stelvio', 21),
(21096, 'Terento', 21),
(21097, 'Terlano', 21),
(21098, 'Termeno sulla strada del vino', 21),
(21099, 'Tesimo', 21),
(21100, 'Tires', 21),
(21101, 'Tirolo', 21),
(21102, 'Trodena nel parco naturale', 21),
(21103, 'Tubre', 21),
(21104, 'Ultimo / Ulten', 21),
(21105, 'Vadena', 21),
(21106, 'Valdaora', 21),
(21107, 'Val di Vizze', 21),
(21108, 'Valle Aurina', 21),
(21109, 'Valle di Casies', 21),
(21110, 'Vandoies', 21),
(21111, 'Varna', 21),
(21112, 'Verano', 21),
(21113, 'Villabassa', 21),
(21114, 'Villandro', 21),
(21115, 'Vipiteno', 21),
(21116, 'Velturno', 21),
(21117, 'La Valle', 21),
(21118, 'Senale-San Felice', 21),
(22001, 'Ala', 22),
(22002, 'Albiano', 22),
(22003, 'Aldeno', 22),
(22004, 'Amblar', 22),
(22005, 'Andalo', 22),
(22006, 'Arco', 22),
(22007, 'Avio', 22),
(22009, 'Baselga di Pin&egrave;', 22),
(22011, 'Bedollo', 22),
(22012, 'Bersone', 22),
(22013, 'Besenello', 22),
(22015, 'Bieno', 22),
(22017, 'Bleggio Superiore', 22),
(22018, 'Bocenago', 22),
(22019, 'Bolbeno', 22),
(22020, 'Bondo', 22),
(22021, 'Bondone', 22),
(22022, 'Borgo Valsugana', 22),
(22023, 'Bosentino', 22),
(22024, 'Breguzzo', 22),
(22025, 'Brentonico', 22),
(22026, 'Bresimo', 22),
(22027, 'Brez', 22),
(22028, 'Brione', 22),
(22029, 'Caderzone Terme', 22),
(22030, 'Cagn&ograve;', 22),
(22031, 'Calavino', 22),
(22032, 'Calceranica al Lago', 22),
(22033, 'Caldes', 22),
(22034, 'Caldonazzo', 22),
(22035, 'Calliano', 22),
(22036, 'Campitello di Fassa', 22),
(22037, 'Campodenno', 22),
(22038, 'Canal San Bovo', 22),
(22039, 'Canazei', 22),
(22040, 'Capriana', 22),
(22041, 'Carano', 22),
(22042, 'Carisolo', 22),
(22043, 'Carzano', 22),
(22045, 'Castel Condino', 22),
(22046, 'Castelfondo', 22),
(22047, 'Castello-Molina di Fiemme', 22),
(22048, 'Castello Tesino', 22),
(22049, 'Castelnuovo', 22),
(22050, 'Cavalese', 22),
(22051, 'Cavareno', 22),
(22052, 'Cavedago', 22),
(22053, 'Cavedine', 22),
(22054, 'Cavizzana', 22),
(22055, 'Cembra', 22),
(22056, 'Centa San Nicol&ograve;', 22),
(22057, 'Cimego', 22),
(22058, 'Cimone', 22),
(22059, 'Cinte Tesino', 22),
(22060, 'Cis', 22),
(22061, 'Civezzano', 22),
(22062, 'Cles', 22),
(22063, 'Cloz', 22),
(22064, 'Commezzadura', 22),
(22066, 'Condino', 22),
(22067, 'Coredo', 22),
(22068, 'Croviana', 22),
(22069, 'Cunevo', 22),
(22070, 'Daiano', 22),
(22071, 'Dambel', 22),
(22072, 'Daone', 22),
(22073, 'Dar&egrave;', 22),
(22074, 'Denno', 22),
(22075, 'Dimaro', 22),
(22076, 'Don', 22),
(22077, 'Dorsino', 22),
(22078, 'Drena', 22),
(22079, 'Dro', 22),
(22080, 'Faedo', 22),
(22081, 'Fai della Paganella', 22),
(22082, 'Faver', 22),
(22083, 'Fiav&egrave;', 22),
(22084, 'Fiera di Primiero', 22),
(22085, 'Fierozzo', 22),
(22086, 'Flavon', 22),
(22087, 'Folgaria', 22),
(22088, 'Fondo', 22),
(22089, 'Fornace', 22),
(22090, 'Frassilongo', 22),
(22091, 'Garniga Terme', 22),
(22092, 'Giovo', 22),
(22093, 'Giustino', 22),
(22094, 'Grauno', 22),
(22095, 'Grigno', 22),
(22096, 'Grumes', 22),
(22097, 'Imer', 22),
(22098, 'Isera', 22),
(22099, 'Ivano-Fracena', 22),
(22100, 'Lardaro', 22),
(22101, 'Lasino', 22),
(22102, 'Lavarone', 22),
(22103, 'Lavis', 22),
(22104, 'Levico Terme', 22),
(22105, 'Lisignago', 22),
(22106, 'Livo', 22),
(22108, 'Lona-Lases', 22),
(22109, 'Luserna', 22),
(22110, 'Mal&egrave;', 22),
(22111, 'Malosco', 22),
(22112, 'Massimeno', 22),
(22113, 'Mazzin', 22),
(22114, 'Mezzana', 22),
(22115, 'Mezzano', 22),
(22116, 'Mezzocorona', 22),
(22117, 'Mezzolombardo', 22),
(22118, 'Moena', 22),
(22120, 'Molveno', 22),
(22121, 'Monclassico', 22),
(22122, 'Montagne', 22),
(22123, 'Mori', 22),
(22124, 'Nago-Torbole', 22),
(22125, 'Nanno', 22),
(22126, 'Nave San Rocco', 22),
(22127, 'Nogaredo', 22),
(22128, 'Nomi', 22),
(22129, 'Novaledo', 22),
(22130, 'Ospedaletto', 22),
(22131, 'Ossana', 22),
(22132, 'Padergnone', 22),
(22133, 'Pal&ugrave; del Fersina', 22),
(22134, 'Panchi&agrave;', 22),
(22135, 'Ronzo-Chienis', 22),
(22136, 'Peio', 22),
(22137, 'Pellizzano', 22),
(22138, 'Pelugo', 22),
(22139, 'Pergine Valsugana', 22),
(22140, 'Pieve di Bono', 22),
(22142, 'Pieve Tesino', 22),
(22143, 'Pinzolo', 22),
(22144, 'Pomarolo', 22),
(22145, 'Pozza di Fassa', 22),
(22146, 'Praso', 22),
(22147, 'Predazzo', 22),
(22148, 'Preore', 22),
(22149, 'Prezzo', 22),
(22150, 'Rabbi', 22),
(22151, 'Ragoli', 22),
(22152, 'Rev&ograve;', 22),
(22153, 'Riva del Garda', 22),
(22154, 'Romallo', 22),
(22155, 'Romeno', 22),
(22156, 'Roncegno Terme', 22),
(22157, 'Ronchi Valsugana', 22),
(22158, 'Roncone', 22),
(22159, 'Ronzone', 22),
(22160, 'Rover&egrave; della Luna', 22),
(22161, 'Rovereto', 22),
(22162, 'Ruffr&egrave;-Mendola', 22),
(22163, 'Rumo', 22),
(22164, 'Sagron Mis', 22),
(22165, 'Samone', 22),
(22166, 'San Lorenzo in Banale', 22),
(22167, 'San Michele all\'Adige', 22),
(22168, 'Sant\'Orsola Terme', 22),
(22169, 'Sanzeno', 22),
(22170, 'Sarnonico', 22),
(22171, 'Scurelle', 22),
(22172, 'Segonzano', 22),
(22173, 'Sfruz', 22),
(22174, 'Siror', 22),
(22175, 'Smarano', 22),
(22176, 'Soraga', 22),
(22177, 'Sover', 22),
(22178, 'Spera', 22),
(22179, 'Spiazzo', 22),
(22180, 'Spormaggiore', 22),
(22181, 'Sporminore', 22),
(22182, 'Stenico', 22),
(22183, 'Storo', 22),
(22184, 'Strembo', 22),
(22185, 'Strigno', 22),
(22186, 'Taio', 22),
(22187, 'Tassullo', 22),
(22188, 'Telve', 22),
(22189, 'Telve di Sopra', 22),
(22190, 'Tenna', 22),
(22191, 'Tenno', 22),
(22192, 'Terlago', 22),
(22193, 'Terragnolo', 22),
(22194, 'Terres', 22),
(22195, 'Terzolas', 22),
(22196, 'Tesero', 22),
(22199, 'Tione di Trento', 22),
(22200, 'Ton', 22),
(22201, 'Tonadico', 22),
(22202, 'Torcegno', 22),
(22203, 'Trambileno', 22),
(22204, 'Transacqua', 22),
(22205, 'Trento', 22),
(22206, 'Tres', 22),
(22207, 'Tuenno', 22),
(22208, 'Valda', 22),
(22209, 'Valfloriana', 22),
(22210, 'Vallarsa', 22),
(22211, 'Varena', 22),
(22212, 'Vattaro', 22),
(22213, 'Vermiglio', 22),
(22214, 'Verv&ograve;', 22),
(22215, 'Vezzano', 22),
(22216, 'Vignola-Falesina', 22),
(22217, 'Vigo di Fassa', 22),
(22219, 'Vigolo Vattaro', 22),
(22220, 'Vigo Rendena', 22),
(22221, 'Villa Agnedo', 22),
(22222, 'Villa Lagarina', 22),
(22223, 'Villa Rendena', 22),
(22224, 'Volano', 22),
(22225, 'Zambana', 22),
(22226, 'Ziano di Fiemme', 22),
(22227, 'Zuclo', 22),
(22228, 'Comano Terme', 22),
(22229, 'Ledro', 22),
(23001, 'Affi', 23),
(23002, 'Albaredo d\'Adige', 23),
(23003, 'Angiari', 23),
(23004, 'Arcole', 23),
(23005, 'Badia Calavena', 23),
(23006, 'Bardolino', 23),
(23007, 'Belfiore', 23),
(23008, 'Bevilacqua', 23),
(23009, 'Bonavigo', 23),
(23010, 'Boschi Sant\'Anna', 23),
(23011, 'Bosco Chiesanuova', 23),
(23012, 'Bovolone', 23),
(23013, 'Brentino Belluno', 23),
(23014, 'Brenzone', 23),
(23015, 'Bussolengo', 23),
(23016, 'Buttapietra', 23),
(23017, 'Caldiero', 23),
(23018, 'Caprino Veronese', 23),
(23019, 'Casaleone', 23),
(23020, 'Castagnaro', 23),
(23021, 'Castel d\'Azzano', 23),
(23022, 'Castelnuovo del Garda', 23),
(23023, 'Cavaion Veronese', 23),
(23024, 'Cazzano di Tramigna', 23),
(23025, 'Cerea', 23),
(23026, 'Cerro Veronese', 23),
(23027, 'Cologna Veneta', 23),
(23028, 'Colognola ai Colli', 23),
(23029, 'Concamarise', 23),
(23030, 'Costermano', 23),
(23031, 'Dolc&egrave;', 23),
(23032, 'Erb&egrave;', 23),
(23033, 'Erbezzo', 23),
(23034, 'Ferrara di Monte Baldo', 23),
(23035, 'Fumane', 23),
(23036, 'Garda', 23),
(23037, 'Gazzo Veronese', 23),
(23038, 'Grezzana', 23),
(23039, 'Illasi', 23),
(23040, 'Isola della Scala', 23),
(23041, 'Isola Rizza', 23),
(23042, 'Lavagno', 23),
(23043, 'Lazise', 23),
(23044, 'Legnago', 23),
(23045, 'Malcesine', 23),
(23046, 'Marano di Valpolicella', 23),
(23047, 'Mezzane di Sotto', 23),
(23048, 'Minerbe', 23),
(23049, 'Montecchia di Crosara', 23),
(23050, 'Monteforte d\'Alpone', 23),
(23051, 'Mozzecane', 23),
(23052, 'Negrar', 23),
(23053, 'Nogara', 23),
(23054, 'Nogarole Rocca', 23),
(23055, 'Oppeano', 23),
(23056, 'Pal&ugrave;', 23),
(23057, 'Pastrengo', 23),
(23058, 'Pescantina', 23),
(23059, 'Peschiera del Garda', 23),
(23060, 'Povegliano Veronese', 23),
(23061, 'Pressana', 23),
(23062, 'Rivoli Veronese', 23),
(23063, 'Ronc&agrave;', 23),
(23064, 'Ronco all\'Adige', 23),
(23065, 'Roverchiara', 23),
(23066, 'Roveredo di Gu&agrave;', 23),
(23067, 'Rover&egrave; Veronese', 23),
(23068, 'Salizzole', 23),
(23069, 'San Bonifacio', 23),
(23070, 'San Giovanni Ilarione', 23),
(23071, 'San Giovanni Lupatoto', 23),
(23072, 'Sanguinetto', 23),
(23073, 'San Martino Buon Albergo', 23),
(23074, 'San Mauro di Saline', 23),
(23075, 'San Pietro di Morubio', 23),
(23076, 'San Pietro in Cariano', 23),
(23077, 'Sant\'Ambrogio di Valpolicella', 23),
(23078, 'Sant\'Anna d\'Alfaedo', 23),
(23079, 'San Zeno di Montagna', 23),
(23080, 'Selva di Progno', 23),
(23081, 'Soave', 23),
(23082, 'Sommacampagna', 23),
(23083, 'Sona', 23),
(23084, 'Sorg&agrave;', 23),
(23085, 'Terrazzo', 23),
(23086, 'Torri del Benaco', 23),
(23087, 'Tregnago', 23),
(23088, 'Trevenzuolo', 23),
(23089, 'Valeggio sul Mincio', 23),
(23090, 'Velo Veronese', 23),
(23091, 'Verona', 23),
(23092, 'Veronella', 23),
(23093, 'Vestenanova', 23),
(23094, 'Vigasio', 23),
(23095, 'Villa Bartolomea', 23),
(23096, 'Villafranca di Verona', 23),
(23097, 'Zevio', 23),
(23098, 'Zimella', 23),
(24001, 'Agugliaro', 24),
(24002, 'Albettone', 24),
(24003, 'Alonte', 24),
(24004, 'Altavilla Vicentina', 24),
(24005, 'Altissimo', 24),
(24006, 'Arcugnano', 24),
(24007, 'Arsiero', 24),
(24008, 'Arzignano', 24),
(24009, 'Asiago', 24),
(24010, 'Asigliano Veneto', 24),
(24011, 'Barbarano Vicentino', 24),
(24012, 'Bassano del Grappa', 24),
(24013, 'Bolzano Vicentino', 24),
(24014, 'Breganze', 24),
(24015, 'Brendola', 24),
(24016, 'Bressanvido', 24),
(24017, 'Brogliano', 24),
(24018, 'Caldogno', 24),
(24019, 'Caltrano', 24),
(24020, 'Calvene', 24),
(24021, 'Camisano Vicentino', 24),
(24022, 'Campiglia dei Berici', 24),
(24023, 'Campolongo sul Brenta', 24),
(24024, 'Carr&egrave;', 24),
(24025, 'Cartigliano', 24),
(24026, 'Cassola', 24),
(24027, 'Castegnero', 24),
(24028, 'Castelgomberto', 24),
(24029, 'Chiampo', 24),
(24030, 'Chiuppano', 24),
(24031, 'Cismon del Grappa', 24),
(24032, 'Cogollo del Cengio', 24),
(24033, 'Conco', 24),
(24034, 'Cornedo Vicentino', 24),
(24035, 'Costabissara', 24),
(24036, 'Creazzo', 24),
(24037, 'Crespadoro', 24),
(24038, 'Dueville', 24),
(24039, 'Enego', 24),
(24040, 'Fara Vicentino', 24),
(24041, 'Foza', 24),
(24042, 'Gallio', 24),
(24043, 'Gambellara', 24),
(24044, 'Gambugliano', 24),
(24045, 'Grancona', 24),
(24046, 'Grisignano di Zocco', 24),
(24047, 'Grumolo delle Abbadesse', 24),
(24048, 'Isola Vicentina', 24),
(24049, 'Laghi', 24),
(24050, 'Lastebasse', 24),
(24051, 'Longare', 24),
(24052, 'Lonigo', 24),
(24053, 'Lugo di Vicenza', 24),
(24054, 'Lusiana', 24),
(24055, 'Malo', 24),
(24056, 'Marano Vicentino', 24),
(24057, 'Marostica', 24),
(24058, 'Mason Vicentino', 24),
(24059, 'Molvena', 24),
(24060, 'Montebello Vicentino', 24),
(24061, 'Montecchio Maggiore', 24),
(24062, 'Montecchio Precalcino', 24),
(24063, 'Monte di Malo', 24),
(24064, 'Montegalda', 24),
(24065, 'Montegaldella', 24),
(24066, 'Monteviale', 24),
(24067, 'Monticello Conte Otto', 24),
(24068, 'Montorso Vicentino', 24),
(24069, 'Mossano', 24),
(24070, 'Mussolente', 24),
(24071, 'Nanto', 24),
(24072, 'Nogarole Vicentino', 24),
(24073, 'Nove', 24),
(24074, 'Noventa Vicentina', 24),
(24075, 'Orgiano', 24),
(24076, 'Pedemonte', 24),
(24077, 'Pianezze', 24),
(24078, 'Piovene Rocchette', 24),
(24079, 'Pojana Maggiore', 24),
(24080, 'Posina', 24),
(24081, 'Pove del Grappa', 24),
(24082, 'Pozzoleone', 24),
(24083, 'Quinto Vicentino', 24),
(24084, 'Recoaro Terme', 24),
(24085, 'Roana', 24),
(24086, 'Romano d\'Ezzelino', 24),
(24087, 'Ros&agrave;', 24),
(24088, 'Rossano Veneto', 24),
(24089, 'Rotzo', 24),
(24090, 'Salcedo', 24),
(24091, 'Sandrigo', 24),
(24092, 'San Germano dei Berici', 24),
(24093, 'San Nazario', 24),
(24094, 'San Pietro Mussolino', 24),
(24095, 'Santorso', 24),
(24096, 'San Vito di Leguzzano', 24),
(24097, 'Sarcedo', 24),
(24098, 'Sarego', 24),
(24099, 'Schiavon', 24),
(24100, 'Schio', 24),
(24101, 'Solagna', 24),
(24102, 'Sossano', 24),
(24103, 'Sovizzo', 24),
(24104, 'Tezze sul Brenta', 24),
(24105, 'Thiene', 24),
(24106, 'Tonezza del Cimone', 24),
(24107, 'Torrebelvicino', 24),
(24108, 'Torri di Quartesolo', 24),
(24110, 'Trissino', 24),
(24111, 'Valdagno', 24),
(24112, 'Valdastico', 24),
(24113, 'Valli del Pasubio', 24),
(24114, 'Valstagna', 24),
(24115, 'Velo d\'Astico', 24),
(24116, 'Vicenza', 24),
(24117, 'Villaga', 24),
(24118, 'Villaverla', 24),
(24119, 'Zan&egrave;', 24),
(24120, 'Zermeghedo', 24),
(24121, 'Zovencedo', 24),
(24122, 'Zugliano', 24),
(25001, 'Agordo', 25),
(25002, 'Alano di Piave', 25),
(25003, 'Alleghe', 25),
(25004, 'Arsi&egrave;', 25),
(25005, 'Auronzo di Cadore', 25),
(25006, 'Belluno', 25),
(25007, 'Borca di Cadore', 25),
(25008, 'Calalzo di Cadore', 25),
(25009, 'Castellavazzo', 25),
(25010, 'Cencenighe Agordino', 25),
(25011, 'Cesiomaggiore', 25),
(25012, 'Chies d\'Alpago', 25),
(25013, 'Cibiana di Cadore', 25),
(25014, 'Colle Santa Lucia', 25),
(25015, 'Comelico Superiore', 25),
(25016, 'Cortina d\'Ampezzo', 25),
(25017, 'Danta di Cadore', 25),
(25018, 'Domegge di Cadore', 25),
(25019, 'Falcade', 25),
(25020, 'Farra d\'Alpago', 25),
(25021, 'Feltre', 25),
(25022, 'Fonzaso', 25),
(25023, 'Canale d\'Agordo', 25),
(25024, 'Forno di Zoldo', 25),
(25025, 'Gosaldo', 25),
(25026, 'Lamon', 25),
(25027, 'La Valle Agordina', 25),
(25028, 'Lentiai', 25),
(25029, 'Limana', 25),
(25030, 'Livinallongo del Col di Lana', 25),
(25031, 'Longarone', 25),
(25032, 'Lorenzago di Cadore', 25),
(25033, 'Lozzo di Cadore', 25),
(25034, 'Mel', 25),
(25035, 'Ospitale di Cadore', 25),
(25036, 'Pedavena', 25),
(25037, 'Perarolo di Cadore', 25),
(25038, 'Pieve d\'Alpago', 25),
(25039, 'Pieve di Cadore', 25),
(25040, 'Ponte nelle Alpi', 25),
(25041, 'Puos d\'Alpago', 25),
(25042, 'Quero', 25),
(25043, 'Rivamonte Agordino', 25),
(25044, 'Rocca Pietore', 25),
(25045, 'San Gregorio nelle Alpi', 25),
(25046, 'San Nicol&ograve; di Comelico', 25),
(25047, 'San Pietro di Cadore', 25),
(25048, 'Santa Giustina', 25),
(25049, 'San Tomaso Agordino', 25),
(25050, 'Santo Stefano di Cadore', 25),
(25051, 'San Vito di Cadore', 25),
(25052, 'Sappada', 25),
(25053, 'Sedico', 25),
(25054, 'Selva di Cadore', 25),
(25055, 'Seren del Grappa', 25),
(25056, 'Sospirolo', 25),
(25057, 'Soverzene', 25),
(25058, 'Sovramonte', 25),
(25059, 'Taibon Agordino', 25),
(25060, 'Tambre', 25),
(25061, 'Trichiana', 25),
(25062, 'Vallada Agordina', 25),
(25063, 'Valle di Cadore', 25),
(25064, 'Vas', 25),
(25065, 'Vigo di Cadore', 25),
(25066, 'Vodo Cadore', 25),
(25067, 'Voltago Agordino', 25),
(25068, 'Zoldo Alto', 25),
(25069, 'Zopp&egrave; di Cadore', 25),
(26001, 'Altivole', 26),
(26002, 'Arcade', 26),
(26003, 'Asolo', 26),
(26004, 'Borso del Grappa', 26),
(26005, 'Breda di Piave', 26),
(26006, 'Caerano di San Marco', 26),
(26007, 'Cappella Maggiore', 26),
(26008, 'Carbonera', 26),
(26009, 'Casale sul Sile', 26),
(26010, 'Casier', 26),
(26011, 'Castelcucco', 26),
(26012, 'Castelfranco Veneto', 26),
(26013, 'Castello di Godego', 26),
(26014, 'Cavaso del Tomba', 26),
(26015, 'Cessalto', 26),
(26016, 'Chiarano', 26),
(26017, 'Cimadolmo', 26),
(26018, 'Cison di Valmarino', 26),
(26019, 'Codogn&egrave;', 26),
(26020, 'Colle Umberto', 26),
(26021, 'Conegliano', 26),
(26022, 'Cordignano', 26),
(26023, 'Cornuda', 26),
(26024, 'Crespano del Grappa', 26),
(26025, 'Crocetta del Montello', 26),
(26026, 'Farra di Soligo', 26),
(26027, 'Follina', 26),
(26028, 'Fontanelle', 26),
(26029, 'Fonte', 26),
(26030, 'Fregona', 26),
(26031, 'Gaiarine', 26),
(26032, 'Giavera del Montello', 26),
(26033, 'Godega di Sant\'Urbano', 26),
(26034, 'Gorgo al Monticano', 26),
(26035, 'Istrana', 26),
(26036, 'Loria', 26),
(26037, 'Mansu&egrave;', 26),
(26038, 'Mareno di Piave', 26),
(26039, 'Maser', 26),
(26040, 'Maserada sul Piave', 26),
(26041, 'Meduna di Livenza', 26),
(26042, 'Miane', 26),
(26043, 'Mogliano Veneto', 26),
(26044, 'Monastier di Treviso', 26),
(26045, 'Monfumo', 26),
(26046, 'Montebelluna', 26),
(26047, 'Morgano', 26),
(26048, 'Moriago della Battaglia', 26),
(26049, 'Motta di Livenza', 26),
(26050, 'Nervesa della Battaglia', 26),
(26051, 'Oderzo', 26),
(26052, 'Ormelle', 26),
(26053, 'Orsago', 26),
(26054, 'Paderno del Grappa', 26),
(26055, 'Paese', 26),
(26056, 'Pederobba', 26),
(26057, 'Pieve di Soligo', 26),
(26058, 'Ponte di Piave', 26),
(26059, 'Ponzano Veneto', 26),
(26060, 'Portobuffol&egrave;', 26),
(26061, 'Possagno', 26),
(26062, 'Povegliano', 26),
(26063, 'Preganziol', 26),
(26064, 'Quinto di Treviso', 26),
(26065, 'Refrontolo', 26),
(26066, 'Resana', 26),
(26067, 'Revine Lago', 26),
(26068, 'Riese Pio X', 26),
(26069, 'Roncade', 26),
(26070, 'Salgareda', 26),
(26071, 'San Biagio di Callalta', 26),
(26072, 'San Fior', 26),
(26073, 'San Pietro di Feletto', 26),
(26074, 'San Polo di Piave', 26),
(26075, 'Santa Lucia di Piave', 26),
(26076, 'San Vendemiano', 26),
(26077, 'San Zenone degli Ezzelini', 26),
(26078, 'Sarmede', 26),
(26079, 'Segusino', 26),
(26080, 'Sernaglia della Battaglia', 26),
(26081, 'Silea', 26),
(26082, 'Spresiano', 26),
(26083, 'Susegana', 26),
(26084, 'Tarzo', 26),
(26085, 'Trevignano', 26),
(26086, 'Treviso', 26),
(26087, 'Valdobbiadene', 26),
(26088, 'Vazzola', 26),
(26089, 'Vedelago', 26),
(26090, 'Vidor', 26),
(26091, 'Villorba', 26),
(26092, 'Vittorio Veneto', 26),
(26093, 'Volpago del Montello', 26),
(26094, 'Zenson di Piave', 26),
(26095, 'Zero Branco', 26),
(27001, 'Annone Veneto', 27),
(27002, 'Campagna Lupia', 27),
(27003, 'Campolongo Maggiore', 27),
(27004, 'Camponogara', 27),
(27005, 'Caorle', 27),
(27006, 'Cavarzere', 27),
(27007, 'Ceggia', 27),
(27008, 'Chioggia', 27),
(27009, 'Cinto Caomaggiore', 27),
(27010, 'Cona', 27),
(27011, 'Concordia Sagittaria', 27),
(27012, 'Dolo', 27),
(27013, 'Eraclea', 27),
(27014, 'Fiesso d\'Artico', 27),
(27015, 'Fossalta di Piave', 27),
(27016, 'Fossalta di Portogruaro', 27),
(27017, 'Foss&ograve;', 27),
(27018, 'Gruaro', 27),
(27019, 'Jesolo', 27),
(27020, 'Marcon', 27),
(27021, 'Martellago', 27),
(27022, 'Meolo', 27),
(27023, 'Mira', 27),
(27024, 'Mirano', 27),
(27025, 'Musile di Piave', 27),
(27026, 'Noale', 27),
(27027, 'Noventa di Piave', 27),
(27028, 'Pianiga', 27),
(27029, 'Portogruaro', 27),
(27030, 'Pramaggiore', 27),
(27031, 'Quarto d\'Altino', 27),
(27032, 'Salzano', 27),
(27033, 'San Don&agrave; di Piave', 27),
(27034, 'San Michele al Tagliamento', 27),
(27035, 'Santa Maria di Sala', 27),
(27036, 'Santo Stino di Livenza', 27),
(27037, 'Scorz&egrave;', 27),
(27038, 'Spinea', 27),
(27039, 'Stra', 27),
(27040, 'Teglio Veneto', 27),
(27041, 'Torre di Mosto', 27),
(27042, 'Venezia', 27),
(27043, 'Vigonovo', 27),
(27044, 'Cavallino-Treporti', 27),
(28001, 'Abano Terme', 28),
(28002, 'Agna', 28),
(28003, 'Albignasego', 28),
(28004, 'Anguillara Veneta', 28),
(28005, 'Arqu&agrave; Petrarca', 28),
(28006, 'Arre', 28),
(28007, 'Arzergrande', 28),
(28008, 'Bagnoli di Sopra', 28),
(28009, 'Baone', 28),
(28010, 'Barbona', 28),
(28011, 'Battaglia Terme', 28),
(28012, 'Boara Pisani', 28),
(28013, 'Borgoricco', 28),
(28014, 'Bovolenta', 28),
(28015, 'Brugine', 28),
(28016, 'Cadoneghe', 28),
(28017, 'Campodarsego', 28),
(28018, 'Campodoro', 28),
(28019, 'Camposampiero', 28),
(28020, 'Campo San Martino', 28),
(28021, 'Candiana', 28),
(28022, 'Carceri', 28),
(28023, 'Carmignano di Brenta', 28),
(28026, 'Cartura', 28),
(28027, 'Casale di Scodosia', 28),
(28028, 'Casalserugo', 28),
(28029, 'Castelbaldo', 28),
(28030, 'Cervarese Santa Croce', 28),
(28031, 'Cinto Euganeo', 28),
(28032, 'Cittadella', 28),
(28033, 'Codevigo', 28),
(28034, 'Conselve', 28),
(28035, 'Correzzola', 28),
(28036, 'Curtarolo', 28),
(28037, 'Este', 28),
(28038, 'Fontaniva', 28),
(28039, 'Galliera Veneta', 28),
(28040, 'Galzignano Terme', 28),
(28041, 'Gazzo', 28),
(28042, 'Grantorto', 28),
(28043, 'Granze', 28),
(28044, 'Legnaro', 28),
(28045, 'Limena', 28),
(28046, 'Loreggia', 28),
(28047, 'Lozzo Atestino', 28),
(28048, 'Maser&agrave; di Padova', 28),
(28049, 'Masi', 28),
(28050, 'Massanzago', 28),
(28051, 'Megliadino San Fidenzio', 28),
(28052, 'Megliadino San Vitale', 28),
(28053, 'Merlara', 28),
(28054, 'Mestrino', 28),
(28055, 'Monselice', 28),
(28056, 'Montagnana', 28),
(28057, 'Montegrotto Terme', 28),
(28058, 'Noventa Padovana', 28),
(28059, 'Ospedaletto Euganeo', 28),
(28060, 'Padova', 28),
(28061, 'Pernumia', 28),
(28062, 'Piacenza d\'Adige', 28),
(28063, 'Piazzola sul Brenta', 28),
(28064, 'Piombino Dese', 28),
(28065, 'Piove di Sacco', 28),
(28066, 'Polverara', 28),
(28067, 'Ponso', 28),
(28068, 'Pontelongo', 28),
(28069, 'Ponte San Nicol&ograve;', 28),
(28070, 'Pozzonovo', 28),
(28071, 'Rovolon', 28),
(28072, 'Rubano', 28),
(28073, 'Saccolongo', 28),
(28074, 'Saletto', 28),
(28075, 'San Giorgio delle Pertiche', 28),
(28076, 'San Giorgio in Bosco', 28),
(28077, 'San Martino di Lupari', 28),
(28078, 'San Pietro in Gu', 28),
(28079, 'San Pietro Viminario', 28),
(28080, 'Santa Giustina in Colle', 28),
(28081, 'Santa Margherita d\'Adige', 28),
(28082, 'Sant\'Angelo di Piove di Sacco', 28),
(28083, 'Sant\'Elena', 28),
(28084, 'Sant\'Urbano', 28),
(28085, 'Saonara', 28),
(28086, 'Selvazzano Dentro', 28),
(28087, 'Solesino', 28),
(28088, 'Stanghella', 28),
(28089, 'Teolo', 28),
(28090, 'Terrassa Padovana', 28),
(28091, 'Tombolo', 28),
(28092, 'Torreglia', 28),
(28093, 'Trebaseleghe', 28),
(28094, 'Tribano', 28),
(28095, 'Urbana', 28),
(28096, 'Veggiano', 28),
(28097, 'Vescovana', 28),
(28098, 'Vighizzolo d\'Este', 28),
(28099, 'Vigodarzere', 28),
(28100, 'Vigonza', 28),
(28101, 'Villa del Conte', 28),
(28102, 'Villa Estense', 28),
(28103, 'Villafranca Padovana', 28),
(28104, 'Villanova di Camposampiero', 28),
(28105, 'Vo&#39;', 28),
(28106, 'Due Carrare', 28),
(29001, 'Adria', 29),
(29002, 'Ariano nel Polesine', 29),
(29003, 'Arqu&agrave; Polesine', 29),
(29004, 'Badia Polesine', 29),
(29005, 'Bagnolo di Po', 29),
(29006, 'Bergantino', 29),
(29007, 'Bosaro', 29),
(29008, 'Calto', 29),
(29009, 'Canaro', 29),
(29010, 'Canda', 29),
(29011, 'Castelguglielmo', 29),
(29012, 'Castelmassa', 29),
(29013, 'Castelnovo Bariano', 29),
(29014, 'Ceneselli', 29),
(29015, 'Ceregnano', 29),
(29017, 'Corbola', 29),
(29018, 'Costa di Rovigo', 29),
(29019, 'Crespino', 29),
(29021, 'Ficarolo', 29),
(29022, 'Fiesso Umbertiano', 29),
(29023, 'Frassinelle Polesine', 29),
(29024, 'Fratta Polesine', 29),
(29025, 'Gaiba', 29),
(29026, 'Gavello', 29),
(29027, 'Giacciano con Baruchella', 29),
(29028, 'Guarda Veneta', 29),
(29029, 'Lendinara', 29),
(29030, 'Loreo', 29),
(29031, 'Lusia', 29),
(29032, 'Melara', 29),
(29033, 'Occhiobello', 29),
(29034, 'Papozze', 29),
(29035, 'Pettorazza Grimani', 29),
(29036, 'Pincara', 29),
(29037, 'Polesella', 29),
(29038, 'Pontecchio Polesine', 29),
(29039, 'Porto Tolle', 29),
(29040, 'Rosolina', 29),
(29041, 'Rovigo', 29),
(29042, 'Salara', 29),
(29043, 'San Bellino', 29),
(29044, 'San Martino di Venezze', 29),
(29045, 'Stienta', 29),
(29046, 'Taglio di Po', 29),
(29047, 'Trecenta', 29),
(29048, 'Villadose', 29),
(29049, 'Villamarzana', 29),
(29050, 'Villanova del Ghebbo', 29),
(29051, 'Villanova Marchesana', 29),
(29052, 'Porto Viro', 29),
(30001, 'Aiello del Friuli', 30),
(30002, 'Amaro', 30),
(30003, 'Ampezzo', 30),
(30004, 'Aquileia', 30),
(30005, 'Arta Terme', 30),
(30006, 'Artegna', 30),
(30007, 'Attimis', 30),
(30008, 'Bagnaria Arsa', 30),
(30009, 'Basiliano', 30),
(30010, 'Bertiolo', 30),
(30011, 'Bicinicco', 30),
(30012, 'Bordano', 30),
(30013, 'Buja', 30),
(30014, 'Buttrio', 30),
(30015, 'Camino al Tagliamento', 30),
(30016, 'Campoformido', 30),
(30018, 'Carlino', 30),
(30019, 'Cassacco', 30),
(30020, 'Castions di Strada', 30),
(30021, 'Cavazzo Carnico', 30),
(30022, 'Cercivento', 30),
(30023, 'Cervignano del Friuli', 30),
(30024, 'Chiopris-Viscone', 30),
(30025, 'Chiusaforte', 30),
(30026, 'Cividale del Friuli', 30),
(30027, 'Codroipo', 30),
(30028, 'Colloredo di Monte Albano', 30),
(30029, 'Comeglians', 30),
(30030, 'Corno di Rosazzo', 30),
(30031, 'Coseano', 30),
(30032, 'Dignano', 30),
(30033, 'Dogna', 30),
(30034, 'Drenchia', 30),
(30035, 'Enemonzo', 30),
(30036, 'Faedis', 30),
(30037, 'Fagagna', 30),
(30038, 'Fiumicello', 30),
(30039, 'Flaibano', 30),
(30040, 'Forni Avoltri', 30),
(30041, 'Forni di Sopra', 30),
(30042, 'Forni di Sotto', 30),
(30043, 'Gemona del Friuli', 30),
(30044, 'Gonars', 30),
(30045, 'Grimacco', 30),
(30046, 'Latisana', 30),
(30047, 'Lauco', 30),
(30048, 'Lestizza', 30),
(30049, 'Lignano Sabbiadoro', 30),
(30050, 'Ligosullo', 30),
(30051, 'Lusevera', 30),
(30052, 'Magnano in Riviera', 30),
(30053, 'Majano', 30),
(30054, 'Malborghetto Valbruna', 30),
(30055, 'Manzano', 30),
(30056, 'Marano Lagunare', 30),
(30057, 'Martignacco', 30),
(30058, 'Mereto di Tomba', 30),
(30059, 'Moggio Udinese', 30),
(30060, 'Moimacco', 30),
(30061, 'Montenars', 30),
(30062, 'Mortegliano', 30),
(30063, 'Moruzzo', 30),
(30064, 'Muzzana del Turgnano', 30),
(30065, 'Nimis', 30),
(30066, 'Osoppo', 30),
(30067, 'Ovaro', 30),
(30068, 'Pagnacco', 30),
(30069, 'Palazzolo dello Stella', 30),
(30070, 'Palmanova', 30),
(30071, 'Paluzza', 30),
(30072, 'Pasian di Prato', 30),
(30073, 'Paularo', 30),
(30074, 'Pavia di Udine', 30),
(30075, 'Pocenia', 30),
(30076, 'Pontebba', 30),
(30077, 'Porpetto', 30),
(30078, 'Povoletto', 30),
(30079, 'Pozzuolo del Friuli', 30),
(30080, 'Pradamano', 30),
(30081, 'Prato Carnico', 30),
(30082, 'Precenicco', 30),
(30083, 'Premariacco', 30),
(30084, 'Preone', 30),
(30085, 'Prepotto', 30),
(30086, 'Pulfero', 30),
(30087, 'Ragogna', 30),
(30088, 'Ravascletto', 30),
(30089, 'Raveo', 30),
(30090, 'Reana del Rojale', 30),
(30091, 'Remanzacco', 30),
(30092, 'Resia', 30),
(30093, 'Resiutta', 30),
(30094, 'Rigolato', 30),
(30095, 'Rive d\'Arcano', 30),
(30096, 'Rivignano', 30),
(30097, 'Ronchis', 30),
(30098, 'Ruda', 30),
(30099, 'San Daniele del Friuli', 30),
(30100, 'San Giorgio di Nogaro', 30),
(30101, 'San Giovanni al Natisone', 30),
(30102, 'San Leonardo', 30),
(30103, 'San Pietro al Natisone', 30),
(30104, 'Santa Maria la Longa', 30),
(30105, 'San Vito al Torre', 30),
(30106, 'San Vito di Fagagna', 30),
(30107, 'Sauris', 30),
(30108, 'Savogna', 30),
(30109, 'Sedegliano', 30),
(30110, 'Socchieve', 30),
(30111, 'Stregna', 30),
(30112, 'Sutrio', 30),
(30113, 'Taipana', 30),
(30114, 'Talmassons', 30),
(30116, 'Tarcento', 30),
(30117, 'Tarvisio', 30),
(30118, 'Tavagnacco', 30),
(30119, 'Teor', 30),
(30120, 'Terzo d\'Aquileia', 30),
(30121, 'Tolmezzo', 30),
(30122, 'Torreano', 30),
(30123, 'Torviscosa', 30),
(30124, 'Trasaghis', 30),
(30125, 'Treppo Carnico', 30),
(30126, 'Treppo Grande', 30),
(30127, 'Tricesimo', 30),
(30128, 'Trivignano Udinese', 30),
(30129, 'Udine', 30),
(30130, 'Varmo', 30),
(30131, 'Venzone', 30),
(30132, 'Verzegnis', 30),
(30133, 'Villa Santina', 30),
(30134, 'Villa Vicentina', 30),
(30135, 'Visco', 30),
(30136, 'Zuglio', 30),
(30137, 'Forgaria nel Friuli', 30),
(30138, 'Campolongo Tapogliano', 30),
(31001, 'Capriva del Friuli', 31),
(31002, 'Cormons', 31),
(31003, 'Doberd&ograve; del Lago', 31),
(31004, 'Dolegna del Collio', 31),
(31005, 'Farra d\'Isonzo', 31),
(31006, 'Fogliano Redipuglia', 31),
(31007, 'Gorizia', 31),
(31008, 'Gradisca d\'Isonzo', 31),
(31009, 'Grado', 31),
(31010, 'Mariano del Friuli', 31),
(31011, 'Medea', 31),
(31012, 'Monfalcone', 31),
(31013, 'Moraro', 31),
(31014, 'Mossa', 31),
(31015, 'Romans d\'Isonzo', 31),
(31016, 'Ronchi dei Legionari', 31),
(31017, 'Sagrado', 31),
(31018, 'San Canzian d\'Isonzo', 31),
(31019, 'San Floriano del Collio', 31),
(31020, 'San Lorenzo Isontino', 31),
(31021, 'San Pier d\'Isonzo', 31),
(31022, 'Savogna d\'Isonzo', 31),
(31023, 'Staranzano', 31),
(31024, 'Turriaco', 31),
(31025, 'Villesse', 31),
(32001, 'Duino-Aurisina', 32),
(32002, 'Monrupino', 32),
(32003, 'Muggia', 32),
(32004, 'San Dorligo della Valle - Dolina', 32),
(32005, 'Sgonico', 32),
(32006, 'Trieste', 32),
(33001, 'Agazzano', 33),
(33002, 'Alseno', 33),
(33003, 'Besenzone', 33),
(33004, 'Bettola', 33),
(33005, 'Bobbio', 33),
(33006, 'Borgonovo Val Tidone', 33),
(33007, 'Cadeo', 33),
(33008, 'Calendasco', 33),
(33009, 'Caminata', 33),
(33010, 'Caorso', 33),
(33011, 'Carpaneto Piacentino', 33),
(33012, 'Castell\'Arquato', 33),
(33013, 'Castel San Giovanni', 33),
(33014, 'Castelvetro Piacentino', 33),
(33015, 'Cerignale', 33),
(33016, 'Coli', 33),
(33017, 'Corte Brugnatella', 33),
(33018, 'Cortemaggiore', 33),
(33019, 'Farini', 33),
(33020, 'Ferriere', 33),
(33021, 'Fiorenzuola d\'Arda', 33),
(33022, 'Gazzola', 33),
(33023, 'Gossolengo', 33),
(33024, 'Gragnano Trebbiense', 33),
(33025, 'Gropparello', 33),
(33026, 'Lugagnano Val d\'Arda', 33),
(33027, 'Monticelli d\'Ongina', 33),
(33028, 'Morfasso', 33),
(33029, 'Nibbiano', 33),
(33030, 'Ottone', 33),
(33031, 'Pecorara', 33),
(33032, 'Piacenza', 33),
(33033, 'Pianello Val Tidone', 33),
(33034, 'Piozzano', 33),
(33035, 'Podenzano', 33),
(33036, 'Ponte dell\'Olio', 33),
(33037, 'Pontenure', 33),
(33038, 'Rivergaro', 33),
(33039, 'Rottofreno', 33),
(33040, 'San Giorgio Piacentino', 33),
(33041, 'San Pietro in Cerro', 33),
(33042, 'Sarmato', 33),
(33043, 'Travo', 33),
(33044, 'Vernasca', 33),
(33045, 'Vigolzone', 33),
(33046, 'Villanova sull\'Arda', 33),
(33047, 'Zerba', 33),
(33048, 'Ziano Piacentino', 33),
(34001, 'Albareto', 34),
(34002, 'Bardi', 34),
(34003, 'Bedonia', 34),
(34004, 'Berceto', 34),
(34005, 'Bore', 34),
(34006, 'Borgo Val di Taro', 34),
(34007, 'Busseto', 34),
(34008, 'Calestano', 34),
(34009, 'Collecchio', 34),
(34010, 'Colorno', 34),
(34011, 'Compiano', 34),
(34012, 'Corniglio', 34),
(34013, 'Felino', 34),
(34014, 'Fidenza', 34),
(34015, 'Fontanellato', 34),
(34016, 'Fontevivo', 34),
(34017, 'Fornovo di Taro', 34),
(34018, 'Langhirano', 34),
(34019, 'Lesignano de\' Bagni', 34),
(34020, 'Medesano', 34),
(34021, 'Mezzani', 34),
(34022, 'Monchio delle Corti', 34),
(34023, 'Montechiarugolo', 34),
(34024, 'Neviano degli Arduini', 34),
(34025, 'Noceto', 34),
(34026, 'Palanzano', 34),
(34027, 'Parma', 34),
(34028, 'Pellegrino Parmense', 34),
(34029, 'Polesine Parmense', 34),
(34030, 'Roccabianca', 34),
(34031, 'Sala Baganza', 34),
(34032, 'Salsomaggiore Terme', 34),
(34033, 'San Secondo Parmense', 34),
(34034, 'Sissa', 34),
(34035, 'Solignano', 34),
(34036, 'Soragna', 34),
(34037, 'Sorbolo', 34),
(34038, 'Terenzo', 34),
(34039, 'Tizzano Val Parma', 34),
(34040, 'Tornolo', 34),
(34041, 'Torrile', 34),
(34042, 'Traversetolo', 34),
(34043, 'Trecasali', 34),
(34044, 'Valmozzola', 34),
(34045, 'Varano de\' Melegari', 34),
(34046, 'Varsi', 34),
(34048, 'Zibello', 34),
(35001, 'Albinea', 35),
(35002, 'Bagnolo in Piano', 35),
(35003, 'Baiso', 35),
(35004, 'Bibbiano', 35),
(35005, 'Boretto', 35),
(35006, 'Brescello', 35),
(35007, 'Busana', 35),
(35008, 'Cadelbosco di Sopra', 35),
(35009, 'Campagnola Emilia', 35),
(35010, 'Campegine', 35),
(35011, 'Carpineti', 35),
(35012, 'Casalgrande', 35),
(35013, 'Casina', 35),
(35014, 'Castellarano', 35),
(35015, 'Castelnovo di Sotto', 35),
(35016, 'Castelnovo ne\' Monti', 35),
(35017, 'Cavriago', 35),
(35018, 'Canossa', 35),
(35019, 'Collagna', 35),
(35020, 'Correggio', 35),
(35021, 'Fabbrico', 35),
(35022, 'Gattatico', 35),
(35023, 'Gualtieri', 35),
(35024, 'Guastalla', 35),
(35025, 'Ligonchio', 35),
(35026, 'Luzzara', 35),
(35027, 'Montecchio Emilia', 35),
(35028, 'Novellara', 35),
(35029, 'Poviglio', 35),
(35030, 'Quattro Castella', 35),
(35031, 'Ramiseto', 35),
(35032, 'Reggiolo', 35),
(35033, 'Reggio nell\'Emilia', 35),
(35034, 'Rio Saliceto', 35),
(35035, 'Rolo', 35),
(35036, 'Rubiera', 35),
(35037, 'San Martino in Rio', 35),
(35038, 'San Polo d\'Enza', 35),
(35039, 'Sant\'Ilario d\'Enza', 35),
(35040, 'Scandiano', 35),
(35041, 'Toano', 35),
(35042, 'Vetto', 35),
(35043, 'Vezzano sul Crostolo', 35),
(35044, 'Viano', 35),
(35045, 'Villa Minozzo', 35),
(36001, 'Bastiglia', 36),
(36002, 'Bomporto', 36),
(36003, 'Campogalliano', 36),
(36004, 'Camposanto', 36),
(36005, 'Carpi', 36),
(36006, 'Castelfranco Emilia', 36),
(36007, 'Castelnuovo Rangone', 36),
(36008, 'Castelvetro di Modena', 36),
(36009, 'Cavezzo', 36),
(36010, 'Concordia sulla Secchia', 36),
(36011, 'Fanano', 36),
(36012, 'Finale Emilia', 36),
(36013, 'Fiorano Modenese', 36),
(36014, 'Fiumalbo', 36),
(36015, 'Formigine', 36),
(36016, 'Frassinoro', 36),
(36017, 'Guiglia', 36),
(36018, 'Lama Mocogno', 36),
(36019, 'Maranello', 36),
(36020, 'Marano sul Panaro', 36),
(36021, 'Medolla', 36),
(36022, 'Mirandola', 36),
(36023, 'Modena', 36),
(36024, 'Montecreto', 36),
(36025, 'Montefiorino', 36),
(36026, 'Montese', 36),
(36027, 'Nonantola', 36),
(36028, 'Novi di Modena', 36),
(36029, 'Palagano', 36);
INSERT INTO `comuni` (`id`, `nome`, `id_provincia`) VALUES
(36030, 'Pavullo nel Frignano', 36),
(36031, 'Pievepelago', 36),
(36032, 'Polinago', 36),
(36033, 'Prignano sulla Secchia', 36),
(36034, 'Ravarino', 36),
(36035, 'Riolunato', 36),
(36036, 'San Cesario sul Panaro', 36),
(36037, 'San Felice sul Panaro', 36),
(36038, 'San Possidonio', 36),
(36039, 'San Prospero', 36),
(36040, 'Sassuolo', 36),
(36041, 'Savignano sul Panaro', 36),
(36042, 'Serramazzoni', 36),
(36043, 'Sestola', 36),
(36044, 'Soliera', 36),
(36045, 'Spilamberto', 36),
(36046, 'Vignola', 36),
(36047, 'Zocca', 36),
(37001, 'Anzola dell\'Emilia', 37),
(37002, 'Argelato', 37),
(37003, 'Baricella', 37),
(37004, 'Bazzano', 37),
(37005, 'Bentivoglio', 37),
(37006, 'Bologna', 37),
(37007, 'Borgo Tossignano', 37),
(37008, 'Budrio', 37),
(37009, 'Calderara di Reno', 37),
(37010, 'Camugnano', 37),
(37011, 'Casalecchio di Reno', 37),
(37012, 'Casalfiumanese', 37),
(37013, 'Castel d\'Aiano', 37),
(37014, 'Castel del Rio', 37),
(37015, 'Castel di Casio', 37),
(37016, 'Castel Guelfo di Bologna', 37),
(37017, 'Castello d\'Argile', 37),
(37018, 'Castello di Serravalle', 37),
(37019, 'Castel Maggiore', 37),
(37020, 'Castel San Pietro Terme', 37),
(37021, 'Castenaso', 37),
(37022, 'Castiglione dei Pepoli', 37),
(37023, 'Crespellano', 37),
(37024, 'Crevalcore', 37),
(37025, 'Dozza', 37),
(37026, 'Fontanelice', 37),
(37027, 'Gaggio Montano', 37),
(37028, 'Galliera', 37),
(37029, 'Granaglione', 37),
(37030, 'Granarolo dell\'Emilia', 37),
(37031, 'Grizzana Morandi', 37),
(37032, 'Imola', 37),
(37033, 'Lizzano in Belvedere', 37),
(37034, 'Loiano', 37),
(37035, 'Malalbergo', 37),
(37036, 'Marzabotto', 37),
(37037, 'Medicina', 37),
(37038, 'Minerbio', 37),
(37039, 'Molinella', 37),
(37040, 'Monghidoro', 37),
(37041, 'Monterenzio', 37),
(37042, 'Monte San Pietro', 37),
(37043, 'Monteveglio', 37),
(37044, 'Monzuno', 37),
(37045, 'Mordano', 37),
(37046, 'Ozzano dell\'Emilia', 37),
(37047, 'Pianoro', 37),
(37048, 'Pieve di Cento', 37),
(37049, 'Porretta Terme', 37),
(37050, 'Sala Bolognese', 37),
(37051, 'San Benedetto Val di Sambro', 37),
(37052, 'San Giorgio di Piano', 37),
(37053, 'San Giovanni in Persiceto', 37),
(37054, 'San Lazzaro di Savena', 37),
(37055, 'San Pietro in Casale', 37),
(37056, 'Sant\'Agata Bolognese', 37),
(37057, 'Sasso Marconi', 37),
(37058, 'Savigno', 37),
(37059, 'Vergato', 37),
(37060, 'Zola Predosa', 37),
(38001, 'Argenta', 38),
(38002, 'Berra', 38),
(38003, 'Bondeno', 38),
(38004, 'Cento', 38),
(38005, 'Codigoro', 38),
(38006, 'Comacchio', 38),
(38007, 'Copparo', 38),
(38008, 'Ferrara', 38),
(38009, 'Formignana', 38),
(38010, 'Jolanda di Savoia', 38),
(38011, 'Lagosanto', 38),
(38012, 'Masi Torello', 38),
(38013, 'Massa Fiscaglia', 38),
(38014, 'Mesola', 38),
(38015, 'Migliarino', 38),
(38016, 'Mirabello', 38),
(38017, 'Ostellato', 38),
(38018, 'Poggio Renatico', 38),
(38019, 'Portomaggiore', 38),
(38020, 'Ro', 38),
(38021, 'Sant\'Agostino', 38),
(38022, 'Vigarano Mainarda', 38),
(38023, 'Voghiera', 38),
(38024, 'Tresigallo', 38),
(38025, 'Goro', 38),
(38026, 'Migliaro', 38),
(39001, 'Alfonsine', 39),
(39002, 'Bagnacavallo', 39),
(39003, 'Bagnara di Romagna', 39),
(39004, 'Brisighella', 39),
(39005, 'Casola Valsenio', 39),
(39006, 'Castel Bolognese', 39),
(39007, 'Cervia', 39),
(39008, 'Conselice', 39),
(39009, 'Cotignola', 39),
(39010, 'Faenza', 39),
(39011, 'Fusignano', 39),
(39012, 'Lugo', 39),
(39013, 'Massa Lombarda', 39),
(39014, 'Ravenna', 39),
(39015, 'Riolo Terme', 39),
(39016, 'Russi', 39),
(39017, 'Sant\'Agata sul Santerno', 39),
(39018, 'Solarolo', 39),
(40001, 'Bagno di Romagna', 40),
(40003, 'Bertinoro', 40),
(40004, 'Borghi', 40),
(40005, 'Castrocaro Terme e Terra del Sole', 40),
(40007, 'Cesena', 40),
(40008, 'Cesenatico', 40),
(40009, 'Civitella di Romagna', 40),
(40011, 'Dovadola', 40),
(40012, 'Forl&igrave;', 40),
(40013, 'Forlimpopoli', 40),
(40014, 'Galeata', 40),
(40015, 'Gambettola', 40),
(40016, 'Gatteo', 40),
(40018, 'Longiano', 40),
(40019, 'Meldola', 40),
(40020, 'Mercato Saraceno', 40),
(40022, 'Modigliana', 40),
(40028, 'Montiano', 40),
(40031, 'Portico e San Benedetto', 40),
(40032, 'Predappio', 40),
(40033, 'Premilcuore', 40),
(40036, 'Rocca San Casciano', 40),
(40037, 'Roncofreddo', 40),
(40041, 'San Mauro Pascoli', 40),
(40043, 'Santa Sofia', 40),
(40044, 'Sarsina', 40),
(40045, 'Savignano sul Rubicone', 40),
(40046, 'Sogliano al Rubicone', 40),
(40049, 'Tredozio', 40),
(40050, 'Verghereto', 40),
(41001, 'Acqualagna', 41),
(41002, 'Apecchio', 41),
(41003, 'Auditore', 41),
(41004, 'Barchi', 41),
(41005, 'Belforte all\'Isauro', 41),
(41006, 'Borgo Pace', 41),
(41007, 'Cagli', 41),
(41008, 'Cantiano', 41),
(41009, 'Carpegna', 41),
(41010, 'Cartoceto', 41),
(41012, 'Colbordolo', 41),
(41013, 'Fano', 41),
(41014, 'Fermignano', 41),
(41015, 'Fossombrone', 41),
(41016, 'Fratte Rosa', 41),
(41017, 'Frontino', 41),
(41018, 'Frontone', 41),
(41019, 'Gabicce Mare', 41),
(41020, 'Gradara', 41),
(41021, 'Isola del Piano', 41),
(41022, 'Lunano', 41),
(41023, 'Macerata Feltria', 41),
(41025, 'Mercatello sul Metauro', 41),
(41026, 'Mercatino Conca', 41),
(41027, 'Mombaroccio', 41),
(41028, 'Mondavio', 41),
(41029, 'Mondolfo', 41),
(41030, 'Montecalvo in Foglia', 41),
(41031, 'Monte Cerignone', 41),
(41032, 'Monteciccardo', 41),
(41033, 'Montecopiolo', 41),
(41034, 'Montefelcino', 41),
(41035, 'Monte Grimano Terme', 41),
(41036, 'Montelabbate', 41),
(41037, 'Montemaggiore al Metauro', 41),
(41038, 'Monte Porzio', 41),
(41040, 'Orciano di Pesaro', 41),
(41041, 'Peglio', 41),
(41043, 'Pergola', 41),
(41044, 'Pesaro', 41),
(41045, 'Petriano', 41),
(41046, 'Piagge', 41),
(41047, 'Piandimeleto', 41),
(41048, 'Pietrarubbia', 41),
(41049, 'Piobbico', 41),
(41050, 'Saltara', 41),
(41051, 'San Costanzo', 41),
(41052, 'San Giorgio di Pesaro', 41),
(41054, 'San Lorenzo in Campo', 41),
(41056, 'Sant\'Angelo in Lizzola', 41),
(41057, 'Sant\'Angelo in Vado', 41),
(41058, 'Sant\'Ippolito', 41),
(41059, 'Sassocorvaro', 41),
(41060, 'Sassofeltrio', 41),
(41061, 'Serra Sant\'Abbondio', 41),
(41062, 'Serrungarina', 41),
(41064, 'Tavoleto', 41),
(41065, 'Tavullia', 41),
(41066, 'Urbania', 41),
(41067, 'Urbino', 41),
(42001, 'Agugliano', 42),
(42002, 'Ancona', 42),
(42003, 'Arcevia', 42),
(42004, 'Barbara', 42),
(42005, 'Belvedere Ostrense', 42),
(42006, 'Camerano', 42),
(42007, 'Camerata Picena', 42),
(42008, 'Castelbellino', 42),
(42009, 'Castel Colonna', 42),
(42010, 'Castelfidardo', 42),
(42011, 'Castelleone di Suasa', 42),
(42012, 'Castelplanio', 42),
(42013, 'Cerreto d\'Esi', 42),
(42014, 'Chiaravalle', 42),
(42015, 'Corinaldo', 42),
(42016, 'Cupramontana', 42),
(42017, 'Fabriano', 42),
(42018, 'Falconara Marittima', 42),
(42019, 'Filottrano', 42),
(42020, 'Genga', 42),
(42021, 'Jesi', 42),
(42022, 'Loreto', 42),
(42023, 'Maiolati Spontini', 42),
(42024, 'Mergo', 42),
(42025, 'Monsano', 42),
(42026, 'Montecarotto', 42),
(42027, 'Montemarciano', 42),
(42028, 'Monterado', 42),
(42029, 'Monte Roberto', 42),
(42030, 'Monte San Vito', 42),
(42031, 'Morro d\'Alba', 42),
(42032, 'Numana', 42),
(42033, 'Offagna', 42),
(42034, 'Osimo', 42),
(42035, 'Ostra', 42),
(42036, 'Ostra Vetere', 42),
(42037, 'Poggio San Marcello', 42),
(42038, 'Polverigi', 42),
(42039, 'Ripe', 42),
(42040, 'Rosora', 42),
(42041, 'San Marcello', 42),
(42042, 'San Paolo di Jesi', 42),
(42043, 'Santa Maria Nuova', 42),
(42044, 'Sassoferrato', 42),
(42045, 'Senigallia', 42),
(42046, 'Serra de\' Conti', 42),
(42047, 'Serra San Quirico', 42),
(42048, 'Sirolo', 42),
(42049, 'Staffolo', 42),
(43001, 'Acquacanina', 43),
(43002, 'Apiro', 43),
(43003, 'Appignano', 43),
(43004, 'Belforte del Chienti', 43),
(43005, 'Bolognola', 43),
(43006, 'Caldarola', 43),
(43007, 'Camerino', 43),
(43008, 'Camporotondo di Fiastrone', 43),
(43009, 'Castelraimondo', 43),
(43010, 'Castelsantangelo sul Nera', 43),
(43011, 'Cessapalombo', 43),
(43012, 'Cingoli', 43),
(43013, 'Civitanova Marche', 43),
(43014, 'Colmurano', 43),
(43015, 'Corridonia', 43),
(43016, 'Esanatoglia', 43),
(43017, 'Fiastra', 43),
(43018, 'Fiordimonte', 43),
(43019, 'Fiuminata', 43),
(43020, 'Gagliole', 43),
(43021, 'Gualdo', 43),
(43022, 'Loro Piceno', 43),
(43023, 'Macerata', 43),
(43024, 'Matelica', 43),
(43025, 'Mogliano', 43),
(43026, 'Montecassiano', 43),
(43027, 'Monte Cavallo', 43),
(43028, 'Montecosaro', 43),
(43029, 'Montefano', 43),
(43030, 'Montelupone', 43),
(43031, 'Monte San Giusto', 43),
(43032, 'Monte San Martino', 43),
(43033, 'Morrovalle', 43),
(43034, 'Muccia', 43),
(43035, 'Penna San Giovanni', 43),
(43036, 'Petriolo', 43),
(43037, 'Pievebovigliana', 43),
(43038, 'Pieve Torina', 43),
(43039, 'Pioraco', 43),
(43040, 'Poggio San Vicino', 43),
(43041, 'Pollenza', 43),
(43042, 'Porto Recanati', 43),
(43043, 'Potenza Picena', 43),
(43044, 'Recanati', 43),
(43045, 'Ripe San Ginesio', 43),
(43046, 'San Ginesio', 43),
(43047, 'San Severino Marche', 43),
(43048, 'Sant\'Angelo in Pontano', 43),
(43049, 'Sarnano', 43),
(43050, 'Sefro', 43),
(43051, 'Serrapetrona', 43),
(43052, 'Serravalle di Chienti', 43),
(43053, 'Tolentino', 43),
(43054, 'Treia', 43),
(43055, 'Urbisaglia', 43),
(43056, 'Ussita', 43),
(43057, 'Visso', 43),
(44001, 'Acquasanta Terme', 44),
(44002, 'Acquaviva Picena', 44),
(44005, 'Appignano del Tronto', 44),
(44006, 'Arquata del Tronto', 44),
(44007, 'Ascoli Piceno', 44),
(44010, 'Carassai', 44),
(44011, 'Castel di Lama', 44),
(44012, 'Castignano', 44),
(44013, 'Castorano', 44),
(44014, 'Colli del Tronto', 44),
(44015, 'Comunanza', 44),
(44016, 'Cossignano', 44),
(44017, 'Cupra Marittima', 44),
(44020, 'Folignano', 44),
(44021, 'Force', 44),
(44023, 'Grottammare', 44),
(44027, 'Maltignano', 44),
(44029, 'Massignano', 44),
(44031, 'Monsampolo del Tronto', 44),
(44032, 'Montalto delle Marche', 44),
(44034, 'Montedinove', 44),
(44036, 'Montefiore dell\'Aso', 44),
(44038, 'Montegallo', 44),
(44044, 'Montemonaco', 44),
(44045, 'Monteprandone', 44),
(44054, 'Offida', 44),
(44056, 'Palmiano', 44),
(44063, 'Ripatransone', 44),
(44064, 'Roccafluvione', 44),
(44065, 'Rotella', 44),
(44066, 'San Benedetto del Tronto', 44),
(44071, 'Spinetoli', 44),
(44073, 'Venarotta', 44),
(45001, 'Aulla', 45),
(45002, 'Bagnone', 45),
(45003, 'Carrara', 45),
(45004, 'Casola in Lunigiana', 45),
(45005, 'Comano', 45),
(45006, 'Filattiera', 45),
(45007, 'Fivizzano', 45),
(45008, 'Fosdinovo', 45),
(45009, 'Licciana Nardi', 45),
(45010, 'Massa', 45),
(45011, 'Montignoso', 45),
(45012, 'Mulazzo', 45),
(45013, 'Podenzana', 45),
(45014, 'Pontremoli', 45),
(45015, 'Tresana', 45),
(45016, 'Villafranca in Lunigiana', 45),
(45017, 'Zeri', 45),
(46001, 'Altopascio', 46),
(46002, 'Bagni di Lucca', 46),
(46003, 'Barga', 46),
(46004, 'Borgo a Mozzano', 46),
(46005, 'Camaiore', 46),
(46006, 'Camporgiano', 46),
(46007, 'Capannori', 46),
(46008, 'Careggine', 46),
(46009, 'Castelnuovo di Garfagnana', 46),
(46010, 'Castiglione di Garfagnana', 46),
(46011, 'Coreglia Antelminelli', 46),
(46012, 'Fabbriche di Vallico', 46),
(46013, 'Forte dei Marmi', 46),
(46014, 'Fosciandora', 46),
(46015, 'Gallicano', 46),
(46016, 'Giuncugnano', 46),
(46017, 'Lucca', 46),
(46018, 'Massarosa', 46),
(46019, 'Minucciano', 46),
(46020, 'Molazzana', 46),
(46021, 'Montecarlo', 46),
(46022, 'Pescaglia', 46),
(46023, 'Piazza al Serchio', 46),
(46024, 'Pietrasanta', 46),
(46025, 'Pieve Fosciana', 46),
(46026, 'Porcari', 46),
(46027, 'San Romano in Garfagnana', 46),
(46028, 'Seravezza', 46),
(46029, 'Sillano', 46),
(46030, 'Stazzema', 46),
(46031, 'Vagli Sotto', 46),
(46032, 'Vergemoli', 46),
(46033, 'Viareggio', 46),
(46034, 'Villa Basilica', 46),
(46035, 'Villa Collemandina', 46),
(47001, 'Abetone', 47),
(47002, 'Agliana', 47),
(47003, 'Buggiano', 47),
(47004, 'Cutigliano', 47),
(47005, 'Lamporecchio', 47),
(47006, 'Larciano', 47),
(47007, 'Marliana', 47),
(47008, 'Massa e Cozzile', 47),
(47009, 'Monsummano Terme', 47),
(47010, 'Montale', 47),
(47011, 'Montecatini-Terme', 47),
(47012, 'Pescia', 47),
(47013, 'Pieve a Nievole', 47),
(47014, 'Pistoia', 47),
(47015, 'Piteglio', 47),
(47016, 'Ponte Buggianese', 47),
(47017, 'Quarrata', 47),
(47018, 'Sambuca Pistoiese', 47),
(47019, 'San Marcello Pistoiese', 47),
(47020, 'Serravalle Pistoiese', 47),
(47021, 'Uzzano', 47),
(47022, 'Chiesina Uzzanese', 47),
(48001, 'Bagno a Ripoli', 48),
(48002, 'Barberino di Mugello', 48),
(48003, 'Barberino Val d\'Elsa', 48),
(48004, 'Borgo San Lorenzo', 48),
(48005, 'Calenzano', 48),
(48006, 'Campi Bisenzio', 48),
(48008, 'Capraia e Limite', 48),
(48010, 'Castelfiorentino', 48),
(48011, 'Cerreto Guidi', 48),
(48012, 'Certaldo', 48),
(48013, 'Dicomano', 48),
(48014, 'Empoli', 48),
(48015, 'Fiesole', 48),
(48016, 'Figline Valdarno', 48),
(48017, 'Firenze', 48),
(48018, 'Firenzuola', 48),
(48019, 'Fucecchio', 48),
(48020, 'Gambassi Terme', 48),
(48021, 'Greve in Chianti', 48),
(48022, 'Impruneta', 48),
(48023, 'Incisa in Val d\'Arno', 48),
(48024, 'Lastra a Signa', 48),
(48025, 'Londa', 48),
(48026, 'Marradi', 48),
(48027, 'Montaione', 48),
(48028, 'Montelupo Fiorentino', 48),
(48030, 'Montespertoli', 48),
(48031, 'Palazzuolo sul Senio', 48),
(48032, 'Pelago', 48),
(48033, 'Pontassieve', 48),
(48035, 'Reggello', 48),
(48036, 'Rignano sull\'Arno', 48),
(48037, 'Rufina', 48),
(48038, 'San Casciano in Val di Pesa', 48),
(48039, 'San Godenzo', 48),
(48040, 'San Piero a Sieve', 48),
(48041, 'Scandicci', 48),
(48042, 'Scarperia', 48),
(48043, 'Sesto Fiorentino', 48),
(48044, 'Signa', 48),
(48045, 'Tavarnelle Val di Pesa', 48),
(48046, 'Vaglia', 48),
(48049, 'Vicchio', 48),
(48050, 'Vinci', 48),
(49001, 'Bibbona', 49),
(49002, 'Campiglia Marittima', 49),
(49003, 'Campo nell\'Elba', 49),
(49004, 'Capoliveri', 49),
(49005, 'Capraia Isola', 49),
(49006, 'Castagneto Carducci', 49),
(49007, 'Cecina', 49),
(49008, 'Collesalvetti', 49),
(49009, 'Livorno', 49),
(49010, 'Marciana', 49),
(49011, 'Marciana Marina', 49),
(49012, 'Piombino', 49),
(49013, 'Porto Azzurro', 49),
(49014, 'Portoferraio', 49),
(49015, 'Rio Marina', 49),
(49016, 'Rio nell\'Elba', 49),
(49017, 'Rosignano Marittimo', 49),
(49018, 'San Vincenzo', 49),
(49019, 'Sassetta', 49),
(49020, 'Suvereto', 49),
(50001, 'Bientina', 50),
(50002, 'Buti', 50),
(50003, 'Calci', 50),
(50004, 'Calcinaia', 50),
(50005, 'Capannoli', 50),
(50006, 'Casale Marittimo', 50),
(50007, 'Casciana Terme', 50),
(50008, 'Cascina', 50),
(50009, 'Castelfranco di Sotto', 50),
(50010, 'Castellina Marittima', 50),
(50011, 'Castelnuovo di Val di Cecina', 50),
(50012, 'Chianni', 50),
(50013, 'Crespina', 50),
(50014, 'Fauglia', 50),
(50015, 'Guardistallo', 50),
(50016, 'Lajatico', 50),
(50017, 'Lari', 50),
(50018, 'Lorenzana', 50),
(50019, 'Montecatini Val di Cecina', 50),
(50020, 'Montescudaio', 50),
(50021, 'Monteverdi Marittimo', 50),
(50022, 'Montopoli in Val d\'Arno', 50),
(50023, 'Orciano Pisano', 50),
(50024, 'Palaia', 50),
(50025, 'Peccioli', 50),
(50026, 'Pisa', 50),
(50027, 'Pomarance', 50),
(50028, 'Ponsacco', 50),
(50029, 'Pontedera', 50),
(50030, 'Riparbella', 50),
(50031, 'San Giuliano Terme', 50),
(50032, 'San Miniato', 50),
(50033, 'Santa Croce sull\'Arno', 50),
(50034, 'Santa Luce', 50),
(50035, 'Santa Maria a Monte', 50),
(50036, 'Terricciola', 50),
(50037, 'Vecchiano', 50),
(50038, 'Vicopisano', 50),
(50039, 'Volterra', 50),
(51001, 'Anghiari', 51),
(51002, 'Arezzo', 51),
(51003, 'Badia Tedalda', 51),
(51004, 'Bibbiena', 51),
(51005, 'Bucine', 51),
(51006, 'Capolona', 51),
(51007, 'Caprese Michelangelo', 51),
(51008, 'Castel Focognano', 51),
(51009, 'Castelfranco di Sopra', 51),
(51010, 'Castel San Niccol&ograve;', 51),
(51011, 'Castiglion Fibocchi', 51),
(51012, 'Castiglion Fiorentino', 51),
(51013, 'Cavriglia', 51),
(51014, 'Chitignano', 51),
(51015, 'Chiusi della Verna', 51),
(51016, 'Civitella in Val di Chiana', 51),
(51017, 'Cortona', 51),
(51018, 'Foiano della Chiana', 51),
(51019, 'Laterina', 51),
(51020, 'Loro Ciuffenna', 51),
(51021, 'Lucignano', 51),
(51022, 'Marciano della Chiana', 51),
(51023, 'Montemignaio', 51),
(51024, 'Monterchi', 51),
(51025, 'Monte San Savino', 51),
(51026, 'Montevarchi', 51),
(51027, 'Ortignano Raggiolo', 51),
(51028, 'Pergine Valdarno', 51),
(51029, 'Pian di Sco', 51),
(51030, 'Pieve Santo Stefano', 51),
(51031, 'Poppi', 51),
(51032, 'Pratovecchio', 51),
(51033, 'San Giovanni Valdarno', 51),
(51034, 'Sansepolcro', 51),
(51035, 'Sestino', 51),
(51036, 'Stia', 51),
(51037, 'Subbiano', 51),
(51038, 'Talla', 51),
(51039, 'Terranuova Bracciolini', 51),
(52001, 'Abbadia San Salvatore', 52),
(52002, 'Asciano', 52),
(52003, 'Buonconvento', 52),
(52004, 'Casole d\'Elsa', 52),
(52005, 'Castellina in Chianti', 52),
(52006, 'Castelnuovo Berardenga', 52),
(52007, 'Castiglione d\'Orcia', 52),
(52008, 'Cetona', 52),
(52009, 'Chianciano Terme', 52),
(52010, 'Chiusdino', 52),
(52011, 'Chiusi', 52),
(52012, 'Colle di Val d\'Elsa', 52),
(52013, 'Gaiole in Chianti', 52),
(52014, 'Montalcino', 52),
(52015, 'Montepulciano', 52),
(52016, 'Monteriggioni', 52),
(52017, 'Monteroni d\'Arbia', 52),
(52018, 'Monticiano', 52),
(52019, 'Murlo', 52),
(52020, 'Piancastagnaio', 52),
(52021, 'Pienza', 52),
(52022, 'Poggibonsi', 52),
(52023, 'Radda in Chianti', 52),
(52024, 'Radicofani', 52),
(52025, 'Radicondoli', 52),
(52026, 'Rapolano Terme', 52),
(52027, 'San Casciano dei Bagni', 52),
(52028, 'San Gimignano', 52),
(52029, 'San Giovanni d\'Asso', 52),
(52030, 'San Quirico d\'Orcia', 52),
(52031, 'Sarteano', 52),
(52032, 'Siena', 52),
(52033, 'Sinalunga', 52),
(52034, 'Sovicille', 52),
(52035, 'Torrita di Siena', 52),
(52036, 'Trequanda', 52),
(53001, 'Arcidosso', 53),
(53002, 'Campagnatico', 53),
(53003, 'Capalbio', 53),
(53004, 'Castel del Piano', 53),
(53005, 'Castell\'Azzara', 53),
(53006, 'Castiglione della Pescaia', 53),
(53007, 'Cinigiano', 53),
(53008, 'Civitella Paganico', 53),
(53009, 'Follonica', 53),
(53010, 'Gavorrano', 53),
(53011, 'Grosseto', 53),
(53012, 'Isola del Giglio', 53),
(53013, 'Magliano in Toscana', 53),
(53014, 'Manciano', 53),
(53015, 'Massa Marittima', 53),
(53016, 'Monte Argentario', 53),
(53017, 'Montieri', 53),
(53018, 'Orbetello', 53),
(53019, 'Pitigliano', 53),
(53020, 'Roccalbegna', 53),
(53021, 'Roccastrada', 53),
(53022, 'Santa Fiora', 53),
(53023, 'Scansano', 53),
(53024, 'Scarlino', 53),
(53025, 'Seggiano', 53),
(53026, 'Sorano', 53),
(53027, 'Monterotondo Marittimo', 53),
(53028, 'Semproniano', 53),
(54001, 'Assisi', 54),
(54002, 'Bastia Umbra', 54),
(54003, 'Bettona', 54),
(54004, 'Bevagna', 54),
(54005, 'Campello sul Clitunno', 54),
(54006, 'Cannara', 54),
(54007, 'Cascia', 54),
(54008, 'Castel Ritaldi', 54),
(54009, 'Castiglione del Lago', 54),
(54010, 'Cerreto di Spoleto', 54),
(54011, 'Citerna', 54),
(54012, 'Citt&agrave; della Pieve', 54),
(54013, 'Citt&agrave; di Castello', 54),
(54014, 'Collazzone', 54),
(54015, 'Corciano', 54),
(54016, 'Costacciaro', 54),
(54017, 'Deruta', 54),
(54018, 'Foligno', 54),
(54019, 'Fossato di Vico', 54),
(54020, 'Fratta Todina', 54),
(54021, 'Giano dell\'Umbria', 54),
(54022, 'Gualdo Cattaneo', 54),
(54023, 'Gualdo Tadino', 54),
(54024, 'Gubbio', 54),
(54025, 'Lisciano Niccone', 54),
(54026, 'Magione', 54),
(54027, 'Marsciano', 54),
(54028, 'Massa Martana', 54),
(54029, 'Monte Castello di Vibio', 54),
(54030, 'Montefalco', 54),
(54031, 'Monteleone di Spoleto', 54),
(54032, 'Monte Santa Maria Tiberina', 54),
(54033, 'Montone', 54),
(54034, 'Nocera Umbra', 54),
(54035, 'Norcia', 54),
(54036, 'Paciano', 54),
(54037, 'Panicale', 54),
(54038, 'Passignano sul Trasimeno', 54),
(54039, 'Perugia', 54),
(54040, 'Piegaro', 54),
(54041, 'Pietralunga', 54),
(54042, 'Poggiodomo', 54),
(54043, 'Preci', 54),
(54044, 'San Giustino', 54),
(54045, 'Sant\'Anatolia di Narco', 54),
(54046, 'Scheggia e Pascelupo', 54),
(54047, 'Scheggino', 54),
(54048, 'Sellano', 54),
(54049, 'Sigillo', 54),
(54050, 'Spello', 54),
(54051, 'Spoleto', 54),
(54052, 'Todi', 54),
(54053, 'Torgiano', 54),
(54054, 'Trevi', 54),
(54055, 'Tuoro sul Trasimeno', 54),
(54056, 'Umbertide', 54),
(54057, 'Valfabbrica', 54),
(54058, 'Vallo di Nera', 54),
(54059, 'Valtopina', 54),
(55001, 'Acquasparta', 55),
(55002, 'Allerona', 55),
(55003, 'Alviano', 55),
(55004, 'Amelia', 55),
(55005, 'Arrone', 55),
(55006, 'Attigliano', 55),
(55007, 'Baschi', 55),
(55008, 'Calvi dell\'Umbria', 55),
(55009, 'Castel Giorgio', 55),
(55010, 'Castel Viscardo', 55),
(55011, 'Fabro', 55),
(55012, 'Ferentillo', 55),
(55013, 'Ficulle', 55),
(55014, 'Giove', 55),
(55015, 'Guardea', 55),
(55016, 'Lugnano in Teverina', 55),
(55017, 'Montecastrilli', 55),
(55018, 'Montecchio', 55),
(55019, 'Montefranco', 55),
(55020, 'Montegabbione', 55),
(55021, 'Monteleone d\'Orvieto', 55),
(55022, 'Narni', 55),
(55023, 'Orvieto', 55),
(55024, 'Otricoli', 55),
(55025, 'Parrano', 55),
(55026, 'Penna in Teverina', 55),
(55027, 'Polino', 55),
(55028, 'Porano', 55),
(55029, 'San Gemini', 55),
(55030, 'San Venanzo', 55),
(55031, 'Stroncone', 55),
(55032, 'Terni', 55),
(55033, 'Avigliano Umbro', 55),
(56001, 'Acquapendente', 56),
(56002, 'Arlena di Castro', 56),
(56003, 'Bagnoregio', 56),
(56004, 'Barbarano Romano', 56),
(56005, 'Bassano Romano', 56),
(56006, 'Bassano in Teverina', 56),
(56007, 'Blera', 56),
(56008, 'Bolsena', 56),
(56009, 'Bomarzo', 56),
(56010, 'Calcata', 56),
(56011, 'Canepina', 56),
(56012, 'Canino', 56),
(56013, 'Capodimonte', 56),
(56014, 'Capranica', 56),
(56015, 'Caprarola', 56),
(56016, 'Carbognano', 56),
(56017, 'Castel Sant\'Elia', 56),
(56018, 'Castiglione in Teverina', 56),
(56019, 'Celleno', 56),
(56020, 'Cellere', 56),
(56021, 'Civita Castellana', 56),
(56022, 'Civitella d\'Agliano', 56),
(56023, 'Corchiano', 56),
(56024, 'Fabrica di Roma', 56),
(56025, 'Faleria', 56),
(56026, 'Farnese', 56),
(56027, 'Gallese', 56),
(56028, 'Gradoli', 56),
(56029, 'Graffignano', 56),
(56030, 'Grotte di Castro', 56),
(56031, 'Ischia di Castro', 56),
(56032, 'Latera', 56),
(56033, 'Lubriano', 56),
(56034, 'Marta', 56),
(56035, 'Montalto di Castro', 56),
(56036, 'Montefiascone', 56),
(56037, 'Monte Romano', 56),
(56038, 'Monterosi', 56),
(56039, 'Nepi', 56),
(56040, 'Onano', 56),
(56041, 'Oriolo Romano', 56),
(56042, 'Orte', 56),
(56043, 'Piansano', 56),
(56044, 'Proceno', 56),
(56045, 'Ronciglione', 56),
(56046, 'Villa San Giovanni in Tuscia', 56),
(56047, 'San Lorenzo Nuovo', 56),
(56048, 'Soriano nel Cimino', 56),
(56049, 'Sutri', 56),
(56050, 'Tarquinia', 56),
(56051, 'Tessennano', 56),
(56052, 'Tuscania', 56),
(56053, 'Valentano', 56),
(56054, 'Vallerano', 56),
(56055, 'Vasanello', 56),
(56056, 'Vejano', 56),
(56057, 'Vetralla', 56),
(56058, 'Vignanello', 56),
(56059, 'Viterbo', 56),
(56060, 'Vitorchiano', 56),
(57001, 'Accumoli', 57),
(57002, 'Amatrice', 57),
(57003, 'Antrodoco', 57),
(57004, 'Ascrea', 57),
(57005, 'Belmonte in Sabina', 57),
(57006, 'Borbona', 57),
(57007, 'Borgorose', 57),
(57008, 'Borgo Velino', 57),
(57009, 'Cantalice', 57),
(57010, 'Cantalupo in Sabina', 57),
(57011, 'Casaprota', 57),
(57012, 'Casperia', 57),
(57013, 'Castel di Tora', 57),
(57014, 'Castelnuovo di Farfa', 57),
(57015, 'Castel Sant\'Angelo', 57),
(57016, 'Cittaducale', 57),
(57017, 'Cittareale', 57),
(57018, 'Collalto Sabino', 57),
(57019, 'Colle di Tora', 57),
(57020, 'Collegiove', 57),
(57021, 'Collevecchio', 57),
(57022, 'Colli sul Velino', 57),
(57023, 'Concerviano', 57),
(57024, 'Configni', 57),
(57025, 'Contigliano', 57),
(57026, 'Cottanello', 57),
(57027, 'Fara in Sabina', 57),
(57028, 'Fiamignano', 57),
(57029, 'Forano', 57),
(57030, 'Frasso Sabino', 57),
(57031, 'Greccio', 57),
(57032, 'Labro', 57),
(57033, 'Leonessa', 57),
(57034, 'Longone Sabino', 57),
(57035, 'Magliano Sabina', 57),
(57036, 'Marcetelli', 57),
(57037, 'Micigliano', 57),
(57038, 'Mompeo', 57),
(57039, 'Montasola', 57),
(57040, 'Montebuono', 57),
(57041, 'Monteleone Sabino', 57),
(57042, 'Montenero Sabino', 57),
(57043, 'Monte San Giovanni in Sabina', 57),
(57044, 'Montopoli di Sabina', 57),
(57045, 'Morro Reatino', 57),
(57046, 'Nespolo', 57),
(57047, 'Orvinio', 57),
(57048, 'Paganico Sabino', 57),
(57049, 'Pescorocchiano', 57),
(57050, 'Petrella Salto', 57),
(57051, 'Poggio Bustone', 57),
(57052, 'Poggio Catino', 57),
(57053, 'Poggio Mirteto', 57),
(57054, 'Poggio Moiano', 57),
(57055, 'Poggio Nativo', 57),
(57056, 'Poggio San Lorenzo', 57),
(57057, 'Posta', 57),
(57058, 'Pozzaglia Sabina', 57),
(57059, 'Rieti', 57),
(57060, 'Rivodutri', 57),
(57061, 'Roccantica', 57),
(57062, 'Rocca Sinibalda', 57),
(57063, 'Salisano', 57),
(57064, 'Scandriglia', 57),
(57065, 'Selci', 57),
(57066, 'Stimigliano', 57),
(57067, 'Tarano', 57),
(57068, 'Toffia', 57),
(57069, 'Torricella in Sabina', 57),
(57070, 'Torri in Sabina', 57),
(57071, 'Turania', 57),
(57072, 'Vacone', 57),
(57073, 'Varco Sabino', 57),
(58001, 'Affile', 58),
(58002, 'Agosta', 58),
(58003, 'Albano Laziale', 58),
(58004, 'Allumiere', 58),
(58005, 'Anguillara Sabazia', 58),
(58006, 'Anticoli Corrado', 58),
(58007, 'Anzio', 58),
(58008, 'Arcinazzo Romano', 58),
(58009, 'Ariccia', 58),
(58010, 'Arsoli', 58),
(58011, 'Artena', 58),
(58012, 'Bellegra', 58),
(58013, 'Bracciano', 58),
(58014, 'Camerata Nuova', 58),
(58015, 'Campagnano di Roma', 58),
(58016, 'Canale Monterano', 58),
(58017, 'Canterano', 58),
(58018, 'Capena', 58),
(58019, 'Capranica Prenestina', 58),
(58020, 'Carpineto Romano', 58),
(58021, 'Casape', 58),
(58022, 'Castel Gandolfo', 58),
(58023, 'Castel Madama', 58),
(58024, 'Castelnuovo di Porto', 58),
(58025, 'Castel San Pietro Romano', 58),
(58026, 'Cave', 58),
(58027, 'Cerreto Laziale', 58),
(58028, 'Cervara di Roma', 58),
(58029, 'Cerveteri', 58),
(58030, 'Ciciliano', 58),
(58031, 'Cineto Romano', 58),
(58032, 'Civitavecchia', 58),
(58033, 'Civitella San Paolo', 58),
(58034, 'Colleferro', 58),
(58035, 'Colonna', 58),
(58036, 'Fiano Romano', 58),
(58037, 'Filacciano', 58),
(58038, 'Formello', 58),
(58039, 'Frascati', 58),
(58040, 'Gallicano nel Lazio', 58),
(58041, 'Gavignano', 58),
(58042, 'Genazzano', 58),
(58043, 'Genzano di Roma', 58),
(58044, 'Gerano', 58),
(58045, 'Gorga', 58),
(58046, 'Grottaferrata', 58),
(58047, 'Guidonia Montecelio', 58),
(58048, 'Jenne', 58),
(58049, 'Labico', 58),
(58050, 'Lanuvio', 58),
(58051, 'Licenza', 58),
(58052, 'Magliano Romano', 58),
(58053, 'Mandela', 58),
(58054, 'Manziana', 58),
(58055, 'Marano Equo', 58),
(58056, 'Marcellina', 58),
(58057, 'Marino', 58),
(58058, 'Mazzano Romano', 58),
(58059, 'Mentana', 58),
(58060, 'Monte Compatri', 58),
(58061, 'Monteflavio', 58),
(58062, 'Montelanico', 58),
(58063, 'Montelibretti', 58),
(58064, 'Monte Porzio Catone', 58),
(58065, 'Monterotondo', 58),
(58066, 'Montorio Romano', 58),
(58067, 'Moricone', 58),
(58068, 'Morlupo', 58),
(58069, 'Nazzano', 58),
(58070, 'Nemi', 58),
(58071, 'Nerola', 58),
(58072, 'Nettuno', 58),
(58073, 'Olevano Romano', 58),
(58074, 'Palestrina', 58),
(58075, 'Palombara Sabina', 58),
(58076, 'Percile', 58),
(58077, 'Pisoniano', 58),
(58078, 'Poli', 58),
(58079, 'Pomezia', 58),
(58080, 'Ponzano Romano', 58),
(58081, 'Riano', 58),
(58082, 'Rignano Flaminio', 58),
(58083, 'Riofreddo', 58),
(58084, 'Rocca Canterano', 58),
(58085, 'Rocca di Cave', 58),
(58086, 'Rocca di Papa', 58),
(58087, 'Roccagiovine', 58),
(58088, 'Rocca Priora', 58),
(58089, 'Rocca Santo Stefano', 58),
(58090, 'Roiate', 58),
(58091, 'Roma', 58),
(58092, 'Roviano', 58),
(58093, 'Sacrofano', 58),
(58094, 'Sambuci', 58),
(58095, 'San Gregorio da Sassola', 58),
(58096, 'San Polo dei Cavalieri', 58),
(58097, 'Santa Marinella', 58),
(58098, 'Sant\'Angelo Romano', 58),
(58099, 'Sant\'Oreste', 58),
(58100, 'San Vito Romano', 58),
(58101, 'Saracinesco', 58),
(58102, 'Segni', 58),
(58103, 'Subiaco', 58),
(58104, 'Tivoli', 58),
(58105, 'Tolfa', 58),
(58106, 'Torrita Tiberina', 58),
(58107, 'Trevignano Romano', 58),
(58108, 'Vallepietra', 58),
(58109, 'Vallinfreda', 58),
(58110, 'Valmontone', 58),
(58111, 'Velletri', 58),
(58112, 'Vicovaro', 58),
(58113, 'Vivaro Romano', 58),
(58114, 'Zagarolo', 58),
(58115, 'Lariano', 58),
(58116, 'Ladispoli', 58),
(58117, 'Ardea', 58),
(58118, 'Ciampino', 58),
(58119, 'San Cesareo', 58),
(58120, 'Fiumicino', 58),
(58122, 'Fonte Nuova', 58),
(59001, 'Aprilia', 59),
(59002, 'Bassiano', 59),
(59003, 'Campodimele', 59),
(59004, 'Castelforte', 59),
(59005, 'Cisterna di Latina', 59),
(59006, 'Cori', 59),
(59007, 'Fondi', 59),
(59008, 'Formia', 59),
(59009, 'Gaeta', 59),
(59010, 'Itri', 59),
(59011, 'Latina', 59),
(59012, 'Lenola', 59),
(59013, 'Maenza', 59),
(59014, 'Minturno', 59),
(59015, 'Monte San Biagio', 59),
(59016, 'Norma', 59),
(59017, 'Pontinia', 59),
(59018, 'Ponza', 59),
(59019, 'Priverno', 59),
(59020, 'Prossedi', 59),
(59021, 'Roccagorga', 59),
(59022, 'Rocca Massima', 59),
(59023, 'Roccasecca dei Volsci', 59),
(59024, 'Sabaudia', 59),
(59025, 'San Felice Circeo', 59),
(59026, 'Santi Cosma e Damiano', 59),
(59027, 'Sermoneta', 59),
(59028, 'Sezze', 59),
(59029, 'Sonnino', 59),
(59030, 'Sperlonga', 59),
(59031, 'Spigno Saturnia', 59),
(59032, 'Terracina', 59),
(59033, 'Ventotene', 59),
(60001, 'Acquafondata', 60),
(60002, 'Acuto', 60),
(60003, 'Alatri', 60),
(60004, 'Alvito', 60),
(60005, 'Amaseno', 60),
(60006, 'Anagni', 60),
(60007, 'Aquino', 60),
(60008, 'Arce', 60),
(60009, 'Arnara', 60),
(60010, 'Arpino', 60),
(60011, 'Atina', 60),
(60012, 'Ausonia', 60),
(60013, 'Belmonte Castello', 60),
(60014, 'Boville Ernica', 60),
(60015, 'Broccostella', 60),
(60016, 'Campoli Appennino', 60),
(60017, 'Casalattico', 60),
(60018, 'Casalvieri', 60),
(60019, 'Cassino', 60),
(60020, 'Castelliri', 60),
(60021, 'Castelnuovo Parano', 60),
(60022, 'Castrocielo', 60),
(60023, 'Castro dei Volsci', 60),
(60024, 'Ceccano', 60),
(60025, 'Ceprano', 60),
(60026, 'Cervaro', 60),
(60027, 'Colfelice', 60),
(60028, 'Collepardo', 60),
(60029, 'Colle San Magno', 60),
(60030, 'Coreno Ausonio', 60),
(60031, 'Esperia', 60),
(60032, 'Falvaterra', 60),
(60033, 'Ferentino', 60),
(60034, 'Filettino', 60),
(60035, 'Fiuggi', 60),
(60036, 'Fontana Liri', 60),
(60037, 'Fontechiari', 60),
(60038, 'Frosinone', 60),
(60039, 'Fumone', 60),
(60040, 'Gallinaro', 60),
(60041, 'Giuliano di Roma', 60),
(60042, 'Guarcino', 60),
(60043, 'Isola del Liri', 60),
(60044, 'Monte San Giovanni Campano', 60),
(60045, 'Morolo', 60),
(60046, 'Paliano', 60),
(60047, 'Pastena', 60),
(60048, 'Patrica', 60),
(60049, 'Pescosolido', 60),
(60050, 'Picinisco', 60),
(60051, 'Pico', 60),
(60052, 'Piedimonte San Germano', 60),
(60053, 'Piglio', 60),
(60054, 'Pignataro Interamna', 60),
(60055, 'Pofi', 60),
(60056, 'Pontecorvo', 60),
(60057, 'Posta Fibreno', 60),
(60058, 'Ripi', 60),
(60059, 'Rocca d\'Arce', 60),
(60060, 'Roccasecca', 60),
(60061, 'San Biagio Saracinisco', 60),
(60062, 'San Donato Val di Comino', 60),
(60063, 'San Giorgio a Liri', 60),
(60064, 'San Giovanni Incarico', 60),
(60065, 'Sant\'Ambrogio sul Garigliano', 60),
(60066, 'Sant\'Andrea del Garigliano', 60),
(60067, 'Sant\'Apollinare', 60),
(60068, 'Sant\'Elia Fiumerapido', 60),
(60069, 'Santopadre', 60),
(60070, 'San Vittore del Lazio', 60),
(60071, 'Serrone', 60),
(60072, 'Settefrati', 60),
(60073, 'Sgurgola', 60),
(60074, 'Sora', 60),
(60075, 'Strangolagalli', 60),
(60076, 'Supino', 60),
(60077, 'Terelle', 60),
(60078, 'Torre Cajetani', 60),
(60079, 'Torrice', 60),
(60080, 'Trevi nel Lazio', 60),
(60081, 'Trivigliano', 60),
(60082, 'Vallecorsa', 60),
(60083, 'Vallemaio', 60),
(60084, 'Vallerotonda', 60),
(60085, 'Veroli', 60),
(60086, 'Vicalvi', 60),
(60087, 'Vico nel Lazio', 60),
(60088, 'Villa Latina', 60),
(60089, 'Villa Santa Lucia', 60),
(60090, 'Villa Santo Stefano', 60),
(60091, 'Viticuso', 60),
(61001, 'Ailano', 61),
(61002, 'Alife', 61),
(61003, 'Alvignano', 61),
(61004, 'Arienzo', 61),
(61005, 'Aversa', 61),
(61006, 'Baia e Latina', 61),
(61007, 'Bellona', 61),
(61008, 'Caianello', 61),
(61009, 'Caiazzo', 61),
(61010, 'Calvi Risorta', 61),
(61011, 'Camigliano', 61),
(61012, 'Cancello ed Arnone', 61),
(61013, 'Capodrise', 61),
(61014, 'Capriati a Volturno', 61),
(61015, 'Capua', 61),
(61016, 'Carinaro', 61),
(61017, 'Carinola', 61),
(61018, 'Casagiove', 61),
(61019, 'Casal di Principe', 61),
(61020, 'Casaluce', 61),
(61021, 'Casapulla', 61),
(61022, 'Caserta', 61),
(61023, 'Castel Campagnano', 61),
(61024, 'Castel di Sasso', 61),
(61025, 'Castello del Matese', 61),
(61026, 'Castel Morrone', 61),
(61027, 'Castel Volturno', 61),
(61028, 'Cervino', 61),
(61029, 'Cesa', 61),
(61030, 'Ciorlano', 61),
(61031, 'Conca della Campania', 61),
(61032, 'Curti', 61),
(61033, 'Dragoni', 61),
(61034, 'Fontegreca', 61),
(61035, 'Formicola', 61),
(61036, 'Francolise', 61),
(61037, 'Frignano', 61),
(61038, 'Gallo Matese', 61),
(61039, 'Galluccio', 61),
(61040, 'Giano Vetusto', 61),
(61041, 'Gioia Sannitica', 61),
(61042, 'Grazzanise', 61),
(61043, 'Gricignano di Aversa', 61),
(61044, 'Letino', 61),
(61045, 'Liberi', 61),
(61046, 'Lusciano', 61),
(61047, 'Macerata Campania', 61),
(61048, 'Maddaloni', 61),
(61049, 'Marcianise', 61),
(61050, 'Marzano Appio', 61),
(61051, 'Mignano Monte Lungo', 61),
(61052, 'Mondragone', 61),
(61053, 'Orta di Atella', 61),
(61054, 'Parete', 61),
(61055, 'Pastorano', 61),
(61056, 'Piana di Monte Verna', 61),
(61057, 'Piedimonte Matese', 61),
(61058, 'Pietramelara', 61),
(61059, 'Pietravairano', 61),
(61060, 'Pignataro Maggiore', 61),
(61061, 'Pontelatone', 61),
(61062, 'Portico di Caserta', 61),
(61063, 'Prata Sannita', 61),
(61064, 'Pratella', 61),
(61065, 'Presenzano', 61),
(61066, 'Raviscanina', 61),
(61067, 'Recale', 61),
(61068, 'Riardo', 61),
(61069, 'Rocca d\'Evandro', 61),
(61070, 'Roccamonfina', 61),
(61071, 'Roccaromana', 61),
(61072, 'Rocchetta e Croce', 61),
(61073, 'Ruviano', 61),
(61074, 'San Cipriano d\'Aversa', 61),
(61075, 'San Felice a Cancello', 61),
(61076, 'San Gregorio Matese', 61),
(61077, 'San Marcellino', 61),
(61078, 'San Nicola la Strada', 61),
(61079, 'San Pietro Infine', 61),
(61080, 'San Potito Sannitico', 61),
(61081, 'San Prisco', 61),
(61082, 'Santa Maria a Vico', 61),
(61083, 'Santa Maria Capua Vetere', 61),
(61084, 'Santa Maria la Fossa', 61),
(61085, 'San Tammaro', 61),
(61086, 'Sant\'Angelo d\'Alife', 61),
(61087, 'Sant\'Arpino', 61),
(61088, 'Sessa Aurunca', 61),
(61089, 'Sparanise', 61),
(61090, 'Succivo', 61),
(61091, 'Teano', 61),
(61092, 'Teverola', 61),
(61093, 'Tora e Piccilli', 61),
(61094, 'Trentola-Ducenta', 61),
(61095, 'Vairano Patenora', 61),
(61096, 'Valle Agricola', 61),
(61097, 'Valle di Maddaloni', 61),
(61098, 'Villa di Briano', 61),
(61099, 'Villa Literno', 61),
(61100, 'Vitulazio', 61),
(61101, 'Falciano del Massico', 61),
(61102, 'Cellole', 61),
(61103, 'Casapesenna', 61),
(61104, 'San Marco Evangelista', 61),
(62001, 'Airola', 62),
(62002, 'Amorosi', 62),
(62003, 'Apice', 62),
(62004, 'Apollosa', 62),
(62005, 'Arpaia', 62),
(62006, 'Arpaise', 62),
(62007, 'Baselice', 62),
(62008, 'Benevento', 62),
(62009, 'Bonea', 62),
(62010, 'Bucciano', 62),
(62011, 'Buonalbergo', 62),
(62012, 'Calvi', 62),
(62013, 'Campolattaro', 62),
(62014, 'Campoli del Monte Taburno', 62),
(62015, 'Casalduni', 62),
(62016, 'Castelfranco in Miscano', 62),
(62017, 'Castelpagano', 62),
(62018, 'Castelpoto', 62),
(62019, 'Castelvenere', 62),
(62020, 'Castelvetere in Val Fortore', 62),
(62021, 'Cautano', 62),
(62022, 'Ceppaloni', 62),
(62023, 'Cerreto Sannita', 62),
(62024, 'Circello', 62),
(62025, 'Colle Sannita', 62),
(62026, 'Cusano Mutri', 62),
(62027, 'Dugenta', 62),
(62028, 'Durazzano', 62),
(62029, 'Faicchio', 62),
(62030, 'Foglianise', 62),
(62031, 'Foiano di Val Fortore', 62),
(62032, 'Forchia', 62),
(62033, 'Fragneto l\'Abate', 62),
(62034, 'Fragneto Monforte', 62),
(62035, 'Frasso Telesino', 62),
(62036, 'Ginestra degli Schiavoni', 62),
(62037, 'Guardia Sanframondi', 62),
(62038, 'Limatola', 62),
(62039, 'Melizzano', 62),
(62040, 'Moiano', 62),
(62041, 'Molinara', 62),
(62042, 'Montefalcone di Val Fortore', 62),
(62043, 'Montesarchio', 62),
(62044, 'Morcone', 62),
(62045, 'Paduli', 62),
(62046, 'Pago Veiano', 62),
(62047, 'Pannarano', 62),
(62048, 'Paolisi', 62),
(62049, 'Paupisi', 62),
(62050, 'Pesco Sannita', 62),
(62051, 'Pietraroja', 62),
(62052, 'Pietrelcina', 62),
(62053, 'Ponte', 62),
(62054, 'Pontelandolfo', 62),
(62055, 'Puglianello', 62),
(62056, 'Reino', 62),
(62057, 'San Bartolomeo in Galdo', 62),
(62058, 'San Giorgio del Sannio', 62),
(62059, 'San Giorgio La Molara', 62),
(62060, 'San Leucio del Sannio', 62),
(62061, 'San Lorenzello', 62),
(62062, 'San Lorenzo Maggiore', 62),
(62063, 'San Lupo', 62),
(62064, 'San Marco dei Cavoti', 62),
(62065, 'San Martino Sannita', 62),
(62066, 'San Nazzaro', 62),
(62067, 'San Nicola Manfredi', 62),
(62068, 'San Salvatore Telesino', 62),
(62069, 'Santa Croce del Sannio', 62),
(62070, 'Sant\'Agata de\' Goti', 62),
(62071, 'Sant\'Angelo a Cupolo', 62),
(62072, 'Sassinoro', 62),
(62073, 'Solopaca', 62),
(62074, 'Telese Terme', 62),
(62075, 'Tocco Caudio', 62),
(62076, 'Torrecuso', 62),
(62077, 'Vitulano', 62),
(62078, 'Sant\'Arcangelo Trimonte', 62),
(63001, 'Acerra', 63),
(63002, 'Afragola', 63),
(63003, 'Agerola', 63),
(63004, 'Anacapri', 63),
(63005, 'Arzano', 63),
(63006, 'Bacoli', 63),
(63007, 'Barano d\'Ischia', 63),
(63008, 'Boscoreale', 63),
(63009, 'Boscotrecase', 63),
(63010, 'Brusciano', 63),
(63011, 'Caivano', 63),
(63012, 'Calvizzano', 63),
(63013, 'Camposano', 63),
(63014, 'Capri', 63),
(63015, 'Carbonara di Nola', 63),
(63016, 'Cardito', 63),
(63017, 'Casalnuovo di Napoli', 63),
(63018, 'Casamarciano', 63),
(63019, 'Casamicciola Terme', 63),
(63020, 'Casandrino', 63),
(63021, 'Casavatore', 63),
(63022, 'Casola di Napoli', 63),
(63023, 'Casoria', 63),
(63024, 'Castellammare di Stabia', 63),
(63025, 'Castello di Cisterna', 63),
(63026, 'Cercola', 63),
(63027, 'Cicciano', 63),
(63028, 'Cimitile', 63),
(63029, 'Comiziano', 63),
(63030, 'Crispano', 63),
(63031, 'Forio', 63),
(63032, 'Frattamaggiore', 63),
(63033, 'Frattaminore', 63),
(63034, 'Giugliano in Campania', 63),
(63035, 'Gragnano', 63),
(63036, 'Grumo Nevano', 63),
(63037, 'Ischia', 63),
(63038, 'Lacco Ameno', 63),
(63039, 'Lettere', 63),
(63040, 'Liveri', 63),
(63041, 'Marano di Napoli', 63),
(63042, 'Mariglianella', 63),
(63043, 'Marigliano', 63),
(63044, 'Massa Lubrense', 63),
(63045, 'Melito di Napoli', 63),
(63046, 'Meta', 63),
(63047, 'Monte di Procida', 63),
(63048, 'Mugnano di Napoli', 63),
(63049, 'Napoli', 63),
(63050, 'Nola', 63),
(63051, 'Ottaviano', 63),
(63052, 'Palma Campania', 63),
(63053, 'Piano di Sorrento', 63),
(63054, 'Pimonte', 63),
(63055, 'Poggiomarino', 63),
(63056, 'Pollena Trocchia', 63),
(63057, 'Pomigliano d\'Arco', 63),
(63058, 'Pompei', 63),
(63059, 'Portici', 63),
(63060, 'Pozzuoli', 63),
(63061, 'Procida', 63),
(63062, 'Qualiano', 63),
(63063, 'Quarto', 63),
(63064, 'Ercolano', 63),
(63065, 'Roccarainola', 63),
(63066, 'San Gennaro Vesuviano', 63),
(63067, 'San Giorgio a Cremano', 63),
(63068, 'San Giuseppe Vesuviano', 63),
(63069, 'San Paolo Bel Sito', 63),
(63070, 'San Sebastiano al Vesuvio', 63),
(63071, 'Sant\'Agnello', 63),
(63072, 'Sant\'Anastasia', 63),
(63073, 'Sant\'Antimo', 63),
(63074, 'Sant\'Antonio Abate', 63),
(63075, 'San Vitaliano', 63),
(63076, 'Saviano', 63),
(63077, 'Scisciano', 63),
(63078, 'Serrara Fontana', 63),
(63079, 'Somma Vesuviana', 63),
(63080, 'Sorrento', 63),
(63081, 'Striano', 63),
(63082, 'Terzigno', 63),
(63083, 'Torre Annunziata', 63),
(63084, 'Torre del Greco', 63),
(63085, 'Tufino', 63),
(63086, 'Vico Equense', 63),
(63087, 'Villaricca', 63),
(63088, 'Visciano', 63),
(63089, 'Volla', 63),
(63090, 'Santa Maria la Carit&agrave;', 63),
(63091, 'Trecase', 63),
(63092, 'Massa di Somma', 63),
(64001, 'Aiello del Sabato', 64),
(64002, 'Altavilla Irpina', 64),
(64003, 'Andretta', 64),
(64004, 'Aquilonia', 64),
(64005, 'Ariano Irpino', 64),
(64006, 'Atripalda', 64),
(64007, 'Avella', 64),
(64008, 'Avellino', 64),
(64009, 'Bagnoli Irpino', 64),
(64010, 'Baiano', 64),
(64011, 'Bisaccia', 64),
(64012, 'Bonito', 64),
(64013, 'Cairano', 64),
(64014, 'Calabritto', 64),
(64015, 'Calitri', 64),
(64016, 'Candida', 64),
(64017, 'Caposele', 64),
(64018, 'Capriglia Irpina', 64),
(64019, 'Carife', 64),
(64020, 'Casalbore', 64),
(64021, 'Cassano Irpino', 64),
(64022, 'Castel Baronia', 64),
(64023, 'Castelfranci', 64),
(64024, 'Castelvetere sul Calore', 64),
(64025, 'Cervinara', 64),
(64026, 'Cesinali', 64),
(64027, 'Chianche', 64),
(64028, 'Chiusano di San Domenico', 64),
(64029, 'Contrada', 64),
(64030, 'Conza della Campania', 64),
(64031, 'Domicella', 64),
(64032, 'Flumeri', 64),
(64033, 'Fontanarosa', 64),
(64034, 'Forino', 64),
(64035, 'Frigento', 64),
(64036, 'Gesualdo', 64),
(64037, 'Greci', 64),
(64038, 'Grottaminarda', 64),
(64039, 'Grottolella', 64),
(64040, 'Guardia Lombardi', 64),
(64041, 'Lacedonia', 64),
(64042, 'Lapio', 64),
(64043, 'Lauro', 64),
(64044, 'Lioni', 64),
(64045, 'Luogosano', 64),
(64046, 'Manocalzati', 64),
(64047, 'Marzano di Nola', 64),
(64048, 'Melito Irpino', 64),
(64049, 'Mercogliano', 64),
(64050, 'Mirabella Eclano', 64),
(64051, 'Montaguto', 64),
(64052, 'Montecalvo Irpino', 64),
(64053, 'Montefalcione', 64),
(64054, 'Monteforte Irpino', 64),
(64055, 'Montefredane', 64),
(64056, 'Montefusco', 64),
(64057, 'Montella', 64),
(64058, 'Montemarano', 64),
(64059, 'Montemiletto', 64),
(64060, 'Monteverde', 64),
(64061, 'Montoro Inferiore', 64),
(64062, 'Montoro Superiore', 64),
(64063, 'Morra De Sanctis', 64),
(64064, 'Moschiano', 64),
(64065, 'Mugnano del Cardinale', 64),
(64066, 'Nusco', 64),
(64067, 'Ospedaletto d\'Alpinolo', 64),
(64068, 'Pago del Vallo di Lauro', 64),
(64069, 'Parolise', 64),
(64070, 'Paternopoli', 64),
(64071, 'Petruro Irpino', 64),
(64072, 'Pietradefusi', 64),
(64073, 'Pietrastornina', 64),
(64074, 'Prata di Principato Ultra', 64),
(64075, 'Pratola Serra', 64),
(64076, 'Quadrelle', 64),
(64077, 'Quindici', 64),
(64078, 'Roccabascerana', 64),
(64079, 'Rocca San Felice', 64),
(64080, 'Rotondi', 64),
(64081, 'Salza Irpina', 64),
(64082, 'San Mango sul Calore', 64),
(64083, 'San Martino Valle Caudina', 64),
(64084, 'San Michele di Serino', 64),
(64085, 'San Nicola Baronia', 64),
(64086, 'San Potito Ultra', 64),
(64087, 'San Sossio Baronia', 64),
(64088, 'Santa Lucia di Serino', 64),
(64089, 'Sant\'Andrea di Conza', 64),
(64090, 'Sant\'Angelo all\'Esca', 64),
(64091, 'Sant\'Angelo a Scala', 64),
(64092, 'Sant\'Angelo dei Lombardi', 64),
(64093, 'Santa Paolina', 64),
(64095, 'Santo Stefano del Sole', 64),
(64096, 'Savignano Irpino', 64),
(64097, 'Scampitella', 64),
(64098, 'Senerchia', 64),
(64099, 'Serino', 64),
(64100, 'Sirignano', 64),
(64101, 'Solofra', 64),
(64102, 'Sorbo Serpico', 64),
(64103, 'Sperone', 64),
(64104, 'Sturno', 64),
(64105, 'Summonte', 64),
(64106, 'Taurano', 64),
(64107, 'Taurasi', 64),
(64108, 'Teora', 64),
(64109, 'Torella dei Lombardi', 64),
(64110, 'Torre Le Nocelle', 64),
(64111, 'Torrioni', 64),
(64112, 'Trevico', 64),
(64113, 'Tufo', 64),
(64114, 'Vallata', 64),
(64115, 'Vallesaccarda', 64),
(64116, 'Venticano', 64),
(64117, 'Villamaina', 64),
(64118, 'Villanova del Battista', 64),
(64119, 'Volturara Irpina', 64),
(64120, 'Zungoli', 64),
(65001, 'Acerno', 65),
(65002, 'Agropoli', 65),
(65003, 'Albanella', 65),
(65004, 'Alfano', 65),
(65005, 'Altavilla Silentina', 65),
(65006, 'Amalfi', 65),
(65007, 'Angri', 65),
(65008, 'Aquara', 65),
(65009, 'Ascea', 65),
(65010, 'Atena Lucana', 65),
(65011, 'Atrani', 65),
(65012, 'Auletta', 65),
(65013, 'Baronissi', 65),
(65014, 'Battipaglia', 65),
(65015, 'Bellosguardo', 65),
(65016, 'Bracigliano', 65),
(65017, 'Buccino', 65),
(65018, 'Buonabitacolo', 65),
(65019, 'Caggiano', 65),
(65020, 'Calvanico', 65),
(65021, 'Camerota', 65),
(65022, 'Campagna', 65),
(65023, 'Campora', 65),
(65024, 'Cannalonga', 65),
(65025, 'Capaccio', 65),
(65026, 'Casalbuono', 65),
(65027, 'Casaletto Spartano', 65),
(65028, 'Casal Velino', 65),
(65029, 'Caselle in Pittari', 65),
(65030, 'Castelcivita', 65),
(65031, 'Castellabate', 65),
(65032, 'Castelnuovo Cilento', 65),
(65033, 'Castelnuovo di Conza', 65),
(65034, 'Castel San Giorgio', 65),
(65035, 'Castel San Lorenzo', 65),
(65036, 'Castiglione del Genovesi', 65),
(65037, 'Cava de\' Tirreni', 65),
(65038, 'Celle di Bulgheria', 65),
(65039, 'Centola', 65),
(65040, 'Ceraso', 65),
(65041, 'Cetara', 65),
(65042, 'Cicerale', 65),
(65043, 'Colliano', 65),
(65044, 'Conca dei Marini', 65),
(65045, 'Controne', 65),
(65046, 'Contursi Terme', 65),
(65047, 'Corbara', 65),
(65048, 'Corleto Monforte', 65),
(65049, 'Cuccaro Vetere', 65),
(65050, 'Eboli', 65),
(65051, 'Felitto', 65),
(65052, 'Fisciano', 65),
(65053, 'Furore', 65),
(65054, 'Futani', 65),
(65055, 'Giffoni Sei Casali', 65),
(65056, 'Giffoni Valle Piana', 65),
(65057, 'Gioi', 65),
(65058, 'Giungano', 65),
(65059, 'Ispani', 65),
(65060, 'Laureana Cilento', 65),
(65061, 'Laurino', 65),
(65062, 'Laurito', 65),
(65063, 'Laviano', 65),
(65064, 'Lustra', 65),
(65065, 'Magliano Vetere', 65),
(65066, 'Maiori', 65),
(65067, 'Mercato San Severino', 65),
(65068, 'Minori', 65),
(65069, 'Moio della Civitella', 65),
(65070, 'Montano Antilia', 65),
(65071, 'Montecorice', 65),
(65072, 'Montecorvino Pugliano', 65),
(65073, 'Montecorvino Rovella', 65),
(65074, 'Monteforte Cilento', 65),
(65075, 'Monte San Giacomo', 65),
(65076, 'Montesano sulla Marcellana', 65),
(65077, 'Morigerati', 65),
(65078, 'Nocera Inferiore', 65),
(65079, 'Nocera Superiore', 65),
(65080, 'Novi Velia', 65),
(65081, 'Ogliastro Cilento', 65),
(65082, 'Olevano sul Tusciano', 65),
(65083, 'Oliveto Citra', 65),
(65084, 'Omignano', 65),
(65085, 'Orria', 65),
(65086, 'Ottati', 65),
(65087, 'Padula', 65),
(65088, 'Pagani', 65),
(65089, 'Palomonte', 65),
(65090, 'Pellezzano', 65),
(65091, 'Perdifumo', 65),
(65092, 'Perito', 65),
(65093, 'Pertosa', 65),
(65094, 'Petina', 65),
(65095, 'Piaggine', 65),
(65096, 'Pisciotta', 65),
(65097, 'Polla', 65),
(65098, 'Pollica', 65),
(65099, 'Pontecagnano Faiano', 65),
(65100, 'Positano', 65),
(65101, 'Postiglione', 65),
(65102, 'Praiano', 65),
(65103, 'Prignano Cilento', 65),
(65104, 'Ravello', 65),
(65105, 'Ricigliano', 65),
(65106, 'Roccadaspide', 65),
(65107, 'Roccagloriosa', 65),
(65108, 'Roccapiemonte', 65),
(65109, 'Rofrano', 65),
(65110, 'Romagnano al Monte', 65),
(65111, 'Roscigno', 65),
(65112, 'Rutino', 65),
(65113, 'Sacco', 65),
(65114, 'Sala Consilina', 65),
(65115, 'Salento', 65),
(65116, 'Salerno', 65),
(65117, 'Salvitelle', 65),
(65118, 'San Cipriano Picentino', 65),
(65119, 'San Giovanni a Piro', 65),
(65120, 'San Gregorio Magno', 65),
(65121, 'San Mango Piemonte', 65),
(65122, 'San Marzano sul Sarno', 65),
(65123, 'San Mauro Cilento', 65),
(65124, 'San Mauro la Bruca', 65),
(65125, 'San Pietro al Tanagro', 65),
(65126, 'San Rufo', 65),
(65127, 'Santa Marina', 65),
(65128, 'Sant\'Angelo a Fasanella', 65),
(65129, 'Sant\'Arsenio', 65),
(65130, 'Sant\'Egidio del Monte Albino', 65),
(65131, 'Santomenna', 65),
(65132, 'San Valentino Torio', 65),
(65133, 'Sanza', 65),
(65134, 'Sapri', 65),
(65135, 'Sarno', 65),
(65136, 'Sassano', 65),
(65137, 'Scafati', 65),
(65138, 'Scala', 65),
(65139, 'Serramezzana', 65),
(65140, 'Serre', 65),
(65141, 'Sessa Cilento', 65),
(65142, 'Siano', 65),
(65143, 'Sicignano degli Alburni', 65),
(65144, 'Stella Cilento', 65),
(65145, 'Stio', 65),
(65146, 'Teggiano', 65),
(65147, 'Torchiara', 65),
(65148, 'Torraca', 65),
(65149, 'Torre Orsaia', 65),
(65150, 'Tortorella', 65),
(65151, 'Tramonti', 65),
(65152, 'Trentinara', 65),
(65153, 'Valle dell\'Angelo', 65),
(65154, 'Vallo della Lucania', 65),
(65155, 'Valva', 65),
(65156, 'Vibonati', 65),
(65157, 'Vietri sul Mare', 65),
(65158, 'Bellizzi', 65),
(66001, 'Acciano', 66),
(66002, 'Aielli', 66),
(66003, 'Alfedena', 66),
(66004, 'Anversa degli Abruzzi', 66),
(66005, 'Ateleta', 66),
(66006, 'Avezzano', 66),
(66007, 'Balsorano', 66),
(66008, 'Barete', 66),
(66009, 'Barisciano', 66),
(66010, 'Barrea', 66),
(66011, 'Bisegna', 66),
(66012, 'Bugnara', 66),
(66013, 'Cagnano Amiterno', 66),
(66014, 'Calascio', 66),
(66015, 'Campo di Giove', 66),
(66016, 'Campotosto', 66),
(66017, 'Canistro', 66),
(66018, 'Cansano', 66),
(66019, 'Capestrano', 66),
(66020, 'Capistrello', 66),
(66021, 'Capitignano', 66),
(66022, 'Caporciano', 66),
(66023, 'Cappadocia', 66),
(66024, 'Carapelle Calvisio', 66),
(66025, 'Carsoli', 66),
(66026, 'Castel del Monte', 66),
(66027, 'Castel di Ieri', 66),
(66028, 'Castel di Sangro', 66),
(66029, 'Castellafiume', 66),
(66030, 'Castelvecchio Calvisio', 66),
(66031, 'Castelvecchio Subequo', 66),
(66032, 'Celano', 66),
(66033, 'Cerchio', 66),
(66034, 'Civita d\'Antino', 66),
(66035, 'Civitella Alfedena', 66),
(66036, 'Civitella Roveto', 66),
(66037, 'Cocullo', 66),
(66038, 'Collarmele', 66),
(66039, 'Collelongo', 66),
(66040, 'Collepietro', 66),
(66041, 'Corfinio', 66),
(66042, 'Fagnano Alto', 66),
(66043, 'Fontecchio', 66),
(66044, 'Fossa', 66),
(66045, 'Gagliano Aterno', 66),
(66046, 'Gioia dei Marsi', 66),
(66047, 'Goriano Sicoli', 66),
(66048, 'Introdacqua', 66),
(66049, 'L\'Aquila', 66),
(66050, 'Lecce nei Marsi', 66),
(66051, 'Luco dei Marsi', 66),
(66052, 'Lucoli', 66),
(66053, 'Magliano de\' Marsi', 66),
(66054, 'Massa d\'Albe', 66),
(66055, 'Molina Aterno', 66),
(66056, 'Montereale', 66),
(66057, 'Morino', 66),
(66058, 'Navelli', 66),
(66059, 'Ocre', 66),
(66060, 'Ofena', 66),
(66061, 'Opi', 66),
(66062, 'Oricola', 66),
(66063, 'Ortona dei Marsi', 66),
(66064, 'Ortucchio', 66),
(66065, 'Ovindoli', 66),
(66066, 'Pacentro', 66),
(66067, 'Pereto', 66),
(66068, 'Pescasseroli', 66),
(66069, 'Pescina', 66),
(66070, 'Pescocostanzo', 66),
(66071, 'Pettorano sul Gizio', 66),
(66072, 'Pizzoli', 66),
(66073, 'Poggio Picenze', 66),
(66074, 'Prata d\'Ansidonia', 66),
(66075, 'Pratola Peligna', 66),
(66076, 'Prezza', 66),
(66077, 'Raiano', 66),
(66078, 'Rivisondoli', 66),
(66079, 'Roccacasale', 66),
(66080, 'Rocca di Botte', 66),
(66081, 'Rocca di Cambio', 66),
(66082, 'Rocca di Mezzo', 66),
(66083, 'Rocca Pia', 66),
(66084, 'Roccaraso', 66),
(66085, 'San Benedetto dei Marsi', 66),
(66086, 'San Benedetto in Perillis', 66),
(66087, 'San Demetrio ne\' Vestini', 66),
(66088, 'San Pio delle Camere', 66),
(66089, 'Sante Marie', 66),
(66090, 'Sant\'Eusanio Forconese', 66),
(66091, 'Santo Stefano di Sessanio', 66),
(66092, 'San Vincenzo Valle Roveto', 66),
(66093, 'Scanno', 66),
(66094, 'Scontrone', 66),
(66095, 'Scoppito', 66),
(66096, 'Scurcola Marsicana', 66),
(66097, 'Secinaro', 66),
(66098, 'Sulmona', 66),
(66099, 'Tagliacozzo', 66),
(66100, 'Tione degli Abruzzi', 66),
(66101, 'Tornimparte', 66),
(66102, 'Trasacco', 66),
(66103, 'Villalago', 66),
(66104, 'Villa Santa Lucia degli Abruzzi', 66),
(66105, 'Villa Sant\'Angelo', 66),
(66106, 'Villavallelonga', 66),
(66107, 'Villetta Barrea', 66),
(66108, 'Vittorito', 66),
(67001, 'Alba Adriatica', 67),
(67002, 'Ancarano', 67),
(67003, 'Arsita', 67),
(67004, 'Atri', 67),
(67005, 'Basciano', 67),
(67006, 'Bellante', 67),
(67007, 'Bisenti', 67),
(67008, 'Campli', 67),
(67009, 'Canzano', 67),
(67010, 'Castel Castagna', 67),
(67011, 'Castellalto', 67),
(67012, 'Castelli', 67),
(67013, 'Castiglione Messer Raimondo', 67),
(67014, 'Castilenti', 67),
(67015, 'Cellino Attanasio', 67),
(67016, 'Cermignano', 67),
(67017, 'Civitella del Tronto', 67),
(67018, 'Colledara', 67),
(67019, 'Colonnella', 67),
(67020, 'Controguerra', 67),
(67021, 'Corropoli', 67),
(67022, 'Cortino', 67),
(67023, 'Crognaleto', 67),
(67024, 'Fano Adriano', 67),
(67025, 'Giulianova', 67),
(67026, 'Isola del Gran Sasso d\'Italia', 67),
(67027, 'Montefino', 67),
(67028, 'Montorio al Vomano', 67),
(67029, 'Morro d\'Oro', 67),
(67030, 'Mosciano Sant\'Angelo', 67),
(67031, 'Nereto', 67),
(67032, 'Notaresco', 67),
(67033, 'Penna Sant\'Andrea', 67),
(67034, 'Pietracamela', 67),
(67035, 'Pineto', 67),
(67036, 'Rocca Santa Maria', 67),
(67037, 'Roseto degli Abruzzi', 67),
(67038, 'Sant\'Egidio alla Vibrata', 67),
(67039, 'Sant\'Omero', 67),
(67040, 'Silvi', 67),
(67041, 'Teramo', 67),
(67042, 'Torano Nuovo', 67),
(67043, 'Torricella Sicura', 67),
(67044, 'Tortoreto', 67),
(67045, 'Tossicia', 67),
(67046, 'Valle Castellana', 67),
(67047, 'Martinsicuro', 67),
(68001, 'Abbateggio', 68),
(68002, 'Alanno', 68),
(68003, 'Bolognano', 68),
(68004, 'Brittoli', 68),
(68005, 'Bussi sul Tirino', 68),
(68006, 'Cappelle sul Tavo', 68),
(68007, 'Caramanico Terme', 68),
(68008, 'Carpineto della Nora', 68),
(68009, 'Castiglione a Casauria', 68),
(68010, 'Catignano', 68),
(68011, 'Cepagatti', 68),
(68012, 'Citt&agrave; Sant&#39;Angelo', 68),
(68013, 'Civitaquana', 68),
(68014, 'Civitella Casanova', 68),
(68015, 'Collecorvino', 68),
(68016, 'Corvara', 68),
(68017, 'Cugnoli', 68),
(68018, 'Elice', 68),
(68019, 'Farindola', 68),
(68020, 'Lettomanoppello', 68),
(68021, 'Loreto Aprutino', 68),
(68022, 'Manoppello', 68),
(68023, 'Montebello di Bertona', 68),
(68024, 'Montesilvano', 68),
(68025, 'Moscufo', 68),
(68026, 'Nocciano', 68),
(68027, 'Penne', 68),
(68028, 'Pescara', 68),
(68029, 'Pescosansonesco', 68),
(68030, 'Pianella', 68),
(68031, 'Picciano', 68),
(68032, 'Pietranico', 68),
(68033, 'Popoli', 68),
(68034, 'Roccamorice', 68),
(68035, 'Rosciano', 68),
(68036, 'Salle', 68),
(68037, 'Sant\'Eufemia a Maiella', 68),
(68038, 'San Valentino in Abruzzo Citeriore', 68),
(68039, 'Scafa', 68),
(68040, 'Serramonacesca', 68),
(68041, 'Spoltore', 68),
(68042, 'Tocco da Casauria', 68),
(68043, 'Torre de\' Passeri', 68),
(68044, 'Turrivalignani', 68),
(68045, 'Vicoli', 68),
(68046, 'Villa Celiera', 68),
(69001, 'Altino', 69),
(69002, 'Archi', 69),
(69003, 'Ari', 69),
(69004, 'Arielli', 69),
(69005, 'Atessa', 69),
(69006, 'Bomba', 69),
(69007, 'Borrello', 69),
(69008, 'Bucchianico', 69),
(69009, 'Montebello sul Sangro', 69),
(69010, 'Canosa Sannita', 69),
(69011, 'Carpineto Sinello', 69),
(69012, 'Carunchio', 69),
(69013, 'Casacanditella', 69),
(69014, 'Casalanguida', 69),
(69015, 'Casalbordino', 69),
(69016, 'Casalincontrada', 69),
(69017, 'Casoli', 69),
(69018, 'Castel Frentano', 69);
INSERT INTO `comuni` (`id`, `nome`, `id_provincia`) VALUES
(69019, 'Castelguidone', 69),
(69020, 'Castiglione Messer Marino', 69),
(69021, 'Celenza sul Trigno', 69),
(69022, 'Chieti', 69),
(69023, 'Civitaluparella', 69),
(69024, 'Civitella Messer Raimondo', 69),
(69025, 'Colledimacine', 69),
(69026, 'Colledimezzo', 69),
(69027, 'Crecchio', 69),
(69028, 'Cupello', 69),
(69029, 'Dogliola', 69),
(69030, 'Fara Filiorum Petri', 69),
(69031, 'Fara San Martino', 69),
(69032, 'Filetto', 69),
(69033, 'Fossacesia', 69),
(69034, 'Fraine', 69),
(69035, 'Francavilla al Mare', 69),
(69036, 'Fresagrandinaria', 69),
(69037, 'Frisa', 69),
(69038, 'Furci', 69),
(69039, 'Gamberale', 69),
(69040, 'Gessopalena', 69),
(69041, 'Gissi', 69),
(69042, 'Giuliano Teatino', 69),
(69043, 'Guardiagrele', 69),
(69044, 'Guilmi', 69),
(69045, 'Lama dei Peligni', 69),
(69046, 'Lanciano', 69),
(69047, 'Lentella', 69),
(69048, 'Lettopalena', 69),
(69049, 'Liscia', 69),
(69050, 'Miglianico', 69),
(69051, 'Montazzoli', 69),
(69052, 'Monteferrante', 69),
(69053, 'Montelapiano', 69),
(69054, 'Montenerodomo', 69),
(69055, 'Monteodorisio', 69),
(69056, 'Mozzagrogna', 69),
(69057, 'Orsogna', 69),
(69058, 'Ortona', 69),
(69059, 'Paglieta', 69),
(69060, 'Palena', 69),
(69061, 'Palmoli', 69),
(69062, 'Palombaro', 69),
(69063, 'Pennadomo', 69),
(69064, 'Pennapiedimonte', 69),
(69065, 'Perano', 69),
(69066, 'Pizzoferrato', 69),
(69067, 'Poggiofiorito', 69),
(69068, 'Pollutri', 69),
(69069, 'Pretoro', 69),
(69070, 'Quadri', 69),
(69071, 'Rapino', 69),
(69072, 'Ripa Teatina', 69),
(69073, 'Roccamontepiano', 69),
(69074, 'Rocca San Giovanni', 69),
(69075, 'Roccascalegna', 69),
(69076, 'Roccaspinalveti', 69),
(69077, 'Roio del Sangro', 69),
(69078, 'Rosello', 69),
(69079, 'San Buono', 69),
(69080, 'San Giovanni Lipioni', 69),
(69081, 'San Giovanni Teatino', 69),
(69082, 'San Martino sulla Marrucina', 69),
(69083, 'San Salvo', 69),
(69084, 'Santa Maria Imbaro', 69),
(69085, 'Sant\'Eusanio del Sangro', 69),
(69086, 'San Vito Chietino', 69),
(69087, 'Scerni', 69),
(69088, 'Schiavi di Abruzzo', 69),
(69089, 'Taranta Peligna', 69),
(69090, 'Tollo', 69),
(69091, 'Torino di Sangro', 69),
(69092, 'Tornareccio', 69),
(69093, 'Torrebruna', 69),
(69094, 'Torrevecchia Teatina', 69),
(69095, 'Torricella Peligna', 69),
(69096, 'Treglio', 69),
(69097, 'Tufillo', 69),
(69098, 'Vacri', 69),
(69099, 'Vasto', 69),
(69100, 'Villalfonsina', 69),
(69101, 'Villamagna', 69),
(69102, 'Villa Santa Maria', 69),
(69103, 'Pietraferrazzana', 69),
(69104, 'Fallo', 69),
(70001, 'Acquaviva Collecroce', 70),
(70002, 'Baranello', 70),
(70003, 'Bojano', 70),
(70004, 'Bonefro', 70),
(70005, 'Busso', 70),
(70006, 'Campobasso', 70),
(70007, 'Campochiaro', 70),
(70008, 'Campodipietra', 70),
(70009, 'Campolieto', 70),
(70010, 'Campomarino', 70),
(70011, 'Casacalenda', 70),
(70012, 'Casalciprano', 70),
(70013, 'Castelbottaccio', 70),
(70014, 'Castellino del Biferno', 70),
(70015, 'Castelmauro', 70),
(70016, 'Castropignano', 70),
(70017, 'Cercemaggiore', 70),
(70018, 'Cercepiccola', 70),
(70019, 'Civitacampomarano', 70),
(70020, 'Colle d\'Anchise', 70),
(70021, 'Colletorto', 70),
(70022, 'Duronia', 70),
(70023, 'Ferrazzano', 70),
(70024, 'Fossalto', 70),
(70025, 'Gambatesa', 70),
(70026, 'Gildone', 70),
(70027, 'Guardialfiera', 70),
(70028, 'Guardiaregia', 70),
(70029, 'Guglionesi', 70),
(70030, 'Jelsi', 70),
(70031, 'Larino', 70),
(70032, 'Limosano', 70),
(70033, 'Lucito', 70),
(70034, 'Lupara', 70),
(70035, 'Macchia Valfortore', 70),
(70036, 'Mafalda', 70),
(70037, 'Matrice', 70),
(70038, 'Mirabello Sannitico', 70),
(70039, 'Molise', 70),
(70040, 'Monacilioni', 70),
(70041, 'Montagano', 70),
(70042, 'Montecilfone', 70),
(70043, 'Montefalcone nel Sannio', 70),
(70044, 'Montelongo', 70),
(70045, 'Montemitro', 70),
(70046, 'Montenero di Bisaccia', 70),
(70047, 'Montorio nei Frentani', 70),
(70048, 'Morrone del Sannio', 70),
(70049, 'Oratino', 70),
(70050, 'Palata', 70),
(70051, 'Petacciato', 70),
(70052, 'Petrella Tifernina', 70),
(70053, 'Pietracatella', 70),
(70054, 'Pietracupa', 70),
(70055, 'Portocannone', 70),
(70056, 'Provvidenti', 70),
(70057, 'Riccia', 70),
(70058, 'Ripabottoni', 70),
(70059, 'Ripalimosani', 70),
(70060, 'Roccavivara', 70),
(70061, 'Rotello', 70),
(70062, 'Salcito', 70),
(70063, 'San Biase', 70),
(70064, 'San Felice del Molise', 70),
(70065, 'San Giacomo degli Schiavoni', 70),
(70066, 'San Giovanni in Galdo', 70),
(70067, 'San Giuliano del Sannio', 70),
(70068, 'San Giuliano di Puglia', 70),
(70069, 'San Martino in Pensilis', 70),
(70070, 'San Massimo', 70),
(70071, 'San Polo Matese', 70),
(70072, 'Santa Croce di Magliano', 70),
(70073, 'Sant\'Angelo Limosano', 70),
(70074, 'Sant\'Elia a Pianisi', 70),
(70075, 'Sepino', 70),
(70076, 'Spinete', 70),
(70077, 'Tavenna', 70),
(70078, 'Termoli', 70),
(70079, 'Torella del Sannio', 70),
(70080, 'Toro', 70),
(70081, 'Trivento', 70),
(70082, 'Tufara', 70),
(70083, 'Ururi', 70),
(70084, 'Vinchiaturo', 70),
(71001, 'Accadia', 71),
(71002, 'Alberona', 71),
(71003, 'Anzano di Puglia', 71),
(71004, 'Apricena', 71),
(71005, 'Ascoli Satriano', 71),
(71006, 'Biccari', 71),
(71007, 'Bovino', 71),
(71008, 'Cagnano Varano', 71),
(71009, 'Candela', 71),
(71010, 'Carapelle', 71),
(71011, 'Carlantino', 71),
(71012, 'Carpino', 71),
(71013, 'Casalnuovo Monterotaro', 71),
(71014, 'Casalvecchio di Puglia', 71),
(71015, 'Castelluccio dei Sauri', 71),
(71016, 'Castelluccio Valmaggiore', 71),
(71017, 'Castelnuovo della Daunia', 71),
(71018, 'Celenza Valfortore', 71),
(71019, 'Celle di San Vito', 71),
(71020, 'Cerignola', 71),
(71021, 'Chieuti', 71),
(71022, 'Deliceto', 71),
(71023, 'Faeto', 71),
(71024, 'Foggia', 71),
(71025, 'Ischitella', 71),
(71026, 'Isole Tremiti', 71),
(71027, 'Lesina', 71),
(71028, 'Lucera', 71),
(71029, 'Manfredonia', 71),
(71031, 'Mattinata', 71),
(71032, 'Monteleone di Puglia', 71),
(71033, 'Monte Sant\'Angelo', 71),
(71034, 'Motta Montecorvino', 71),
(71035, 'Orsara di Puglia', 71),
(71036, 'Orta Nova', 71),
(71037, 'Panni', 71),
(71038, 'Peschici', 71),
(71039, 'Pietramontecorvino', 71),
(71040, 'Poggio Imperiale', 71),
(71041, 'Rignano Garganico', 71),
(71042, 'Rocchetta Sant\'Antonio', 71),
(71043, 'Rodi Garganico', 71),
(71044, 'Roseto Valfortore', 71),
(71046, 'San Giovanni Rotondo', 71),
(71047, 'San Marco in Lamis', 71),
(71048, 'San Marco la Catola', 71),
(71049, 'San Nicandro Garganico', 71),
(71050, 'San Paolo di Civitate', 71),
(71051, 'San Severo', 71),
(71052, 'Sant\'Agata di Puglia', 71),
(71053, 'Serracapriola', 71),
(71054, 'Stornara', 71),
(71055, 'Stornarella', 71),
(71056, 'Torremaggiore', 71),
(71058, 'Troia', 71),
(71059, 'Vico del Gargano', 71),
(71060, 'Vieste', 71),
(71061, 'Volturara Appula', 71),
(71062, 'Volturino', 71),
(71063, 'Ordona', 71),
(71064, 'Zapponeta', 71),
(72001, 'Acquaviva delle Fonti', 72),
(72002, 'Adelfia', 72),
(72003, 'Alberobello', 72),
(72004, 'Altamura', 72),
(72006, 'Bari', 72),
(72008, 'Binetto', 72),
(72010, 'Bitetto', 72),
(72011, 'Bitonto', 72),
(72012, 'Bitritto', 72),
(72014, 'Capurso', 72),
(72015, 'Casamassima', 72),
(72016, 'Cassano delle Murge', 72),
(72017, 'Castellana Grotte', 72),
(72018, 'Cellamare', 72),
(72019, 'Conversano', 72),
(72020, 'Corato', 72),
(72021, 'Gioia del Colle', 72),
(72022, 'Giovinazzo', 72),
(72023, 'Gravina in Puglia', 72),
(72024, 'Grumo Appula', 72),
(72025, 'Locorotondo', 72),
(72027, 'Modugno', 72),
(72028, 'Mola di Bari', 72),
(72029, 'Molfetta', 72),
(72030, 'Monopoli', 72),
(72031, 'Noci', 72),
(72032, 'Noicattaro', 72),
(72033, 'Palo del Colle', 72),
(72034, 'Poggiorsini', 72),
(72035, 'Polignano a Mare', 72),
(72036, 'Putignano', 72),
(72037, 'Rutigliano', 72),
(72038, 'Ruvo di Puglia', 72),
(72039, 'Sammichele di Bari', 72),
(72040, 'Sannicandro di Bari', 72),
(72041, 'Santeramo in Colle', 72),
(72043, 'Terlizzi', 72),
(72044, 'Toritto', 72),
(72046, 'Triggiano', 72),
(72047, 'Turi', 72),
(72048, 'Valenzano', 72),
(73001, 'Avetrana', 73),
(73002, 'Carosino', 73),
(73003, 'Castellaneta', 73),
(73004, 'Crispiano', 73),
(73005, 'Faggiano', 73),
(73006, 'Fragagnano', 73),
(73007, 'Ginosa', 73),
(73008, 'Grottaglie', 73),
(73009, 'Laterza', 73),
(73010, 'Leporano', 73),
(73011, 'Lizzano', 73),
(73012, 'Manduria', 73),
(73013, 'Martina Franca', 73),
(73014, 'Maruggio', 73),
(73015, 'Massafra', 73),
(73016, 'Monteiasi', 73),
(73017, 'Montemesola', 73),
(73018, 'Monteparano', 73),
(73019, 'Mottola', 73),
(73020, 'Palagianello', 73),
(73021, 'Palagiano', 73),
(73022, 'Pulsano', 73),
(73023, 'Roccaforzata', 73),
(73024, 'San Giorgio Ionico', 73),
(73025, 'San Marzano di San Giuseppe', 73),
(73026, 'Sava', 73),
(73027, 'Taranto', 73),
(73028, 'Torricella', 73),
(73029, 'Statte', 73),
(74001, 'Brindisi', 74),
(74002, 'Carovigno', 74),
(74003, 'Ceglie Messapica', 74),
(74004, 'Cellino San Marco', 74),
(74005, 'Cisternino', 74),
(74006, 'Erchie', 74),
(74007, 'Fasano', 74),
(74008, 'Francavilla Fontana', 74),
(74009, 'Latiano', 74),
(74010, 'Mesagne', 74),
(74011, 'Oria', 74),
(74012, 'Ostuni', 74),
(74013, 'San Donaci', 74),
(74014, 'San Michele Salentino', 74),
(74015, 'San Pancrazio Salentino', 74),
(74016, 'San Pietro Vernotico', 74),
(74017, 'San Vito dei Normanni', 74),
(74018, 'Torchiarolo', 74),
(74019, 'Torre Santa Susanna', 74),
(74020, 'Villa Castelli', 74),
(75001, 'Acquarica del Capo', 75),
(75002, 'Alessano', 75),
(75003, 'Alezio', 75),
(75004, 'Alliste', 75),
(75005, 'Andrano', 75),
(75006, 'Aradeo', 75),
(75007, 'Arnesano', 75),
(75008, 'Bagnolo del Salento', 75),
(75009, 'Botrugno', 75),
(75010, 'Calimera', 75),
(75011, 'Campi Salentina', 75),
(75012, 'Cannole', 75),
(75013, 'Caprarica di Lecce', 75),
(75014, 'Carmiano', 75),
(75015, 'Carpignano Salentino', 75),
(75016, 'Casarano', 75),
(75017, 'Castri di Lecce', 75),
(75018, 'Castrignano de\' Greci', 75),
(75019, 'Castrignano del Capo', 75),
(75020, 'Cavallino', 75),
(75021, 'Collepasso', 75),
(75022, 'Copertino', 75),
(75023, 'Corigliano d\'Otranto', 75),
(75024, 'Corsano', 75),
(75025, 'Cursi', 75),
(75026, 'Cutrofiano', 75),
(75027, 'Diso', 75),
(75028, 'Gagliano del Capo', 75),
(75029, 'Galatina', 75),
(75030, 'Galatone', 75),
(75031, 'Gallipoli', 75),
(75032, 'Giuggianello', 75),
(75033, 'Giurdignano', 75),
(75034, 'Guagnano', 75),
(75035, 'Lecce', 75),
(75036, 'Lequile', 75),
(75037, 'Leverano', 75),
(75038, 'Lizzanello', 75),
(75039, 'Maglie', 75),
(75040, 'Martano', 75),
(75041, 'Martignano', 75),
(75042, 'Matino', 75),
(75043, 'Melendugno', 75),
(75044, 'Melissano', 75),
(75045, 'Melpignano', 75),
(75046, 'Miggiano', 75),
(75047, 'Minervino di Lecce', 75),
(75048, 'Monteroni di Lecce', 75),
(75049, 'Montesano Salentino', 75),
(75050, 'Morciano di Leuca', 75),
(75051, 'Muro Leccese', 75),
(75052, 'Nard&ograve;', 75),
(75053, 'Neviano', 75),
(75054, 'Nociglia', 75),
(75055, 'Novoli', 75),
(75056, 'Ortelle', 75),
(75057, 'Otranto', 75),
(75058, 'Palmariggi', 75),
(75059, 'Parabita', 75),
(75060, 'Pat&ugrave;', 75),
(75061, 'Poggiardo', 75),
(75062, 'Presicce', 75),
(75063, 'Racale', 75),
(75064, 'Ruffano', 75),
(75065, 'Salice Salentino', 75),
(75066, 'Salve', 75),
(75067, 'Sanarica', 75),
(75068, 'San Cesario di Lecce', 75),
(75069, 'San Donato di Lecce', 75),
(75070, 'Sannicola', 75),
(75071, 'San Pietro in Lama', 75),
(75072, 'Santa Cesarea Terme', 75),
(75073, 'Scorrano', 75),
(75074, 'Secl&igrave;', 75),
(75075, 'Sogliano Cavour', 75),
(75076, 'Soleto', 75),
(75077, 'Specchia', 75),
(75078, 'Spongano', 75),
(75079, 'Squinzano', 75),
(75080, 'Sternatia', 75),
(75081, 'Supersano', 75),
(75082, 'Surano', 75),
(75083, 'Surbo', 75),
(75084, 'Taurisano', 75),
(75085, 'Taviano', 75),
(75086, 'Tiggiano', 75),
(75087, 'Trepuzzi', 75),
(75088, 'Tricase', 75),
(75089, 'Tuglie', 75),
(75090, 'Ugento', 75),
(75091, 'Uggiano la Chiesa', 75),
(75092, 'Veglie', 75),
(75093, 'Vernole', 75),
(75094, 'Zollino', 75),
(75095, 'San Cassiano', 75),
(75096, 'Castro', 75),
(75097, 'Porto Cesareo', 75),
(76001, 'Abriola', 76),
(76002, 'Acerenza', 76),
(76003, 'Albano di Lucania', 76),
(76004, 'Anzi', 76),
(76005, 'Armento', 76),
(76006, 'Atella', 76),
(76007, 'Avigliano', 76),
(76008, 'Balvano', 76),
(76009, 'Banzi', 76),
(76010, 'Baragiano', 76),
(76011, 'Barile', 76),
(76012, 'Bella', 76),
(76013, 'Brienza', 76),
(76014, 'Brindisi Montagna', 76),
(76015, 'Calvello', 76),
(76016, 'Calvera', 76),
(76017, 'Campomaggiore', 76),
(76018, 'Cancellara', 76),
(76019, 'Carbone', 76),
(76020, 'San Paolo Albanese', 76),
(76021, 'Castelgrande', 76),
(76022, 'Castelluccio Inferiore', 76),
(76023, 'Castelluccio Superiore', 76),
(76024, 'Castelmezzano', 76),
(76025, 'Castelsaraceno', 76),
(76026, 'Castronuovo di Sant\'Andrea', 76),
(76027, 'Cersosimo', 76),
(76028, 'Chiaromonte', 76),
(76029, 'Corleto Perticara', 76),
(76030, 'Episcopia', 76),
(76031, 'Fardella', 76),
(76032, 'Filiano', 76),
(76033, 'Forenza', 76),
(76034, 'Francavilla in Sinni', 76),
(76035, 'Gallicchio', 76),
(76036, 'Genzano di Lucania', 76),
(76037, 'Grumento Nova', 76),
(76038, 'Guardia Perticara', 76),
(76039, 'Lagonegro', 76),
(76040, 'Latronico', 76),
(76041, 'Laurenzana', 76),
(76042, 'Lauria', 76),
(76043, 'Lavello', 76),
(76044, 'Maratea', 76),
(76045, 'Marsico Nuovo', 76),
(76046, 'Marsicovetere', 76),
(76047, 'Maschito', 76),
(76048, 'Melfi', 76),
(76049, 'Missanello', 76),
(76050, 'Moliterno', 76),
(76051, 'Montemilone', 76),
(76052, 'Montemurro', 76),
(76053, 'Muro Lucano', 76),
(76054, 'Nemoli', 76),
(76055, 'Noepoli', 76),
(76056, 'Oppido Lucano', 76),
(76057, 'Palazzo San Gervasio', 76),
(76058, 'Pescopagano', 76),
(76059, 'Picerno', 76),
(76060, 'Pietragalla', 76),
(76061, 'Pietrapertosa', 76),
(76062, 'Pignola', 76),
(76063, 'Potenza', 76),
(76064, 'Rapolla', 76),
(76065, 'Rapone', 76),
(76066, 'Rionero in Vulture', 76),
(76067, 'Ripacandida', 76),
(76068, 'Rivello', 76),
(76069, 'Roccanova', 76),
(76070, 'Rotonda', 76),
(76071, 'Ruoti', 76),
(76072, 'Ruvo del Monte', 76),
(76073, 'San Chirico Nuovo', 76),
(76074, 'San Chirico Raparo', 76),
(76075, 'San Costantino Albanese', 76),
(76076, 'San Fele', 76),
(76077, 'San Martino d\'Agri', 76),
(76078, 'San Severino Lucano', 76),
(76079, 'Sant\'Angelo Le Fratte', 76),
(76080, 'Sant\'Arcangelo', 76),
(76081, 'Sarconi', 76),
(76082, 'Sasso di Castalda', 76),
(76083, 'Satriano di Lucania', 76),
(76084, 'Savoia di Lucania', 76),
(76085, 'Senise', 76),
(76086, 'Spinoso', 76),
(76087, 'Teana', 76),
(76088, 'Terranova di Pollino', 76),
(76089, 'Tito', 76),
(76090, 'Tolve', 76),
(76091, 'Tramutola', 76),
(76092, 'Trecchina', 76),
(76093, 'Trivigno', 76),
(76094, 'Vaglio Basilicata', 76),
(76095, 'Venosa', 76),
(76096, 'Vietri di Potenza', 76),
(76097, 'Viggianello', 76),
(76098, 'Viggiano', 76),
(76099, 'Ginestra', 76),
(76100, 'Paterno', 76),
(77001, 'Accettura', 77),
(77002, 'Aliano', 77),
(77003, 'Bernalda', 77),
(77004, 'Calciano', 77),
(77005, 'Cirigliano', 77),
(77006, 'Colobraro', 77),
(77007, 'Craco', 77),
(77008, 'Ferrandina', 77),
(77009, 'Garaguso', 77),
(77010, 'Gorgoglione', 77),
(77011, 'Grassano', 77),
(77012, 'Grottole', 77),
(77013, 'Irsina', 77),
(77014, 'Matera', 77),
(77015, 'Miglionico', 77),
(77016, 'Montalbano Jonico', 77),
(77017, 'Montescaglioso', 77),
(77018, 'Nova Siri', 77),
(77019, 'Oliveto Lucano', 77),
(77020, 'Pisticci', 77),
(77021, 'Policoro', 77),
(77022, 'Pomarico', 77),
(77023, 'Rotondella', 77),
(77024, 'Salandra', 77),
(77025, 'San Giorgio Lucano', 77),
(77026, 'San Mauro Forte', 77),
(77027, 'Stigliano', 77),
(77028, 'Tricarico', 77),
(77029, 'Tursi', 77),
(77030, 'Valsinni', 77),
(77031, 'Scanzano Jonico', 77),
(78001, 'Acquaformosa', 78),
(78002, 'Acquappesa', 78),
(78003, 'Acri', 78),
(78004, 'Aiello Calabro', 78),
(78005, 'Aieta', 78),
(78006, 'Albidona', 78),
(78007, 'Alessandria del Carretto', 78),
(78008, 'Altilia', 78),
(78009, 'Altomonte', 78),
(78010, 'Amantea', 78),
(78011, 'Amendolara', 78),
(78012, 'Aprigliano', 78),
(78013, 'Belmonte Calabro', 78),
(78014, 'Belsito', 78),
(78015, 'Belvedere Marittimo', 78),
(78016, 'Bianchi', 78),
(78017, 'Bisignano', 78),
(78018, 'Bocchigliero', 78),
(78019, 'Bonifati', 78),
(78020, 'Buonvicino', 78),
(78021, 'Calopezzati', 78),
(78022, 'Caloveto', 78),
(78023, 'Campana', 78),
(78024, 'Canna', 78),
(78025, 'Cariati', 78),
(78026, 'Carolei', 78),
(78027, 'Carpanzano', 78),
(78028, 'Casole Bruzio', 78),
(78029, 'Cassano all\'Ionio', 78),
(78030, 'Castiglione Cosentino', 78),
(78031, 'Castrolibero', 78),
(78032, 'Castroregio', 78),
(78033, 'Castrovillari', 78),
(78034, 'Celico', 78),
(78035, 'Cellara', 78),
(78036, 'Cerchiara di Calabria', 78),
(78037, 'Cerisano', 78),
(78038, 'Cervicati', 78),
(78039, 'Cerzeto', 78),
(78040, 'Cetraro', 78),
(78041, 'Civita', 78),
(78042, 'Cleto', 78),
(78043, 'Colosimi', 78),
(78044, 'Corigliano Calabro', 78),
(78045, 'Cosenza', 78),
(78046, 'Cropalati', 78),
(78047, 'Crosia', 78),
(78048, 'Diamante', 78),
(78049, 'Dipignano', 78),
(78050, 'Domanico', 78),
(78051, 'Fagnano Castello', 78),
(78052, 'Falconara Albanese', 78),
(78053, 'Figline Vegliaturo', 78),
(78054, 'Firmo', 78),
(78055, 'Fiumefreddo Bruzio', 78),
(78056, 'Francavilla Marittima', 78),
(78057, 'Frascineto', 78),
(78058, 'Fuscaldo', 78),
(78059, 'Grimaldi', 78),
(78060, 'Grisolia', 78),
(78061, 'Guardia Piemontese', 78),
(78062, 'Lago', 78),
(78063, 'Laino Borgo', 78),
(78064, 'Laino Castello', 78),
(78065, 'Lappano', 78),
(78066, 'Lattarico', 78),
(78067, 'Longobardi', 78),
(78068, 'Longobucco', 78),
(78069, 'Lungro', 78),
(78070, 'Luzzi', 78),
(78071, 'Maier&agrave;', 78),
(78072, 'Malito', 78),
(78073, 'Malvito', 78),
(78074, 'Mandatoriccio', 78),
(78075, 'Mangone', 78),
(78076, 'Marano Marchesato', 78),
(78077, 'Marano Principato', 78),
(78078, 'Marzi', 78),
(78079, 'Mendicino', 78),
(78080, 'Mongrassano', 78),
(78081, 'Montalto Uffugo', 78),
(78082, 'Montegiordano', 78),
(78083, 'Morano Calabro', 78),
(78084, 'Mormanno', 78),
(78085, 'Mottafollone', 78),
(78086, 'Nocara', 78),
(78087, 'Oriolo', 78),
(78088, 'Orsomarso', 78),
(78089, 'Paludi', 78),
(78090, 'Panettieri', 78),
(78091, 'Paola', 78),
(78092, 'Papasidero', 78),
(78093, 'Parenti', 78),
(78094, 'Paterno Calabro', 78),
(78095, 'Pedace', 78),
(78096, 'Pedivigliano', 78),
(78097, 'Piane Crati', 78),
(78098, 'Pietrafitta', 78),
(78099, 'Pietrapaola', 78),
(78100, 'Plataci', 78),
(78101, 'Praia a Mare', 78),
(78102, 'Rende', 78),
(78103, 'Rocca Imperiale', 78),
(78104, 'Roggiano Gravina', 78),
(78105, 'Rogliano', 78),
(78106, 'Rose', 78),
(78107, 'Roseto Capo Spulico', 78),
(78108, 'Rossano', 78),
(78109, 'Rota Greca', 78),
(78110, 'Rovito', 78),
(78111, 'San Basile', 78),
(78112, 'San Benedetto Ullano', 78),
(78113, 'San Cosmo Albanese', 78),
(78114, 'San Demetrio Corone', 78),
(78115, 'San Donato di Ninea', 78),
(78116, 'San Fili', 78),
(78117, 'Sangineto', 78),
(78118, 'San Giorgio Albanese', 78),
(78119, 'San Giovanni in Fiore', 78),
(78120, 'San Lorenzo Bellizzi', 78),
(78121, 'San Lorenzo del Vallo', 78),
(78122, 'San Lucido', 78),
(78123, 'San Marco Argentano', 78),
(78124, 'San Martino di Finita', 78),
(78125, 'San Nicola Arcella', 78),
(78126, 'San Pietro in Amantea', 78),
(78127, 'San Pietro in Guarano', 78),
(78128, 'San Sosti', 78),
(78129, 'Santa Caterina Albanese', 78),
(78130, 'Santa Domenica Talao', 78),
(78131, 'Sant\'Agata di Esaro', 78),
(78132, 'Santa Maria del Cedro', 78),
(78133, 'Santa Sofia d\'Epiro', 78),
(78134, 'Santo Stefano di Rogliano', 78),
(78135, 'San Vincenzo La Costa', 78),
(78136, 'Saracena', 78),
(78137, 'Scala Coeli', 78),
(78138, 'Scalea', 78),
(78139, 'Scigliano', 78),
(78140, 'Serra d\'Aiello', 78),
(78141, 'Serra Pedace', 78),
(78142, 'Spezzano Albanese', 78),
(78143, 'Spezzano della Sila', 78),
(78144, 'Spezzano Piccolo', 78),
(78145, 'Tarsia', 78),
(78146, 'Terranova da Sibari', 78),
(78147, 'Terravecchia', 78),
(78148, 'Torano Castello', 78),
(78149, 'Tortora', 78),
(78150, 'Trebisacce', 78),
(78151, 'Trenta', 78),
(78152, 'Vaccarizzo Albanese', 78),
(78153, 'Verbicaro', 78),
(78154, 'Villapiana', 78),
(78155, 'Zumpano', 78),
(79002, 'Albi', 79),
(79003, 'Amaroni', 79),
(79004, 'Amato', 79),
(79005, 'Andali', 79),
(79007, 'Argusto', 79),
(79008, 'Badolato', 79),
(79009, 'Belcastro', 79),
(79011, 'Borgia', 79),
(79012, 'Botricello', 79),
(79017, 'Caraffa di Catanzaro', 79),
(79018, 'Cardinale', 79),
(79020, 'Carlopoli', 79),
(79023, 'Catanzaro', 79),
(79024, 'Cenadi', 79),
(79025, 'Centrache', 79),
(79027, 'Cerva', 79),
(79029, 'Chiaravalle Centrale', 79),
(79030, 'Cicala', 79),
(79033, 'Conflenti', 79),
(79034, 'Cortale', 79),
(79036, 'Cropani', 79),
(79039, 'Curinga', 79),
(79042, 'Davoli', 79),
(79043, 'Decollatura', 79),
(79047, 'Falerna', 79),
(79048, 'Feroleto Antico', 79),
(79052, 'Fossato Serralta', 79),
(79055, 'Gagliato', 79),
(79056, 'Gasperina', 79),
(79058, 'Gimigliano', 79),
(79059, 'Girifalco', 79),
(79060, 'Gizzeria', 79),
(79061, 'Guardavalle', 79),
(79063, 'Isca sullo Ionio', 79),
(79065, 'Jacurso', 79),
(79068, 'Magisano', 79),
(79069, 'Maida', 79),
(79071, 'Marcedusa', 79),
(79072, 'Marcellinara', 79),
(79073, 'Martirano', 79),
(79074, 'Martirano Lombardo', 79),
(79077, 'Miglierina', 79),
(79080, 'Montauro', 79),
(79081, 'Montepaone', 79),
(79083, 'Motta Santa Lucia', 79),
(79087, 'Nocera Terinese', 79),
(79088, 'Olivadi', 79),
(79089, 'Palermiti', 79),
(79092, 'Pentone', 79),
(79094, 'Petrizzi', 79),
(79095, 'Petron&agrave;', 79),
(79096, 'Pianopoli', 79),
(79099, 'Platania', 79),
(79108, 'San Floro', 79),
(79110, 'San Mango d\'Aquino', 79),
(79114, 'San Pietro a Maida', 79),
(79115, 'San Pietro Apostolo', 79),
(79116, 'San Sostene', 79),
(79117, 'Santa Caterina dello Ionio', 79),
(79118, 'Sant\'Andrea Apostolo dello Ionio', 79),
(79122, 'San Vito sullo Ionio', 79),
(79123, 'Satriano', 79),
(79126, 'Sellia', 79),
(79127, 'Sellia Marina', 79),
(79129, 'Serrastretta', 79),
(79130, 'Sersale', 79),
(79131, 'Settingiano', 79),
(79133, 'Simeri Crichi', 79),
(79134, 'Sorbo San Basile', 79),
(79137, 'Soverato', 79),
(79138, 'Soveria Mannelli', 79),
(79139, 'Soveria Simeri', 79),
(79142, 'Squillace', 79),
(79143, 'Stalett&igrave;', 79),
(79146, 'Taverna', 79),
(79147, 'Tiriolo', 79),
(79148, 'Torre di Ruggiero', 79),
(79151, 'Vallefiorita', 79),
(79157, 'Zagarise', 79),
(79160, 'Lamezia Terme', 79),
(80001, 'Africo', 80),
(80002, 'Agnana Calabra', 80),
(80003, 'Anoia', 80),
(80004, 'Antonimina', 80),
(80005, 'Ardore', 80),
(80006, 'Bagaladi', 80),
(80007, 'Bagnara Calabra', 80),
(80008, 'Benestare', 80),
(80009, 'Bianco', 80),
(80010, 'Bivongi', 80),
(80011, 'Bova', 80),
(80012, 'Bovalino', 80),
(80013, 'Bova Marina', 80),
(80014, 'Brancaleone', 80),
(80015, 'Bruzzano Zeffirio', 80),
(80016, 'Calanna', 80),
(80017, 'Camini', 80),
(80018, 'Campo Calabro', 80),
(80019, 'Candidoni', 80),
(80020, 'Canolo', 80),
(80021, 'Caraffa del Bianco', 80),
(80022, 'Cardeto', 80),
(80023, 'Careri', 80),
(80024, 'Casignana', 80),
(80025, 'Caulonia', 80),
(80026, 'Cimin&agrave;', 80),
(80027, 'Cinquefrondi', 80),
(80028, 'Cittanova', 80),
(80029, 'Condofuri', 80),
(80030, 'Cosoleto', 80),
(80031, 'Delianuova', 80),
(80032, 'Feroleto della Chiesa', 80),
(80033, 'Ferruzzano', 80),
(80034, 'Fiumara', 80),
(80035, 'Galatro', 80),
(80036, 'Gerace', 80),
(80037, 'Giffone', 80),
(80038, 'Gioia Tauro', 80),
(80039, 'Gioiosa Ionica', 80),
(80040, 'Grotteria', 80),
(80041, 'Laganadi', 80),
(80042, 'Laureana di Borrello', 80),
(80043, 'Locri', 80),
(80044, 'Mammola', 80),
(80045, 'Marina di Gioiosa Ionica', 80),
(80046, 'Maropati', 80),
(80047, 'Martone', 80),
(80048, 'Melicucc&agrave;', 80),
(80049, 'Melicucco', 80),
(80050, 'Melito di Porto Salvo', 80),
(80051, 'Molochio', 80),
(80052, 'Monasterace', 80),
(80053, 'Montebello Ionico', 80),
(80054, 'Motta San Giovanni', 80),
(80055, 'Oppido Mamertina', 80),
(80056, 'Palizzi', 80),
(80057, 'Palmi', 80),
(80058, 'Pazzano', 80),
(80059, 'Placanica', 80),
(80060, 'Plat&igrave;', 80),
(80061, 'Polistena', 80),
(80062, 'Portigliola', 80),
(80063, 'Reggio di Calabria', 80),
(80064, 'Riace', 80),
(80065, 'Rizziconi', 80),
(80066, 'Roccaforte del Greco', 80),
(80067, 'Roccella Ionica', 80),
(80068, 'Roghudi', 80),
(80069, 'Rosarno', 80),
(80070, 'Samo', 80),
(80071, 'San Giorgio Morgeto', 80),
(80072, 'San Giovanni di Gerace', 80),
(80073, 'San Lorenzo', 80),
(80074, 'San Luca', 80),
(80075, 'San Pietro di Carid&agrave;', 80),
(80076, 'San Procopio', 80),
(80077, 'San Roberto', 80),
(80078, 'Santa Cristina d\'Aspromonte', 80),
(80079, 'Sant\'Agata del Bianco', 80),
(80080, 'Sant\'Alessio in Aspromonte', 80),
(80081, 'Sant\'Eufemia d\'Aspromonte', 80),
(80082, 'Sant\'Ilario dello Ionio', 80),
(80083, 'Santo Stefano in Aspromonte', 80),
(80084, 'Scido', 80),
(80085, 'Scilla', 80),
(80086, 'Seminara', 80),
(80087, 'Serrata', 80),
(80088, 'Siderno', 80),
(80089, 'Sinopoli', 80),
(80090, 'Staiti', 80),
(80091, 'Stignano', 80),
(80092, 'Stilo', 80),
(80093, 'Taurianova', 80),
(80094, 'Terranova Sappo Minulio', 80),
(80095, 'Varapodio', 80),
(80096, 'Villa San Giovanni', 80),
(80097, 'San Ferdinando', 80),
(81001, 'Alcamo', 81),
(81002, 'Buseto Palizzolo', 81),
(81003, 'Calatafimi-Segesta', 81),
(81004, 'Campobello di Mazara', 81),
(81005, 'Castellammare del Golfo', 81),
(81006, 'Castelvetrano', 81),
(81007, 'Custonaci', 81),
(81008, 'Erice', 81),
(81009, 'Favignana', 81),
(81010, 'Gibellina', 81),
(81011, 'Marsala', 81),
(81012, 'Mazara del Vallo', 81),
(81013, 'Paceco', 81),
(81014, 'Pantelleria', 81),
(81015, 'Partanna', 81),
(81016, 'Poggioreale', 81),
(81017, 'Salaparuta', 81),
(81018, 'Salemi', 81),
(81019, 'Santa Ninfa', 81),
(81020, 'San Vito Lo Capo', 81),
(81021, 'Trapani', 81),
(81022, 'Valderice', 81),
(81023, 'Vita', 81),
(81024, 'Petrosino', 81),
(82001, 'Alia', 82),
(82002, 'Alimena', 82),
(82003, 'Aliminusa', 82),
(82004, 'Altavilla Milicia', 82),
(82005, 'Altofonte', 82),
(82006, 'Bagheria', 82),
(82007, 'Balestrate', 82),
(82008, 'Baucina', 82),
(82009, 'Belmonte Mezzagno', 82),
(82010, 'Bisacquino', 82),
(82011, 'Bolognetta', 82),
(82012, 'Bompietro', 82),
(82013, 'Borgetto', 82),
(82014, 'Caccamo', 82),
(82015, 'Caltavuturo', 82),
(82016, 'Campofelice di Fitalia', 82),
(82017, 'Campofelice di Roccella', 82),
(82018, 'Campofiorito', 82),
(82019, 'Camporeale', 82),
(82020, 'Capaci', 82),
(82021, 'Carini', 82),
(82022, 'Castelbuono', 82),
(82023, 'Casteldaccia', 82),
(82024, 'Castellana Sicula', 82),
(82025, 'Castronovo di Sicilia', 82),
(82026, 'Cefal&agrave; Diana', 82),
(82027, 'Cefal&ugrave;', 82),
(82028, 'Cerda', 82),
(82029, 'Chiusa Sclafani', 82),
(82030, 'Ciminna', 82),
(82031, 'Cinisi', 82),
(82032, 'Collesano', 82),
(82033, 'Contessa Entellina', 82),
(82034, 'Corleone', 82),
(82035, 'Ficarazzi', 82),
(82036, 'Gangi', 82),
(82037, 'Geraci Siculo', 82),
(82038, 'Giardinello', 82),
(82039, 'Giuliana', 82),
(82040, 'Godrano', 82),
(82041, 'Gratteri', 82),
(82042, 'Isnello', 82),
(82043, 'Isola delle Femmine', 82),
(82044, 'Lascari', 82),
(82045, 'Lercara Friddi', 82),
(82046, 'Marineo', 82),
(82047, 'Mezzojuso', 82),
(82048, 'Misilmeri', 82),
(82049, 'Monreale', 82),
(82050, 'Montelepre', 82),
(82051, 'Montemaggiore Belsito', 82),
(82052, 'Palazzo Adriano', 82),
(82053, 'Palermo', 82),
(82054, 'Partinico', 82),
(82055, 'Petralia Soprana', 82),
(82056, 'Petralia Sottana', 82),
(82057, 'Piana degli Albanesi', 82),
(82058, 'Polizzi Generosa', 82),
(82059, 'Pollina', 82),
(82060, 'Prizzi', 82),
(82061, 'Roccamena', 82),
(82062, 'Roccapalumba', 82),
(82063, 'San Cipirello', 82),
(82064, 'San Giuseppe Jato', 82),
(82065, 'San Mauro Castelverde', 82),
(82066, 'Santa Cristina Gela', 82),
(82067, 'Santa Flavia', 82),
(82068, 'Sciara', 82),
(82069, 'Sclafani Bagni', 82),
(82070, 'Termini Imerese', 82),
(82071, 'Terrasini', 82),
(82072, 'Torretta', 82),
(82073, 'Trabia', 82),
(82074, 'Trappeto', 82),
(82075, 'Ustica', 82),
(82076, 'Valledolmo', 82),
(82077, 'Ventimiglia di Sicilia', 82),
(82078, 'Vicari', 82),
(82079, 'Villabate', 82),
(82080, 'Villafrati', 82),
(82081, 'Scillato', 82),
(82082, 'Blufi', 82),
(83001, 'Alcara li Fusi', 83),
(83002, 'Al&igrave;', 83),
(83003, 'Al&igrave; Terme', 83),
(83004, 'Antillo', 83),
(83005, 'Barcellona Pozzo di Gotto', 83),
(83006, 'Basic&ograve;', 83),
(83007, 'Brolo', 83),
(83008, 'Capizzi', 83),
(83009, 'Capo d\'Orlando', 83),
(83010, 'Capri Leone', 83),
(83011, 'Caronia', 83),
(83012, 'Casalvecchio Siculo', 83),
(83013, 'Castel di Lucio', 83),
(83014, 'Castell\'Umberto', 83),
(83015, 'Castelmola', 83),
(83016, 'Castroreale', 83),
(83017, 'Cesar&ograve;', 83),
(83018, 'Condr&ograve;', 83),
(83019, 'Falcone', 83),
(83020, 'Ficarra', 83),
(83021, 'Fiumedinisi', 83),
(83022, 'Floresta', 83),
(83023, 'Fondachelli-Fantina', 83),
(83024, 'Forza d\'Agr&ograve;', 83),
(83025, 'Francavilla di Sicilia', 83),
(83026, 'Frazzan&ograve;', 83),
(83027, 'Furci Siculo', 83),
(83028, 'Furnari', 83),
(83029, 'Gaggi', 83),
(83030, 'Galati Mamertino', 83),
(83031, 'Gallodoro', 83),
(83032, 'Giardini-Naxos', 83),
(83033, 'Gioiosa Marea', 83),
(83034, 'Graniti', 83),
(83035, 'Gualtieri Sicamin&ograve;', 83),
(83036, 'Itala', 83),
(83037, 'Leni', 83),
(83038, 'Letojanni', 83),
(83039, 'Librizzi', 83),
(83040, 'Limina', 83),
(83041, 'Lipari', 83),
(83042, 'Longi', 83),
(83043, 'Malfa', 83),
(83044, 'Malvagna', 83),
(83045, 'Mandanici', 83),
(83046, 'Mazzarr&agrave; Sant\'Andrea', 83),
(83047, 'Mer&igrave;', 83),
(83048, 'Messina', 83),
(83049, 'Milazzo', 83),
(83050, 'Militello Rosmarino', 83),
(83051, 'Mirto', 83),
(83052, 'Mistretta', 83),
(83053, 'Moio Alcantara', 83),
(83054, 'Monforte San Giorgio', 83),
(83055, 'Mongiuffi Melia', 83),
(83056, 'Montagnareale', 83),
(83057, 'Montalbano Elicona', 83),
(83058, 'Motta Camastra', 83),
(83059, 'Motta d\'Affermo', 83),
(83060, 'Naso', 83),
(83061, 'Nizza di Sicilia', 83),
(83062, 'Novara di Sicilia', 83),
(83063, 'Oliveri', 83),
(83064, 'Pace del Mela', 83),
(83065, 'Pagliara', 83),
(83066, 'Patti', 83),
(83067, 'Pettineo', 83),
(83068, 'Piraino', 83),
(83069, 'Raccuja', 83),
(83070, 'Reitano', 83),
(83071, 'Roccafiorita', 83),
(83072, 'Roccalumera', 83),
(83073, 'Roccavaldina', 83),
(83074, 'Roccella Valdemone', 83),
(83075, 'Rod&igrave; Milici', 83),
(83076, 'Rometta', 83),
(83077, 'San Filippo del Mela', 83),
(83078, 'San Fratello', 83),
(83079, 'San Marco d\'Alunzio', 83),
(83080, 'San Pier Niceto', 83),
(83081, 'San Piero Patti', 83),
(83082, 'San Salvatore di Fitalia', 83),
(83083, 'Santa Domenica Vittoria', 83),
(83084, 'Sant\'Agata di Militello', 83),
(83085, 'Sant\'Alessio Siculo', 83),
(83086, 'Santa Lucia del Mela', 83),
(83087, 'Santa Marina Salina', 83),
(83088, 'Sant\'Angelo di Brolo', 83),
(83089, 'Santa Teresa di Riva', 83),
(83090, 'San Teodoro', 83),
(83091, 'Santo Stefano di Camastra', 83),
(83092, 'Saponara', 83),
(83093, 'Savoca', 83),
(83094, 'Scaletta Zanclea', 83),
(83095, 'Sinagra', 83),
(83096, 'Spadafora', 83),
(83097, 'Taormina', 83),
(83098, 'Torregrotta', 83),
(83099, 'Tortorici', 83),
(83100, 'Tripi', 83),
(83101, 'Tusa', 83),
(83102, 'Ucria', 83),
(83103, 'Valdina', 83),
(83104, 'Venetico', 83),
(83105, 'Villafranca Tirrena', 83),
(83106, 'Terme Vigliatore', 83),
(83107, 'Acquedolci', 83),
(83108, 'Torrenova', 83),
(84001, 'Agrigento', 84),
(84002, 'Alessandria della Rocca', 84),
(84003, 'Aragona', 84),
(84004, 'Bivona', 84),
(84005, 'Burgio', 84),
(84006, 'Calamonaci', 84),
(84007, 'Caltabellotta', 84),
(84008, 'Camastra', 84),
(84009, 'Cammarata', 84),
(84010, 'Campobello di Licata', 84),
(84011, 'Canicatt&igrave;', 84),
(84012, 'Casteltermini', 84),
(84013, 'Castrofilippo', 84),
(84014, 'Cattolica Eraclea', 84),
(84015, 'Cianciana', 84),
(84016, 'Comitini', 84),
(84017, 'Favara', 84),
(84018, 'Grotte', 84),
(84019, 'Joppolo Giancaxio', 84),
(84020, 'Lampedusa e Linosa', 84),
(84021, 'Licata', 84),
(84022, 'Lucca Sicula', 84),
(84023, 'Menfi', 84),
(84024, 'Montallegro', 84),
(84025, 'Montevago', 84),
(84026, 'Naro', 84),
(84027, 'Palma di Montechiaro', 84),
(84028, 'Porto Empedocle', 84),
(84029, 'Racalmuto', 84),
(84030, 'Raffadali', 84),
(84031, 'Ravanusa', 84),
(84032, 'Realmonte', 84),
(84033, 'Ribera', 84),
(84034, 'Sambuca di Sicilia', 84),
(84035, 'San Biagio Platani', 84),
(84036, 'San Giovanni Gemini', 84),
(84037, 'Santa Elisabetta', 84),
(84038, 'Santa Margherita di Belice', 84),
(84039, 'Sant\'Angelo Muxaro', 84),
(84040, 'Santo Stefano Quisquina', 84),
(84041, 'Sciacca', 84),
(84042, 'Siculiana', 84),
(84043, 'Villafranca Sicula', 84),
(85001, 'Acquaviva Platani', 85),
(85002, 'Bompensiere', 85),
(85003, 'Butera', 85),
(85004, 'Caltanissetta', 85),
(85005, 'Campofranco', 85),
(85006, 'Delia', 85),
(85007, 'Gela', 85),
(85008, 'Marianopoli', 85),
(85009, 'Mazzarino', 85),
(85010, 'Milena', 85),
(85011, 'Montedoro', 85),
(85012, 'Mussomeli', 85),
(85013, 'Niscemi', 85),
(85014, 'Resuttano', 85),
(85015, 'Riesi', 85),
(85016, 'San Cataldo', 85),
(85017, 'Santa Caterina Villarmosa', 85),
(85018, 'Serradifalco', 85),
(85019, 'Sommatino', 85),
(85020, 'Sutera', 85),
(85021, 'Vallelunga Pratameno', 85),
(85022, 'Villalba', 85),
(86001, 'Agira', 86),
(86002, 'Aidone', 86),
(86003, 'Assoro', 86),
(86004, 'Barrafranca', 86),
(86005, 'Calascibetta', 86),
(86006, 'Catenanuova', 86),
(86007, 'Centuripe', 86),
(86008, 'Cerami', 86),
(86009, 'Enna', 86),
(86010, 'Gagliano Castelferrato', 86),
(86011, 'Leonforte', 86),
(86012, 'Nicosia', 86),
(86013, 'Nissoria', 86),
(86014, 'Piazza Armerina', 86),
(86015, 'Pietraperzia', 86),
(86016, 'Regalbuto', 86),
(86017, 'Sperlinga', 86),
(86018, 'Troina', 86),
(86019, 'Valguarnera Caropepe', 86),
(86020, 'Villarosa', 86),
(87001, 'Aci Bonaccorsi', 87),
(87002, 'Aci Castello', 87),
(87003, 'Aci Catena', 87),
(87004, 'Acireale', 87),
(87005, 'Aci Sant\'Antonio', 87),
(87006, 'Adrano', 87),
(87007, 'Belpasso', 87),
(87008, 'Biancavilla', 87),
(87009, 'Bronte', 87),
(87010, 'Calatabiano', 87),
(87011, 'Caltagirone', 87),
(87012, 'Camporotondo Etneo', 87),
(87013, 'Castel di Iudica', 87),
(87014, 'Castiglione di Sicilia', 87),
(87015, 'Catania', 87),
(87016, 'Fiumefreddo di Sicilia', 87),
(87017, 'Giarre', 87),
(87018, 'Grammichele', 87),
(87019, 'Gravina di Catania', 87),
(87020, 'Licodia Eubea', 87),
(87021, 'Linguaglossa', 87),
(87022, 'Maletto', 87),
(87023, 'Mascali', 87),
(87024, 'Mascalucia', 87),
(87025, 'Militello in Val di Catania', 87),
(87026, 'Milo', 87),
(87027, 'Mineo', 87),
(87028, 'Mirabella Imbaccari', 87),
(87029, 'Misterbianco', 87),
(87030, 'Motta Sant\'Anastasia', 87),
(87031, 'Nicolosi', 87),
(87032, 'Palagonia', 87),
(87033, 'Patern&ograve;', 87),
(87034, 'Pedara', 87),
(87035, 'Piedimonte Etneo', 87),
(87036, 'Raddusa', 87),
(87037, 'Ramacca', 87),
(87038, 'Randazzo', 87),
(87039, 'Riposto', 87),
(87040, 'San Cono', 87),
(87041, 'San Giovanni la Punta', 87),
(87042, 'San Gregorio di Catania', 87),
(87043, 'San Michele di Ganzaria', 87),
(87044, 'San Pietro Clarenza', 87),
(87045, 'Sant\'Agata li Battiati', 87),
(87046, 'Sant\'Alfio', 87),
(87047, 'Santa Maria di Licodia', 87),
(87048, 'Santa Venerina', 87),
(87049, 'Scordia', 87),
(87050, 'Trecastagni', 87),
(87051, 'Tremestieri Etneo', 87),
(87052, 'Valverde', 87),
(87053, 'Viagrande', 87),
(87054, 'Vizzini', 87),
(87055, 'Zafferana Etnea', 87),
(87056, 'Mazzarrone', 87),
(87057, 'Maniace', 87),
(87058, 'Ragalna', 87),
(88001, 'Acate', 88),
(88002, 'Chiaramonte Gulfi', 88),
(88003, 'Comiso', 88),
(88004, 'Giarratana', 88),
(88005, 'Ispica', 88),
(88006, 'Modica', 88),
(88007, 'Monterosso Almo', 88),
(88008, 'Pozzallo', 88),
(88009, 'Ragusa', 88),
(88010, 'Santa Croce Camerina', 88),
(88011, 'Scicli', 88),
(88012, 'Vittoria', 88),
(89001, 'Augusta', 89),
(89002, 'Avola', 89),
(89003, 'Buccheri', 89),
(89004, 'Buscemi', 89),
(89005, 'Canicattini Bagni', 89),
(89006, 'Carlentini', 89),
(89007, 'Cassaro', 89),
(89008, 'Ferla', 89),
(89009, 'Floridia', 89),
(89010, 'Francofonte', 89),
(89011, 'Lentini', 89),
(89012, 'Melilli', 89),
(89013, 'Noto', 89),
(89014, 'Pachino', 89),
(89015, 'Palazzolo Acreide', 89),
(89016, 'Rosolini', 89),
(89017, 'Siracusa', 89),
(89018, 'Solarino', 89),
(89019, 'Sortino', 89),
(89020, 'Portopalo di Capo Passero', 89),
(89021, 'Priolo Gargallo', 89),
(90003, 'Alghero', 90),
(90004, 'Anela', 90),
(90005, 'Ardara', 90),
(90007, 'Banari', 90),
(90008, 'Benetutti', 90),
(90010, 'Bessude', 90),
(90011, 'Bonnanaro', 90),
(90012, 'Bono', 90),
(90013, 'Bonorva', 90),
(90015, 'Borutta', 90),
(90016, 'Bottidda', 90),
(90018, 'Bultei', 90),
(90019, 'Bulzi', 90),
(90020, 'Burgos', 90),
(90022, 'Cargeghe', 90),
(90023, 'Castelsardo', 90),
(90024, 'Cheremule', 90),
(90025, 'Chiaramonti', 90),
(90026, 'Codrongianos', 90),
(90027, 'Cossoine', 90),
(90028, 'Esporlatu', 90),
(90029, 'Florinas', 90),
(90030, 'Giave', 90),
(90031, 'Illorai', 90),
(90032, 'Ittireddu', 90),
(90033, 'Ittiri', 90),
(90034, 'Laerru', 90),
(90038, 'Mara', 90),
(90039, 'Martis', 90),
(90040, 'Monteleone Rocca Doria', 90),
(90042, 'Mores', 90),
(90043, 'Muros', 90),
(90044, 'Nughedu San Nicol&ograve;', 90),
(90045, 'Nule', 90),
(90046, 'Nulvi', 90),
(90048, 'Olmedo', 90),
(90050, 'Osilo', 90),
(90051, 'Ossi', 90),
(90052, 'Ozieri', 90),
(90053, 'Padria', 90),
(90055, 'Pattada', 90),
(90056, 'Perfugas', 90),
(90057, 'Ploaghe', 90),
(90058, 'Porto Torres', 90),
(90059, 'Pozzomaggiore', 90),
(90060, 'Putifigari', 90),
(90061, 'Romana', 90),
(90064, 'Sassari', 90),
(90065, 'Sedini', 90),
(90066, 'Semestene', 90),
(90067, 'Sennori', 90),
(90068, 'Siligo', 90),
(90069, 'Sorso', 90),
(90071, 'Thiesi', 90),
(90072, 'Tissi', 90),
(90073, 'Torralba', 90),
(90075, 'Tula', 90),
(90076, 'Uri', 90),
(90077, 'Usini', 90),
(90078, 'Villanova Monteleone', 90),
(90079, 'Valledoria', 90),
(90082, 'Viddalba', 90),
(90086, 'Tergu', 90),
(90087, 'Santa Maria Coghinas', 90),
(90088, 'Erula', 90),
(90089, 'Stintino', 90),
(91001, 'Aritzo', 91),
(91003, 'Atzara', 91),
(91004, 'Austis', 91),
(91007, 'Belv&igrave;', 91),
(91008, 'Birori', 91),
(91009, 'Bitti', 91),
(91010, 'Bolotana', 91),
(91011, 'Borore', 91),
(91012, 'Bortigali', 91),
(91016, 'Desulo', 91),
(91017, 'Dorgali', 91),
(91018, 'Dualchi', 91),
(91024, 'Fonni', 91),
(91025, 'Gadoni', 91),
(91027, 'Galtell&igrave;', 91),
(91028, 'Gavoi', 91),
(91033, 'Irgoli', 91),
(91038, 'Lei', 91),
(91040, 'Loculi', 91),
(91041, 'Lod&egrave;', 91),
(91043, 'Lula', 91),
(91044, 'Macomer', 91),
(91046, 'Mamoiada', 91),
(91047, 'Meana Sardo', 91),
(91050, 'Noragugume', 91),
(91051, 'Nuoro', 91),
(91055, 'Oliena', 91),
(91056, 'Ollolai', 91),
(91057, 'Olzai', 91),
(91058, 'Onan&igrave;', 91),
(91059, 'Onifai', 91),
(91060, 'Oniferi', 91),
(91061, 'Orani', 91),
(91062, 'Orgosolo', 91),
(91063, 'Orosei', 91),
(91064, 'Orotelli', 91),
(91066, 'Ortueri', 91),
(91067, 'Orune', 91),
(91068, 'Osidda', 91),
(91070, 'Ottana', 91),
(91071, 'Ovodda', 91),
(91073, 'Posada', 91),
(91077, 'Sarule', 91),
(91083, 'Silanus', 91),
(91084, 'Sindia', 91),
(91085, 'Siniscola', 91),
(91086, 'Sorgono', 91),
(91090, 'Teti', 91),
(91091, 'Tiana', 91),
(91093, 'Tonara', 91),
(91094, 'Torp&egrave;', 91),
(91104, 'Lodine', 91),
(92002, 'Armungia', 92),
(92003, 'Assemini', 92),
(92004, 'Ballao', 92),
(92005, 'Barrali', 92),
(92008, 'Burcei', 92),
(92009, 'Cagliari', 92),
(92011, 'Capoterra', 92),
(92015, 'Decimomannu', 92),
(92016, 'Decimoputzu', 92),
(92017, 'Dolianova', 92),
(92018, 'Domus de Maria', 92),
(92020, 'Donori', 92),
(92024, 'Gesico', 92),
(92027, 'Goni', 92),
(92030, 'Guamaggiore', 92),
(92031, 'Guasila', 92),
(92036, 'Mandas', 92),
(92037, 'Maracalagonis', 92),
(92038, 'Monastir', 92),
(92039, 'Muravera', 92),
(92042, 'Nuraminis', 92),
(92044, 'Ortacesus', 92),
(92048, 'Pimentel', 92),
(92050, 'Pula', 92),
(92051, 'Quartu Sant\'Elena', 92),
(92053, 'Samatzai', 92),
(92054, 'San Basilio', 92),
(92058, 'San Nicol&ograve; Gerrei', 92),
(92059, 'San Sperate', 92),
(92061, 'Sant\'Andrea Frius', 92),
(92064, 'San Vito', 92),
(92066, 'Sarroch', 92),
(92068, 'Selargius', 92),
(92069, 'Selegas', 92),
(92070, 'Senorb&igrave;', 92),
(92071, 'Serdiana', 92),
(92074, 'Sestu', 92),
(92075, 'Settimo San Pietro', 92),
(92078, 'Siliqua', 92),
(92079, 'Silius', 92),
(92080, 'Sinnai', 92),
(92081, 'Siurgus Donigala', 92),
(92082, 'Soleminis', 92),
(92083, 'Suelli', 92),
(92084, 'Teulada', 92),
(92088, 'Ussana', 92),
(92090, 'Uta', 92),
(92091, 'Vallermosa', 92),
(92097, 'Villaputzu', 92),
(92098, 'Villasalto', 92),
(92099, 'Villa San Pietro', 92),
(92100, 'Villasimius', 92),
(92101, 'Villasor', 92),
(92102, 'Villaspeciosa', 92),
(92105, 'Quartucciu', 92),
(92106, 'Castiadas', 92),
(92108, 'Elmas', 92),
(92109, 'Monserrato', 92),
(92110, 'Escalaplano', 92),
(92111, 'Escolca', 92),
(92112, 'Esterzili', 92),
(92113, 'Gergei', 92),
(92114, 'Isili', 92),
(92115, 'Nuragus', 92),
(92116, 'Nurallao', 92),
(92117, 'Nurri', 92),
(92118, 'Orroli', 92),
(92119, 'Sadali', 92),
(92120, 'Serri', 92),
(92121, 'Seulo', 92),
(92122, 'Villanova Tulo', 92),
(93001, 'Andreis', 93),
(93002, 'Arba', 93),
(93003, 'Arzene', 93),
(93004, 'Aviano', 93),
(93005, 'Azzano Decimo', 93),
(93006, 'Barcis', 93),
(93007, 'Brugnera', 93),
(93008, 'Budoia', 93),
(93009, 'Caneva', 93),
(93010, 'Casarsa della Delizia', 93),
(93011, 'Castelnovo del Friuli', 93),
(93012, 'Cavasso Nuovo', 93),
(93013, 'Chions', 93),
(93014, 'Cimolais', 93),
(93015, 'Claut', 93),
(93016, 'Clauzetto', 93),
(93017, 'Cordenons', 93),
(93018, 'Cordovado', 93),
(93019, 'Erto e Casso', 93),
(93020, 'Fanna', 93),
(93021, 'Fiume Veneto', 93),
(93022, 'Fontanafredda', 93),
(93024, 'Frisanco', 93),
(93025, 'Maniago', 93),
(93026, 'Meduno', 93),
(93027, 'Montereale Valcellina', 93),
(93028, 'Morsano al Tagliamento', 93),
(93029, 'Pasiano di Pordenone', 93),
(93030, 'Pinzano al Tagliamento', 93),
(93031, 'Polcenigo', 93),
(93032, 'Porcia', 93),
(93033, 'Pordenone', 93),
(93034, 'Prata di Pordenone', 93),
(93035, 'Pravisdomini', 93),
(93036, 'Roveredo in Piano', 93),
(93037, 'Sacile', 93),
(93038, 'San Giorgio della Richinvelda', 93),
(93039, 'San Martino al Tagliamento', 93),
(93040, 'San Quirino', 93),
(93041, 'San Vito al Tagliamento', 93),
(93042, 'Sequals', 93),
(93043, 'Sesto al Reghena', 93),
(93044, 'Spilimbergo', 93),
(93045, 'Tramonti di Sopra', 93),
(93046, 'Tramonti di Sotto', 93),
(93047, 'Travesio', 93),
(93048, 'Valvasone', 93),
(93049, 'Vito d\'Asio', 93),
(93050, 'Vivaro', 93),
(93051, 'Zoppola', 93),
(93052, 'Vajont', 93),
(94001, 'Acquaviva d\'Isernia', 94),
(94002, 'Agnone', 94),
(94003, 'Bagnoli del Trigno', 94),
(94004, 'Belmonte del Sannio', 94),
(94005, 'Cantalupo nel Sannio', 94),
(94006, 'Capracotta', 94),
(94007, 'Carovilli', 94),
(94008, 'Carpinone', 94),
(94009, 'Castel del Giudice', 94),
(94010, 'Castelpetroso', 94),
(94011, 'Castelpizzuto', 94),
(94012, 'Castel San Vincenzo', 94),
(94013, 'Castelverrino', 94),
(94014, 'Cerro al Volturno', 94),
(94015, 'Chiauci', 94),
(94016, 'Civitanova del Sannio', 94),
(94017, 'Colli a Volturno', 94),
(94018, 'Conca Casale', 94),
(94019, 'Filignano', 94),
(94020, 'Forl&igrave; del Sannio', 94),
(94021, 'Fornelli', 94),
(94022, 'Frosolone', 94),
(94023, 'Isernia', 94),
(94024, 'Longano', 94),
(94025, 'Macchia d\'Isernia', 94),
(94026, 'Macchiagodena', 94),
(94027, 'Miranda', 94),
(94028, 'Montaquila', 94),
(94029, 'Montenero Val Cocchiara', 94),
(94030, 'Monteroduni', 94),
(94031, 'Pesche', 94),
(94032, 'Pescolanciano', 94),
(94033, 'Pescopennataro', 94),
(94034, 'Pettoranello del Molise', 94),
(94035, 'Pietrabbondante', 94),
(94036, 'Pizzone', 94),
(94037, 'Poggio Sannita', 94),
(94038, 'Pozzilli', 94),
(94039, 'Rionero Sannitico', 94),
(94040, 'Roccamandolfi', 94),
(94041, 'Roccasicura', 94),
(94042, 'Rocchetta a Volturno', 94),
(94043, 'San Pietro Avellana', 94),
(94044, 'Sant\'Agapito', 94),
(94045, 'Santa Maria del Molise', 94),
(94046, 'Sant\'Angelo del Pesco', 94),
(94047, 'Sant\'Elena Sannita', 94),
(94048, 'Scapoli', 94),
(94049, 'Sessano del Molise', 94),
(94050, 'Sesto Campano', 94),
(94051, 'Vastogirardi', 94),
(94052, 'Venafro', 94),
(95001, 'Abbasanta', 95),
(95002, 'Aidomaggiore', 95),
(95003, 'Albagiara', 95),
(95004, 'Ales', 95),
(95005, 'Allai', 95),
(95006, 'Arborea', 95),
(95007, 'Ardauli', 95),
(95008, 'Assolo', 95),
(95009, 'Asuni', 95),
(95010, 'Baradili', 95),
(95011, 'Baratili San Pietro', 95),
(95012, 'Baressa', 95),
(95013, 'Bauladu', 95),
(95014, 'Bidon&igrave;', 95),
(95015, 'Bonarcado', 95),
(95016, 'Boroneddu', 95),
(95017, 'Busachi', 95),
(95018, 'Cabras', 95),
(95019, 'Cuglieri', 95),
(95020, 'Fordongianus', 95),
(95021, 'Ghilarza', 95),
(95022, 'Gonnoscodina', 95),
(95023, 'Gonnosn&ograve;', 95),
(95024, 'Gonnostramatza', 95),
(95025, 'Marrubiu', 95),
(95026, 'Masullas', 95),
(95027, 'Milis', 95),
(95028, 'Mogorella', 95),
(95029, 'Mogoro', 95),
(95030, 'Morgongiori', 95),
(95031, 'Narbolia', 95),
(95032, 'Neoneli', 95),
(95033, 'Norbello', 95),
(95034, 'Nughedu Santa Vittoria', 95),
(95035, 'Nurachi', 95),
(95036, 'Nureci', 95),
(95037, 'Ollastra', 95),
(95038, 'Oristano', 95),
(95039, 'Palmas Arborea', 95),
(95040, 'Pau', 95),
(95041, 'Paulilatino', 95),
(95042, 'Pompu', 95),
(95043, 'Riola Sardo', 95),
(95044, 'Ruinas', 95),
(95045, 'Samugheo', 95),
(95046, 'San Nicol&ograve; d\'Arcidano', 95),
(95047, 'Santa Giusta', 95),
(95048, 'Villa Sant\'Antonio', 95),
(95049, 'Santu Lussurgiu', 95),
(95050, 'San Vero Milis', 95),
(95051, 'Scano di Montiferro', 95),
(95052, 'Sedilo', 95),
(95053, 'Seneghe', 95),
(95054, 'Senis', 95),
(95055, 'Sennariolo', 95),
(95056, 'Siamaggiore', 95),
(95057, 'Siamanna', 95),
(95058, 'Simala', 95),
(95059, 'Simaxis', 95),
(95060, 'Sini', 95),
(95061, 'Siris', 95),
(95062, 'Solarussa', 95),
(95063, 'Sorradile', 95),
(95064, 'Tadasuni', 95),
(95065, 'Terralba', 95),
(95066, 'Tramatza', 95),
(95067, 'Tresnuraghes', 95),
(95068, 'Ul&agrave; Tirso', 95),
(95069, 'Uras', 95),
(95070, 'Usellus', 95),
(95071, 'Villanova Truschedu', 95),
(95072, 'Villaurbana', 95),
(95073, 'Villa Verde', 95),
(95074, 'Zeddiani', 95),
(95075, 'Zerfaliu', 95),
(95076, 'Siapiccia', 95),
(95077, 'Curcuris', 95),
(95078, 'Sodd&igrave;', 95),
(95079, 'Bosa', 95),
(95080, 'Flussio', 95),
(95081, 'Genoni', 95),
(95082, 'Laconi', 95),
(95083, 'Magomadas', 95),
(95084, 'Modolo', 95),
(95085, 'Montresta', 95),
(95086, 'Sagama', 95),
(95087, 'Suni', 95),
(95088, 'Tinnura', 95),
(96001, 'Ailoche', 96),
(96002, 'Andorno Micca', 96),
(96003, 'Benna', 96),
(96004, 'Biella', 96),
(96005, 'Bioglio', 96),
(96006, 'Borriana', 96),
(96007, 'Brusnengo', 96),
(96008, 'Callabiana', 96),
(96009, 'Camandona', 96),
(96010, 'Camburzano', 96),
(96011, 'Campiglia Cervo', 96),
(96012, 'Candelo', 96),
(96013, 'Caprile', 96),
(96014, 'Casapinta', 96),
(96015, 'Castelletto Cervo', 96),
(96016, 'Cavagli&agrave;', 96),
(96017, 'Cerreto Castello', 96),
(96018, 'Cerrione', 96),
(96019, 'Coggiola', 96),
(96020, 'Cossato', 96),
(96021, 'Crevacuore', 96),
(96022, 'Crosa', 96),
(96023, 'Curino', 96),
(96024, 'Donato', 96),
(96025, 'Dorzano', 96),
(96026, 'Gaglianico', 96),
(96027, 'Gifflenga', 96),
(96028, 'Graglia', 96),
(96029, 'Lessona', 96),
(96030, 'Magnano', 96),
(96031, 'Massazza', 96),
(96032, 'Masserano', 96),
(96033, 'Mezzana Mortigliengo', 96),
(96034, 'Miagliano', 96),
(96035, 'Mongrando', 96),
(96037, 'Mottalciata', 96),
(96038, 'Muzzano', 96),
(96039, 'Netro', 96),
(96040, 'Occhieppo Inferiore', 96),
(96041, 'Occhieppo Superiore', 96),
(96042, 'Pettinengo', 96),
(96043, 'Piatto', 96),
(96044, 'Piedicavallo', 96),
(96046, 'Pollone', 96),
(96047, 'Ponderano', 96),
(96048, 'Portula', 96),
(96049, 'Pralungo', 96),
(96050, 'Pray', 96),
(96051, 'Quaregna', 96),
(96052, 'Quittengo', 96),
(96053, 'Ronco Biellese', 96),
(96054, 'Roppolo', 96),
(96055, 'Rosazza', 96),
(96056, 'Sagliano Micca', 96),
(96057, 'Sala Biellese', 96),
(96058, 'Salussola', 96),
(96059, 'Sandigliano', 96),
(96060, 'San Paolo Cervo', 96),
(96061, 'Selve Marcone', 96),
(96062, 'Soprana', 96),
(96063, 'Sordevolo', 96),
(96064, 'Sostegno', 96),
(96065, 'Strona', 96),
(96066, 'Tavigliano', 96),
(96067, 'Ternengo', 96),
(96068, 'Tollegno', 96),
(96069, 'Torrazzo', 96),
(96070, 'Trivero', 96),
(96071, 'Valdengo', 96),
(96072, 'Vallanzengo', 96),
(96073, 'Valle Mosso', 96),
(96074, 'Valle San Nicolao', 96),
(96075, 'Veglio', 96),
(96076, 'Verrone', 96),
(96077, 'Vigliano Biellese', 96),
(96078, 'Villa del Bosco', 96),
(96079, 'Villanova Biellese', 96),
(96080, 'Viverone', 96),
(96081, 'Zimone', 96),
(96082, 'Zubiena', 96),
(96083, 'Zumaglia', 96),
(96084, 'Mosso', 96),
(97001, 'Abbadia Lariana', 97),
(97002, 'Airuno', 97),
(97003, 'Annone di Brianza', 97),
(97004, 'Ballabio', 97),
(97005, 'Barzago', 97),
(97006, 'Barzan&ograve;', 97),
(97007, 'Barzio', 97),
(97008, 'Bellano', 97),
(97009, 'Bosisio Parini', 97),
(97010, 'Brivio', 97),
(97011, 'Bulciago', 97),
(97012, 'Calco', 97),
(97013, 'Calolziocorte', 97),
(97014, 'Carenno', 97),
(97015, 'Casargo', 97),
(97016, 'Casatenovo', 97),
(97017, 'Cassago Brianza', 97),
(97018, 'Cassina Valsassina', 97),
(97019, 'Castello di Brianza', 97),
(97020, 'Cernusco Lombardone', 97),
(97021, 'Cesana Brianza', 97),
(97022, 'Civate', 97),
(97023, 'Colico', 97),
(97024, 'Colle Brianza', 97),
(97025, 'Cortenova', 97),
(97026, 'Costa Masnaga', 97),
(97027, 'Crandola Valsassina', 97),
(97028, 'Cremella', 97),
(97029, 'Cremeno', 97),
(97030, 'Dervio', 97),
(97031, 'Dolzago', 97),
(97032, 'Dorio', 97),
(97033, 'Ello', 97),
(97034, 'Erve', 97),
(97035, 'Esino Lario', 97),
(97036, 'Galbiate', 97),
(97037, 'Garbagnate Monastero', 97),
(97038, 'Garlate', 97),
(97039, 'Imbersago', 97),
(97040, 'Introbio', 97),
(97041, 'Introzzo', 97),
(97042, 'Lecco', 97),
(97043, 'Lierna', 97),
(97044, 'Lomagna', 97),
(97045, 'Malgrate', 97),
(97046, 'Mandello del Lario', 97),
(97047, 'Margno', 97),
(97048, 'Merate', 97),
(97049, 'Missaglia', 97),
(97050, 'Moggio', 97),
(97051, 'Molteno', 97),
(97052, 'Monte Marenzo', 97),
(97053, 'Montevecchia', 97),
(97054, 'Monticello Brianza', 97),
(97055, 'Morterone', 97),
(97056, 'Nibionno', 97),
(97057, 'Oggiono', 97),
(97058, 'Olgiate Molgora', 97),
(97059, 'Olginate', 97),
(97060, 'Oliveto Lario', 97),
(97061, 'Osnago', 97),
(97062, 'Paderno d\'Adda', 97),
(97063, 'Pagnona', 97),
(97064, 'Parlasco', 97),
(97065, 'Pasturo', 97),
(97066, 'Perego', 97),
(97067, 'Perledo', 97),
(97068, 'Pescate', 97),
(97069, 'Premana', 97),
(97070, 'Primaluna', 97),
(97071, 'Robbiate', 97),
(97072, 'Rogeno', 97),
(97073, 'Rovagnate', 97),
(97074, 'Santa Maria Ho&egrave;', 97),
(97075, 'Sirone', 97),
(97076, 'Sirtori', 97),
(97077, 'Sueglio', 97),
(97078, 'Suello', 97),
(97079, 'Taceno', 97),
(97080, 'Torre de\' Busi', 97),
(97081, 'Tremenico', 97),
(97082, 'Valgreghentino', 97),
(97083, 'Valmadrera', 97),
(97084, 'Varenna', 97),
(97085, 'Vendrogno', 97),
(97086, 'Vercurago', 97),
(97087, 'Verderio Inferiore', 97),
(97088, 'Verderio Superiore', 97),
(97089, 'Vestreno', 97),
(97090, 'Vigan&ograve;', 97),
(98001, 'Abbadia Cerreto', 98),
(98002, 'Bertonico', 98),
(98003, 'Boffalora d\'Adda', 98),
(98004, 'Borghetto Lodigiano', 98),
(98005, 'Borgo San Giovanni', 98),
(98006, 'Brembio', 98),
(98007, 'Camairago', 98),
(98008, 'Casaletto Lodigiano', 98),
(98009, 'Casalmaiocco', 98),
(98010, 'Casalpusterlengo', 98),
(98011, 'Caselle Landi', 98),
(98012, 'Caselle Lurani', 98),
(98013, 'Castelnuovo Bocca d\'Adda', 98),
(98014, 'Castiglione d\'Adda', 98),
(98015, 'Castiraga Vidardo', 98),
(98016, 'Cavacurta', 98),
(98017, 'Cavenago d\'Adda', 98),
(98018, 'Cervignano d\'Adda', 98),
(98019, 'Codogno', 98),
(98020, 'Comazzo', 98),
(98021, 'Cornegliano Laudense', 98),
(98022, 'Corno Giovine', 98),
(98023, 'Cornovecchio', 98),
(98024, 'Corte Palasio', 98),
(98025, 'Crespiatica', 98),
(98026, 'Fombio', 98),
(98027, 'Galgagnano', 98),
(98028, 'Graffignana', 98),
(98029, 'Guardamiglio', 98),
(98030, 'Livraga', 98),
(98031, 'Lodi', 98),
(98032, 'Lodi Vecchio', 98),
(98033, 'Maccastorna', 98),
(98034, 'Mairago', 98),
(98035, 'Maleo', 98),
(98036, 'Marudo', 98),
(98037, 'Massalengo', 98),
(98038, 'Meleti', 98),
(98039, 'Merlino', 98),
(98040, 'Montanaso Lombardo', 98),
(98041, 'Mulazzano', 98),
(98042, 'Orio Litta', 98),
(98043, 'Ospedaletto Lodigiano', 98),
(98044, 'Ossago Lodigiano', 98),
(98045, 'Pieve Fissiraga', 98),
(98046, 'Salerano sul Lambro', 98),
(98047, 'San Fiorano', 98),
(98048, 'San Martino in Strada', 98),
(98049, 'San Rocco al Porto', 98),
(98050, 'Sant\'Angelo Lodigiano', 98),
(98051, 'Santo Stefano Lodigiano', 98),
(98052, 'Secugnago', 98),
(98053, 'Senna Lodigiana', 98),
(98054, 'Somaglia', 98),
(98055, 'Sordio', 98),
(98056, 'Tavazzano con Villavesco', 98),
(98057, 'Terranova dei Passerini', 98),
(98058, 'Turano Lodigiano', 98),
(98059, 'Valera Fratta', 98),
(98060, 'Villanova del Sillaro', 98),
(98061, 'Zelo Buon Persico', 98),
(99001, 'Bellaria-Igea Marina', 99),
(99002, 'Cattolica', 99),
(99003, 'Coriano', 99),
(99004, 'Gemmano', 99),
(99005, 'Misano Adriatico', 99),
(99006, 'Mondaino', 99),
(99007, 'Monte Colombo', 99),
(99008, 'Montefiore Conca', 99),
(99009, 'Montegridolfo', 99),
(99010, 'Montescudo', 99),
(99011, 'Morciano di Romagna', 99),
(99012, 'Poggio Berni', 99),
(99013, 'Riccione', 99),
(99014, 'Rimini', 99),
(99015, 'Saludecio', 99),
(99016, 'San Clemente', 99),
(99017, 'San Giovanni in Marignano', 99),
(99018, 'Santarcangelo di Romagna', 99),
(99019, 'Torriana', 99),
(99020, 'Verucchio', 99),
(99021, 'Casteldelci', 99),
(99022, 'Maiolo', 99),
(99023, 'Novafeltria', 99),
(99024, 'Pennabilli', 99),
(99025, 'San Leo', 99),
(99026, 'Sant\'Agata Feltria', 99),
(99027, 'Talamello', 99),
(100001, 'Cantagallo', 100),
(100002, 'Carmignano', 100),
(100003, 'Montemurlo', 100),
(100004, 'Poggio a Caiano', 100),
(100005, 'Prato', 100),
(100006, 'Vaiano', 100),
(100007, 'Vernio', 100),
(101001, 'Belvedere di Spinello', 101),
(101002, 'Caccuri', 101),
(101003, 'Carfizzi', 101),
(101004, 'Casabona', 101),
(101005, 'Castelsilano', 101),
(101006, 'Cerenzia', 101),
(101007, 'Cir&ograve;', 101);
INSERT INTO `comuni` (`id`, `nome`, `id_provincia`) VALUES
(101008, 'Cir&ograve; Marina', 101),
(101009, 'Cotronei', 101),
(101010, 'Crotone', 101),
(101011, 'Crucoli', 101),
(101012, 'Cutro', 101),
(101013, 'Isola di Capo Rizzuto', 101),
(101014, 'Melissa', 101),
(101015, 'Mesoraca', 101),
(101016, 'Pallagorio', 101),
(101017, 'Petilia Policastro', 101),
(101018, 'Roccabernarda', 101),
(101019, 'Rocca di Neto', 101),
(101020, 'San Mauro Marchesato', 101),
(101021, 'San Nicola dell\'Alto', 101),
(101022, 'Santa Severina', 101),
(101023, 'Savelli', 101),
(101024, 'Scandale', 101),
(101025, 'Strongoli', 101),
(101026, 'Umbriatico', 101),
(101027, 'Verzino', 101),
(102001, 'Acquaro', 102),
(102002, 'Arena', 102),
(102003, 'Briatico', 102),
(102004, 'Brognaturo', 102),
(102005, 'Capistrano', 102),
(102006, 'Cessaniti', 102),
(102007, 'Das&agrave;', 102),
(102008, 'Dinami', 102),
(102009, 'Drapia', 102),
(102010, 'Fabrizia', 102),
(102011, 'Filadelfia', 102),
(102012, 'Filandari', 102),
(102013, 'Filogaso', 102),
(102014, 'Francavilla Angitola', 102),
(102015, 'Francica', 102),
(102016, 'Gerocarne', 102),
(102017, 'Ionadi', 102),
(102018, 'Joppolo', 102),
(102019, 'Limbadi', 102),
(102020, 'Maierato', 102),
(102021, 'Mileto', 102),
(102022, 'Mongiana', 102),
(102023, 'Monterosso Calabro', 102),
(102024, 'Nardodipace', 102),
(102025, 'Nicotera', 102),
(102026, 'Parghelia', 102),
(102027, 'Pizzo', 102),
(102028, 'Pizzoni', 102),
(102029, 'Polia', 102),
(102030, 'Ricadi', 102),
(102031, 'Rombiolo', 102),
(102032, 'San Calogero', 102),
(102033, 'San Costantino Calabro', 102),
(102034, 'San Gregorio d\'Ippona', 102),
(102035, 'San Nicola da Crissa', 102),
(102036, 'Sant\'Onofrio', 102),
(102037, 'Serra San Bruno', 102),
(102038, 'Simbario', 102),
(102039, 'Sorianello', 102),
(102040, 'Soriano Calabro', 102),
(102041, 'Spadola', 102),
(102042, 'Spilinga', 102),
(102043, 'Stefanaconi', 102),
(102044, 'Tropea', 102),
(102045, 'Vallelonga', 102),
(102046, 'Vazzano', 102),
(102047, 'Vibo Valentia', 102),
(102048, 'Zaccanopoli', 102),
(102049, 'Zambrone', 102),
(102050, 'Zungri', 102),
(103001, 'Antrona Schieranco', 103),
(103002, 'Anzola d\'Ossola', 103),
(103003, 'Arizzano', 103),
(103004, 'Arola', 103),
(103005, 'Aurano', 103),
(103006, 'Baceno', 103),
(103007, 'Bannio Anzino', 103),
(103008, 'Baveno', 103),
(103009, 'Bee', 103),
(103010, 'Belgirate', 103),
(103011, 'Beura-Cardezza', 103),
(103012, 'Bognanco', 103),
(103013, 'Brovello-Carpugnino', 103),
(103014, 'Calasca-Castiglione', 103),
(103015, 'Cambiasca', 103),
(103016, 'Cannero Riviera', 103),
(103017, 'Cannobio', 103),
(103018, 'Caprezzo', 103),
(103019, 'Casale Corte Cerro', 103),
(103020, 'Cavaglio-Spoccia', 103),
(103021, 'Ceppo Morelli', 103),
(103022, 'Cesara', 103),
(103023, 'Cossogno', 103),
(103024, 'Craveggia', 103),
(103025, 'Crevoladossola', 103),
(103026, 'Crodo', 103),
(103027, 'Cursolo-Orasso', 103),
(103028, 'Domodossola', 103),
(103029, 'Druogno', 103),
(103030, 'Falmenta', 103),
(103031, 'Formazza', 103),
(103032, 'Germagno', 103),
(103033, 'Ghiffa', 103),
(103034, 'Gignese', 103),
(103035, 'Gravellona Toce', 103),
(103036, 'Gurro', 103),
(103037, 'Intragna', 103),
(103038, 'Loreglia', 103),
(103039, 'Macugnaga', 103),
(103040, 'Madonna del Sasso', 103),
(103041, 'Malesco', 103),
(103042, 'Masera', 103),
(103043, 'Massiola', 103),
(103044, 'Mergozzo', 103),
(103045, 'Miazzina', 103),
(103046, 'Montecrestese', 103),
(103047, 'Montescheno', 103),
(103048, 'Nonio', 103),
(103049, 'Oggebbio', 103),
(103050, 'Omegna', 103),
(103051, 'Ornavasso', 103),
(103052, 'Pallanzeno', 103),
(103053, 'Piedimulera', 103),
(103054, 'Pieve Vergonte', 103),
(103055, 'Premeno', 103),
(103056, 'Premia', 103),
(103057, 'Premosello-Chiovenda', 103),
(103058, 'Quarna Sopra', 103),
(103059, 'Quarna Sotto', 103),
(103060, 'Re', 103),
(103061, 'San Bernardino Verbano', 103),
(103062, 'Santa Maria Maggiore', 103),
(103063, 'Seppiana', 103),
(103064, 'Stresa', 103),
(103065, 'Toceno', 103),
(103066, 'Trarego Viggiona', 103),
(103067, 'Trasquera', 103),
(103068, 'Trontano', 103),
(103069, 'Valstrona', 103),
(103070, 'Vanzone con San Carlo', 103),
(103071, 'Varzo', 103),
(103072, 'Verbania', 103),
(103073, 'Viganella', 103),
(103074, 'Vignone', 103),
(103075, 'Villadossola', 103),
(103076, 'Villette', 103),
(103077, 'Vogogna', 103),
(104001, 'Aggius', 104),
(104002, 'Aglientu', 104),
(104003, 'Al&agrave; dei Sardi', 104),
(104004, 'Arzachena', 104),
(104005, 'Badesi', 104),
(104006, 'Berchidda', 104),
(104007, 'Bortigiadas', 104),
(104008, 'Buddus&ograve;', 104),
(104009, 'Budoni', 104),
(104010, 'Calangianus', 104),
(104011, 'Golfo Aranci', 104),
(104012, 'La Maddalena', 104),
(104013, 'Loiri Porto San Paolo', 104),
(104014, 'Luogosanto', 104),
(104015, 'Luras', 104),
(104016, 'Monti', 104),
(104017, 'Olbia', 104),
(104018, 'Oschiri', 104),
(104019, 'Padru', 104),
(104020, 'Palau', 104),
(104021, 'Sant\'Antonio di Gallura', 104),
(104022, 'Santa Teresa Gallura', 104),
(104023, 'San Teodoro', 104),
(104024, 'Telti', 104),
(104025, 'Tempio Pausania', 104),
(104026, 'Trinit&agrave; d\'Agultu e Vignola', 104),
(105001, 'Arzana', 105),
(105002, 'Bari Sardo', 105),
(105003, 'Baunei', 105),
(105004, 'Cardedu', 105),
(105005, 'Elini', 105),
(105006, 'Gairo', 105),
(105007, 'Girasole', 105),
(105008, 'Ilbono', 105),
(105009, 'Jerzu', 105),
(105010, 'Lanusei', 105),
(105011, 'Loceri', 105),
(105012, 'Lotzorai', 105),
(105013, 'Osini', 105),
(105014, 'Perdasdefogu', 105),
(105015, 'Seui', 105),
(105016, 'Talana', 105),
(105017, 'Tertenia', 105),
(105018, 'Tortol&igrave;', 105),
(105019, 'Triei', 105),
(105020, 'Ulassai', 105),
(105021, 'Urzulei', 105),
(105022, 'Ussassai', 105),
(105023, 'Villagrande Strisaili', 105),
(106001, 'Arbus', 106),
(106002, 'Barumini', 106),
(106003, 'Collinas', 106),
(106004, 'Furtei', 106),
(106005, 'Genuri', 106),
(106006, 'Gesturi', 106),
(106007, 'Gonnosfanadiga', 106),
(106008, 'Guspini', 106),
(106009, 'Las Plassas', 106),
(106010, 'Lunamatrona', 106),
(106011, 'Pabillonis', 106),
(106012, 'Pauli Arbarei', 106),
(106013, 'Samassi', 106),
(106014, 'San Gavino Monreale', 106),
(106015, 'Sanluri', 106),
(106016, 'Sardara', 106),
(106017, 'Segariu', 106),
(106018, 'Serramanna', 106),
(106019, 'Serrenti', 106),
(106020, 'Setzu', 106),
(106021, 'Siddi', 106),
(106022, 'Tuili', 106),
(106023, 'Turri', 106),
(106024, 'Ussaramanna', 106),
(106025, 'Villacidro', 106),
(106026, 'Villamar', 106),
(106027, 'Villanovaforru', 106),
(106028, 'Villanovafranca', 106),
(107001, 'Buggerru', 107),
(107002, 'Calasetta', 107),
(107003, 'Carbonia', 107),
(107004, 'Carloforte', 107),
(107005, 'Domusnovas', 107),
(107006, 'Fluminimaggiore', 107),
(107007, 'Giba', 107),
(107008, 'Gonnesa', 107),
(107009, 'Iglesias', 107),
(107010, 'Masainas', 107),
(107011, 'Musei', 107),
(107012, 'Narcao', 107),
(107013, 'Nuxis', 107),
(107014, 'Perdaxius', 107),
(107015, 'Piscinas', 107),
(107016, 'Portoscuso', 107),
(107017, 'San Giovanni Suergiu', 107),
(107018, 'Santadi', 107),
(107019, 'Sant\'Anna Arresi', 107),
(107020, 'Sant\'Antioco', 107),
(107021, 'Tratalias', 107),
(107022, 'Villamassargia', 107),
(107023, 'Villaperuccio', 107),
(108001, 'Agrate Brianza', 108),
(108002, 'Aicurzio', 108),
(108003, 'Albiate', 108),
(108004, 'Arcore', 108),
(108005, 'Barlassina', 108),
(108006, 'Bellusco', 108),
(108007, 'Bernareggio', 108),
(108008, 'Besana in Brianza', 108),
(108009, 'Biassono', 108),
(108010, 'Bovisio-Masciago', 108),
(108011, 'Briosco', 108),
(108012, 'Brugherio', 108),
(108013, 'Burago di Molgora', 108),
(108014, 'Camparada', 108),
(108015, 'Carate Brianza', 108),
(108016, 'Carnate', 108),
(108017, 'Cavenago di Brianza', 108),
(108018, 'Ceriano Laghetto', 108),
(108019, 'Cesano Maderno', 108),
(108020, 'Cogliate', 108),
(108021, 'Concorezzo', 108),
(108022, 'Correzzana', 108),
(108023, 'Desio', 108),
(108024, 'Giussano', 108),
(108025, 'Lazzate', 108),
(108026, 'Lesmo', 108),
(108027, 'Limbiate', 108),
(108028, 'Lissone', 108),
(108029, 'Macherio', 108),
(108030, 'Meda', 108),
(108031, 'Mezzago', 108),
(108032, 'Misinto', 108),
(108033, 'Monza', 108),
(108034, 'Muggi&ograve;', 108),
(108035, 'Nova Milanese', 108),
(108036, 'Ornago', 108),
(108037, 'Renate', 108),
(108038, 'Ronco Briantino', 108),
(108039, 'Seregno', 108),
(108040, 'Seveso', 108),
(108041, 'Sovico', 108),
(108042, 'Sulbiate', 108),
(108043, 'Triuggio', 108),
(108044, 'Usmate Velate', 108),
(108045, 'Varedo', 108),
(108046, 'Vedano al Lambro', 108),
(108047, 'Veduggio con Colzano', 108),
(108048, 'Verano Brianza', 108),
(108049, 'Villasanta', 108),
(108050, 'Vimercate', 108),
(108051, 'Busnago', 108),
(108052, 'Caponago', 108),
(108053, 'Cornate d\'Adda', 108),
(108054, 'Lentate sul Seveso', 108),
(108055, 'Roncello', 108),
(109001, 'Altidona', 109),
(109002, 'Amandola', 109),
(109003, 'Belmonte Piceno', 109),
(109004, 'Campofilone', 109),
(109005, 'Falerone', 109),
(109006, 'Fermo', 109),
(109007, 'Francavilla d\'Ete', 109),
(109008, 'Grottazzolina', 109),
(109009, 'Lapedona', 109),
(109010, 'Magliano di Tenna', 109),
(109011, 'Massa Fermana', 109),
(109012, 'Monsampietro Morico', 109),
(109013, 'Montappone', 109),
(109014, 'Montefalcone Appennino', 109),
(109015, 'Montefortino', 109),
(109016, 'Monte Giberto', 109),
(109017, 'Montegiorgio', 109),
(109018, 'Montegranaro', 109),
(109019, 'Monteleone di Fermo', 109),
(109020, 'Montelparo', 109),
(109021, 'Monte Rinaldo', 109),
(109022, 'Monterubbiano', 109),
(109023, 'Monte San Pietrangeli', 109),
(109024, 'Monte Urano', 109),
(109025, 'Monte Vidon Combatte', 109),
(109026, 'Monte Vidon Corrado', 109),
(109027, 'Montottone', 109),
(109028, 'Moresco', 109),
(109029, 'Ortezzano', 109),
(109030, 'Pedaso', 109),
(109031, 'Petritoli', 109),
(109032, 'Ponzano di Fermo', 109),
(109033, 'Porto San Giorgio', 109),
(109034, 'Porto Sant\'Elpidio', 109),
(109035, 'Rapagnano', 109),
(109036, 'Santa Vittoria in Matenano', 109),
(109037, 'Sant\'Elpidio a Mare', 109),
(109038, 'Servigliano', 109),
(109039, 'Smerillo', 109),
(109040, 'Torre San Patrizio', 109),
(110001, 'Andria', 110),
(110002, 'Barletta', 110),
(110003, 'Bisceglie', 110),
(110004, 'Canosa di Puglia', 110),
(110005, 'Margherita di Savoia', 110),
(110006, 'Minervino Murge', 110),
(110007, 'San Ferdinando di Puglia', 110),
(110008, 'Spinazzola', 110),
(110009, 'Trani', 110),
(110010, 'Trinitapoli', 110);

-- --------------------------------------------------------

--
-- Struttura della tabella `cookie_carrello`
--

CREATE TABLE `cookie_carrello` (
  `id` varchar(14) NOT NULL,
  `descrizione` text NOT NULL,
  `quantita` int(2) NOT NULL,
  `account` varchar(40) DEFAULT NULL,
  `riferimento` varchar(100) DEFAULT NULL,
  `totale` float DEFAULT '0',
  `totaleScontato` float NOT NULL,
  `prezzo_definitivo` int(1) NOT NULL DEFAULT '1'
) ENGINE=InnoDB DEFAULT CHARSET=latin1;

-- --------------------------------------------------------

--
-- Struttura della tabella `famiglia`
--

CREATE TABLE `famiglia` (
  `codice` char(12) NOT NULL,
  `descrizione` char(250) DEFAULT NULL,
  `nome` char(150) DEFAULT NULL,
  `passaggio_pedonale` tinyint(1) NOT NULL,
  `Lmax` int(11) DEFAULT NULL,
  `Lmin` int(11) DEFAULT NULL,
  `Hmax` int(11) DEFAULT NULL,
  `Hmin` int(11) DEFAULT NULL
) ENGINE=InnoDB DEFAULT CHARSET=latin1;

--
-- Dump dei dati per la tabella `famiglia`
--

INSERT INTO `famiglia` (`codice`, `descrizione`, `nome`, `passaggio_pedonale`, `Lmax`, `Lmin`, `Hmax`, `Hmin`) VALUES
('AP', 'Famiglia che riguarda la personalizzazione della basculante', 'A progetto', 0, 5400, 2000, 2000, 2600),
('LEGNO', 'famiglia che riguarda le sezionali', NULL, 0, 0, 0, 0, 0),
('RAL', 'famiglia che riguarda le sezionali', NULL, 0, 0, 0, 0, 0),
('RF', '', 'Rinforzata', 0, 4400, 3430, 2600, 2000),
('SRF', '', 'Super rinforzata', 0, 5400, 4430, 2600, 2000),
('ST', '', 'Standard', 0, 3400, 2000, 2600, 2000),
('ST/P', '', 'Standard', 0, 3400, 2000, 2600, 2000);

-- --------------------------------------------------------

--
-- Struttura della tabella `fasce_verniciatura`
--

CREATE TABLE `fasce_verniciatura` (
  `codice` char(3) NOT NULL DEFAULT '',
  `nome` char(150) NOT NULL,
  `descrizione` char(250) NOT NULL
) ENGINE=InnoDB DEFAULT CHARSET=latin1;

--
-- Dump dei dati per la tabella `fasce_verniciatura`
--

INSERT INTO `fasce_verniciatura` (`codice`, `nome`, `descrizione`) VALUES
('001', 'Fascia 1', ''),
('002', 'Fascia 2', ''),
('003', 'Fascia 3', '');

-- --------------------------------------------------------

--
-- Struttura della tabella `finiture`
--

CREATE TABLE `finiture` (
  `codice` varchar(12) NOT NULL,
  `descrizione` varchar(200) DEFAULT NULL
) ENGINE=InnoDB DEFAULT CHARSET=latin1;

--
-- Dump dei dati per la tabella `finiture`
--

INSERT INTO `finiture` (`codice`, `descrizione`) VALUES
('LISCIA', 'LISCIA'),
('STUCCO', 'STUCCO');

-- --------------------------------------------------------

--
-- Struttura della tabella `griglie`
--

CREATE TABLE `griglie` (
  `codice` varchar(12) NOT NULL,
  `altezza` int(4) DEFAULT NULL,
  `larghezza` int(4) DEFAULT NULL,
  `descrizione` varchar(200) DEFAULT NULL,
  `um` varchar(2) DEFAULT NULL,
  `costo` int(11) DEFAULT NULL
) ENGINE=InnoDB DEFAULT CHARSET=latin1;

--
-- Dump dei dati per la tabella `griglie`
--

INSERT INTO `griglie` (`codice`, `altezza`, `larghezza`, `descrizione`, `um`, `costo`) VALUES
('SZ/GRB', 138, 344, 'Griglia di areazione in plastica bianca Dim L.344xH.138mm', 'NR', 42),
('SZ/GRN', 138, 344, 'Griglia di aereazione in plastica nera Dim. L.344xH.138mm', 'NR', 42);

-- --------------------------------------------------------

--
-- Struttura della tabella `indirizzi`
--

CREATE TABLE `indirizzi` (
  `id` int(11) NOT NULL,
  `nazione` varchar(5) DEFAULT NULL,
  `regione` int(11) DEFAULT NULL,
  `provincia` int(11) DEFAULT NULL,
  `comune` int(11) DEFAULT NULL,
  `indirizzo` varchar(60) DEFAULT NULL,
  `civico` varchar(20) NOT NULL,
  `cap` int(5) NOT NULL,
  `presso` varchar(100) DEFAULT NULL
) ENGINE=InnoDB DEFAULT CHARSET=latin1;

--
-- Dump dei dati per la tabella `indirizzi`
--

INSERT INTO `indirizzi` (`id`, `nazione`, `regione`, `provincia`, `comune`, `indirizzo`, `civico`, `cap`, `presso`) VALUES
(30, 'IT', 18, 78, 78003, 'asdasd', 'dfsdfs', 2345, NULL),
(31, 'IT', 17, 76, 76003, 'sd', 'dscdscs', 34, NULL),
(32, 'IT', 18, 78, 78003, 'asdasd', 'dfsdfs', 2345, NULL),
(33, 'IT', 13, 66, 66003, 'gdf', 'dfg', 44, NULL),
(34, 'IT', 17, 76, 76004, '3434', '34', 343, NULL),
(35, 'IT', 13, 66, 66003, 'gdf', 'dfg', 44, NULL),
(36, 'IT', 17, 76, 76004, '3434', '34', 343, NULL),
(37, 'IT', 13, 66, 66003, 'gdf', 'dfg', 44, NULL),
(38, 'IT', 17, 76, 76004, '3434', '34', 343, NULL),
(39, 'IT', 17, 76, 76073, 'dsfs', 'df', 213, NULL),
(40, 'IT', 18, 78, 78003, 'adsdf', 'sd', 1234, NULL),
(41, 'IT', 18, 78, 78002, '234', '1234', 1234, NULL),
(42, 'IT', 17, 77, 77002, 'erg', 'efg', 12345, NULL),
(43, 'IT', 18, 78, 78002, '234', '1234', 1234, NULL),
(44, 'IT', 17, 77, 77002, 'erg', 'efg', 12345, NULL),
(45, 'IT', 18, 101, 101003, '1234', '1234', 123, NULL),
(46, 'IT', 17, 77, 77003, '123r', '1231', 231, NULL),
(47, 'IT', 18, 78, 78003, '11', '111', 11, NULL),
(48, 'IT', 17, 76, 76002, '111', '111', 11, NULL),
(49, 'IT', 18, 78, 78003, '11', '111', 11, NULL),
(50, 'IT', 17, 76, 76002, '111', '111', 11, NULL),
(51, 'IT', 18, 78, 78003, '11', '111', 11, NULL),
(52, 'IT', 17, 76, 76002, '111', '111', 11, NULL),
(53, 'IT', 17, 76, 76003, '11', '11', 11, NULL),
(54, 'IT', 18, 78, 78003, '11', '11', 11, NULL),
(55, 'IT', 18, 101, 101003, '11', '11', 11, NULL),
(56, 'IT', 17, 76, 76004, '111', '111', 11, NULL),
(57, 'IT', 18, 101, 101003, '11', '11', 11, NULL),
(58, 'IT', 17, 76, 76004, '111', '111', 11, NULL),
(59, 'IT', 17, 76, 76003, 'er', '123', 23, NULL),
(60, 'IT', 13, 69, 69003, '3456', '32456', 345, NULL),
(61, 'IT', 17, 76, 76002, '11', '11', 111, NULL),
(62, 'IT', 18, 78, 78002, '11', '11', 11, NULL),
(63, 'IT', 17, 76, 76002, '11', '111', 11, NULL),
(64, 'IT', 17, 77, 77002, '11', '11', 11, NULL),
(65, 'IT', 15, 65, 65103, 'via antonio amato', '23', 2323, NULL),
(66, 'IT', 18, 78, 78002, 'qwert', '13', 23, NULL),
(67, 'IT', 17, 77, 77001, 'asd', 'asd', 123, NULL),
(68, 'IT', 17, 76, 76002, '234', '234', 234, NULL),
(69, 'IT', 17, 77, 77001, 'asd', 'asd', 123, NULL),
(70, 'IT', 17, 76, 76002, '234', '234', 234, NULL),
(71, 'IT', 18, 78, 78001, 'wqdq', '121', 12122, NULL),
(72, 'IT', 13, 66, 66002, 'sdf', '12', 121, NULL),
(73, 'IT', 18, 78, 78002, 'via amato', '23', 85040, NULL),
(74, 'IT', 17, 76, 76003, 'via amato', '23', 23232, NULL),
(75, 'IT', 13, 66, 66001, 's', 's', 1, NULL),
(76, 'IT', 18, 78, 78002, 'asdfsedfs', 'sdfs', 21345, NULL),
(77, 'IT', 15, 65, 65099, 'via test', '12', 84040, NULL),
(78, 'IT', 11, 41, 41003, 'via test', '12', 85040, NULL),
(79, 'IT', 13, 69, 69001, '345', '1234', 23456, NULL),
(80, 'IT', 13, 69, 69002, '2345', '234', 23456, NULL),
(81, 'IT', 15, 65, 65099, 'sgfdd', '12', 23456, NULL),
(82, 'IT', 15, 65, 65002, 'wertyu', '23', 23232, NULL),
(83, 'IT', 17, 77, 77001, 'erfg', '23', 32323, NULL),
(84, 'IT', 17, 77, 77002, 'dfghj', '23', 23232, NULL),
(85, 'IT', 6, 93, 93003, 'ert', '22a', 222, NULL),
(86, 'IT', 13, 69, 69002, '2345', 'qwert', 12345, NULL),
(88, 'IT', 13, 69, 69002, 'sdf', 'sdfsdf', 21345, NULL),
(97, 'IT', 15, 65, 65032, 'via tempone chiarasso', '4', 84040, NULL),
(100, 'IT', 15, 65, 65099, 'via san vito', '31', 84090, NULL),
(101, 'IT', 17, 77, 77003, 'asdfgh', '12', 12122, NULL),
(102, 'IT', 17, 76, 76002, 'asdfg', '12', 12121, NULL),
(103, 'IT', 13, 68, 68003, 'ertyhj', '23', 23232, NULL),
(104, 'IT', 17, 76, 76001, 'sdf', 'gdfg', 1234, NULL),
(105, 'IT', 13, 69, 69002, 'sdftgh', '23', 2323, NULL),
(106, 'IT', 17, 76, 76003, 'werty', '6', 23456, NULL),
(107, 'IT', 13, 69, 69002, 'ertyu', '23', 23423, NULL),
(108, 'IT', 17, 76, 76003, 'sdfs', '234', 34343, NULL),
(109, 'IT', 13, 69, 69003, '324234', '23', 23232, NULL),
(110, 'IT', 15, 61, 61003, '23423', '23423', 42342, NULL),
(111, 'IT', 15, 62, 62003, '234', '23423', 43, NULL),
(112, 'IT', 13, 68, 68002, '234', '234234', 23423, NULL),
(113, 'IT', 17, 77, 77005, 'qwqwe', '23', 23232, NULL),
(114, 'IT', 17, 77, 77002, '234', '234', 23423, NULL),
(115, 'IT', 17, 76, 76004, '234', '234', 23423, NULL),
(116, 'IT', 13, 66, 66004, '23423', '2342342', 34234, NULL),
(121, 'IT', 17, 76, 76002, 'via mia', '23', 0, NULL),
(125, 'IT', 15, 63, 63003, 'BBC', '23', 234, NULL),
(126, 'IT', 18, 78, 78004, 'GGFF', '34', 3455, NULL),
(127, 'IT', 15, 63, 63003, 'BBC', '23', 234, NULL),
(128, 'IT', 18, 78, 78004, 'GGFF', '34', 3455, NULL),
(129, 'IT', 17, 76, 76002, 'sdf', '23', 23, NULL),
(130, 'IT', 13, 68, 68002, 'dfsgf', '23', 2323, NULL),
(131, 'IT', 17, 76, 76002, 'sdf', '23', 23, NULL),
(132, 'IT', 13, 68, 68002, 'dfsgf', '23', 2323, NULL),
(133, 'IT', 17, 77, 77001, '234', '234', 23423, NULL),
(134, 'IT', 13, 68, 68001, 'qew', '234', 44324, NULL),
(135, 'IT', 17, 77, 77001, '234', '2342', 34234, NULL),
(136, 'IT', 13, 69, 69001, '234', '234', 23423, NULL),
(137, 'IT', 17, 76, 76018, 'via dei pini, 56', '345', 34553, NULL),
(138, 'IT', 15, 65, 65004, 'via alfano', '12', 84040, NULL),
(139, 'IT', 18, 79, 79004, 'via fisjdoiijoff', '23', 23232, NULL),
(142, 'IT', 15, 65, 65072, 'via veneto ', '6', 84090, NULL),
(143, 'IT', 17, 77, 77002, 'viaasdf a', '2', 323, NULL),
(144, 'IT', 13, 69, 69003, 'ad', '23', 2323, NULL),
(147, 'IT', 15, 65, 65032, 'via tempone chiarasso', '4', 84040, NULL),
(148, 'IT', 15, 65, 65032, 'via tempone chiarasso', '4', 34556, NULL),
(149, 'IT', 15, 65, 65032, 'via dei pini, 56', '5', 87678, NULL),
(150, 'IT', 15, 65, 65032, 'via tempone chiarasso', '4', 34534, NULL),
(151, 'IT', 15, 65, 65034, 'sdfsrg', '23', 23232, NULL),
(152, 'IT', 13, 69, 69001, 'sdf', '234', 23423, NULL),
(153, 'IT', 15, 65, 65028, 'via dei Pini', '66', 84040, NULL),
(156, 'IT', 15, 65, 65116, 'Via Wenner', '48', 84131, NULL),
(157, 'IT', 15, 65, 65004, 'assfsd', '23', 23232, NULL),
(158, 'IT', 18, 78, 78002, 'sdfsaf', '23', 23232, NULL),
(159, 'IT', 13, 66, 66002, 'wfsg', '23', 23232, NULL),
(160, 'IT', 17, 77, 77002, 'asdsa', '2323', 23232, NULL),
(161, 'IT', 17, 77, 77002, '23423', '23', 23232, NULL),
(162, 'IT', 17, 77, 77002, '23423', '234', 32423, NULL),
(163, 'IT', 17, 77, 77001, '123', '12312', 31231, NULL),
(164, 'IT', 17, 77, 77002, 'wertyuj', '23', 2323, NULL),
(167, 'IT', 17, 76, 76003, 'iggugu', '23', 23, NULL),
(168, 'IT', 17, 77, 77004, '234', '23', 32, NULL),
(169, 'IT', 13, 67, 67008, 'aa', '12aa', 121, NULL),
(170, 'IT', 13, 66, 66002, 'asd', '23', 23, NULL),
(171, 'IT', 13, 66, 66001, 'zxc', '22', 222, NULL),
(172, 'IT', 13, 69, 69001, 'asd', '23', 323, NULL),
(173, 'IT', 13, 69, 69001, 'sdf', '3', 343, NULL),
(174, 'IT', 13, 69, 69002, 'sdf', 'sdf3', 234, NULL),
(177, 'IT', 15, 65, 65008, '345345', '44', 444, NULL),
(178, 'IT', 15, 65, 65008, 'via', 'vis', 84100, NULL),
(179, 'IT', 15, 61, 61005, 'dfcv', '23', 4344, NULL),
(180, 'IT', 17, 77, 77002, 'few', '23', 23442, NULL),
(181, 'IT', 15, 65, 65158, 'via san vito', '31', 84090, NULL),
(182, 'IT', 15, 65, 65008, 'via acerno', 'snc', 84090, NULL),
(183, 'IT', 15, 65, 65072, 'via vivaldi', '20', 84090, NULL),
(184, 'IT', 15, 65, 65158, 'via san vito', '31', 84092, NULL),
(185, 'IT', 20, 106, 106015, 'via vivaldi', 'snc', 84092, NULL);

-- --------------------------------------------------------

--
-- Struttura della tabella `maniglioni`
--

CREATE TABLE `maniglioni` (
  `codice` char(12) NOT NULL DEFAULT '',
  `descrizione` char(250) NOT NULL,
  `tipologia` char(3) NOT NULL,
  `tipo_prodotto` int(2) DEFAULT NULL,
  `anta` char(1) NOT NULL,
  `um` varchar(2) DEFAULT NULL,
  `costo` float DEFAULT '0'
) ENGINE=InnoDB DEFAULT CHARSET=latin1;

--
-- Dump dei dati per la tabella `maniglioni`
--

INSERT INTO `maniglioni` (`codice`, `descrizione`, `tipologia`, `tipo_prodotto`, `anta`, `um`, `costo`) VALUES
('PR/APPMAN', 'Maniglione con cilindro yale', 'APP', 3, '1', 'NR', 30),
('PR/APPMAN', 'Maniglione con cilindro yale', 'APP', 3, '2', 'NR', 30),
('PR/APPMAN', 'Maniglione con cilindro yale', 'IMB', 3, '1', 'NR', 0),
('PR/APPMAN', 'Maniglione con cilindro yale', 'IMB', 3, '2', 'NR', 0),
('PR/CP', 'Cilindro patent anta principale', '', 3, '1', 'NR', 0),
('PR/CP', 'Cilindro patent anta secondaria', '', 3, '2', 'NR', 0),
('PR/CY', 'Cilindro yale anta principale', '', 3, '1', 'NR', 0),
('PR/CY', 'Cilindro yale anta secondaria', '', 3, '2', 'NR', 0),
('PR/EX', 'Maniglione antip. EXUS (a leva)', 'APP', 3, '1', 'NR', 150),
('PR/EX', 'Maniglione antip. EXUS (push) per anta secondaria (applicato)', 'APP', 3, '2', 'NR', 157),
('PR/EX', 'Maniglione antip. EXUS (a leva)', 'IMB', 3, '1', 'NR', 118),
('PR/EX', 'Maniglione antip. EXUS (a leva) per anta secondaria (in imballo)', 'IMB', 3, '2', 'NR', 125),
('PR/SL', 'Maniglione antip. SLASH (push)', 'APP', 3, '1', 'NR', 193),
('PR/SL', 'Maniglione antip. SLASH (push) per anta secondaria (applicato)', 'APP', 3, '2', 'NR', 200),
('PR/SL', 'Maniglione antip. SLASH (push)', 'IMB', 3, '1', 'NR', 161),
('PR/SL', 'Maniglione antip. SLASH (push) per anta secondaria', 'IMB', 3, '2', 'NR', 168),
('SZ/MNGL', 'Maniglione antipanico a leva applicato su porta pedonale', '', 4, '1', 'NR', 195),
('SZ/MNGP', 'Maniglione antipanico tipo push applicato su porta pedonale', '', 4, '1', 'NR', 245);

-- --------------------------------------------------------

--
-- Struttura della tabella `molle`
--

CREATE TABLE `molle` (
  `codice` varchar(12) NOT NULL,
  `descrizione` varchar(200) DEFAULT NULL,
  `tipo` varchar(20) NOT NULL,
  `um` varchar(2) DEFAULT NULL,
  `costo` int(11) DEFAULT NULL
) ENGINE=InnoDB DEFAULT CHARSET=latin1;

--
-- Dump dei dati per la tabella `molle`
--

INSERT INTO `molle` (`codice`, `descrizione`, `tipo`, `um`, `costo`) VALUES
('SZ/ML00', 'Molle di compensazione garantita per 20.000 cicli', 'anteriori/posteriori', 'NR', 0),
('SZ/ML100', 'Extra per molle di compensazione maggiorate per 100.000 cicli', 'anteriori', 'NR', 280),
('SZ/ML50', 'Extra per molle di compensazione maggiorate per 50.000 cicli', 'anteriori', 'NR', 240),
('SZ/MLPOST', 'Extra per molle posteriori', 'posteriori', 'NR', 145);

-- --------------------------------------------------------

--
-- Struttura della tabella `motorizzazione`
--

CREATE TABLE `motorizzazione` (
  `codice` char(18) NOT NULL,
  `nome` char(150) DEFAULT NULL,
  `descrizione` char(250) NOT NULL,
  `um` varchar(2) NOT NULL DEFAULT 'NR',
  `da_soglia_mq` int(2) DEFAULT NULL,
  `a_soglia_mq` int(2) DEFAULT NULL,
  `tipo_prodotto` int(2) DEFAULT NULL,
  `costo` int(11) DEFAULT '0'
) ENGINE=InnoDB DEFAULT CHARSET=latin1;

--
-- Dump dei dati per la tabella `motorizzazione`
--

INSERT INTO `motorizzazione` (`codice`, `nome`, `descrizione`, `um`, `da_soglia_mq`, `a_soglia_mq`, `tipo_prodotto`, `costo`) VALUES
('B/MOTACCTXBIC', NULL, 'Motorizzazione accoppiata completa di centrale elettronica e ricevente, lampeggiante, trasmettitore bicanale e costa meccanica di sicurezza', 'NR', NULL, NULL, 1, 2120),
('B/MOTACCTXQUA', NULL, 'Motorizzazione accoppiata completa di centrale elettronica e ricevente, lampeggiante, trasmettitore quadricanale e costa meccanica di sicurezza', 'NR', NULL, NULL, 1, 2120),
('B/MOTSINGOLABIC', NULL, 'Motorizzazione singola completa di centrale elettronica e ricevente, lampeggiante, trasmettitore bicanale e sistema antischiacciamento con guarnizione perimetrale inferiore (senza costa meccanica di sicurezza)', 'NR', NULL, NULL, 1, 1100),
('B/MOTSINGOLAQUA', NULL, 'Motorizzazione singola completa di centrale elettronica e ricevente, lampeggiante, trasmettitore quadricanale e sistema antischiacciamento con guarnizione perimetrale inferiore (senza costa meccanica di sicurezza)', 'NR', NULL, NULL, 1, 1100),
('SZ/MT100BC', NULL, 'KIT motorizzazione 1000N con nr. 1 Trasmettitore Bicanale', 'NR', 11, 15, 4, 495),
('SZ/MT100QD', NULL, 'KIT motorizzazione 1000N con nr. 1 Trasmettitore Quadricanale', 'NR', 11, 15, 4, 515),
('SZ/MT60BC', NULL, 'Kit motorizzazione 600N con nr. 1 Trasmettitore Bicanale', 'NR', 0, 10, 4, 410),
('SZ/MT60QD', '', 'KIT motorizzazione 600N con nr. 1 Trasmettitore Quadricanale', 'NR', 0, 10, 4, 430);

-- --------------------------------------------------------

--
-- Struttura della tabella `motorizzazione_ha_famiglia`
--

CREATE TABLE `motorizzazione_ha_famiglia` (
  `motorizzazione` char(18) NOT NULL DEFAULT '',
  `famiglia` char(12) NOT NULL
) ENGINE=InnoDB DEFAULT CHARSET=latin1;

--
-- Dump dei dati per la tabella `motorizzazione_ha_famiglia`
--

INSERT INTO `motorizzazione_ha_famiglia` (`motorizzazione`, `famiglia`) VALUES
('B/MOTACCTXBIC', 'AP'),
('B/MOTACCTXBIC', 'RF'),
('B/MOTACCTXBIC', 'SRF'),
('B/MOTACCTXBIC', 'ST/P'),
('B/MOTACCTXQUA', 'AP'),
('B/MOTACCTXQUA', 'RF'),
('B/MOTACCTXQUA', 'SRF'),
('B/MOTACCTXQUA', 'ST/P'),
('B/MOTSINGOLABIC', 'AP'),
('B/MOTSINGOLABIC', 'ST'),
('B/MOTSINGOLAQUA', 'ST');

-- --------------------------------------------------------

--
-- Struttura della tabella `motorizzazione_ha_optional`
--

CREATE TABLE `motorizzazione_ha_optional` (
  `motorizzazione` char(18) NOT NULL DEFAULT '',
  `optional` char(12) NOT NULL DEFAULT ''
) ENGINE=InnoDB DEFAULT CHARSET=latin1;

--
-- Dump dei dati per la tabella `motorizzazione_ha_optional`
--

INSERT INTO `motorizzazione_ha_optional` (`motorizzazione`, `optional`) VALUES
('B/MOTSINGOLABIC', 'B/COSTA'),
('B/MOTSINGOLAQUA', 'B/COSTA'),
('B/MOTACCTXBIC', 'B/FOT'),
('B/MOTACCTXQUA', 'B/FOT'),
('B/MOTSINGOLABIC', 'B/FOT'),
('B/MOTSINGOLAQUA', 'B/FOT'),
('B/MOTACCTXBIC', 'B/SELPAR'),
('B/MOTACCTXQUA', 'B/SELPAR'),
('B/MOTSINGOLABIC', 'B/SELPAR'),
('B/MOTSINGOLAQUA', 'B/SELPAR'),
('B/MOTACCTXBIC', 'B/TX2'),
('B/MOTSINGOLABIC', 'B/TX2'),
('B/MOTACCTXQUA', 'B/TX4'),
('B/MOTSINGOLAQUA', 'B/TX4');

-- --------------------------------------------------------

--
-- Struttura della tabella `nazioni`
--

CREATE TABLE `nazioni` (
  `id` varchar(5) NOT NULL,
  `nome` varchar(128) DEFAULT NULL
) ENGINE=InnoDB DEFAULT CHARSET=latin1;

--
-- Dump dei dati per la tabella `nazioni`
--

INSERT INTO `nazioni` (`id`, `nome`) VALUES
('AD', 'Andorra'),
('AE', 'Emirati Arabi Uniti'),
('AF', 'Afghanistan'),
('AG', 'Antigua e Barbuda'),
('AI', 'Anguilla'),
('AL', 'Albania'),
('AM', 'Armenia'),
('AN', 'Antille Olandesi'),
('AO', 'Angola'),
('AQ', 'Antartide'),
('AR', 'Argentina'),
('AS', 'Samoa Americane'),
('AT', 'Austria'),
('AU', 'Australia'),
('AW', 'Aruba'),
('AZ', 'Azerbaijan'),
('BA', 'Bosnia Erzegovina'),
('BB', 'Barbados'),
('BD', 'Bangladesh'),
('BE', 'Belgio'),
('BF', 'Burkina Faso'),
('BG', 'Bulgaria'),
('BH', 'Bahrein'),
('BI', 'Burundi'),
('BJ', 'Benin'),
('BM', 'Bermuda'),
('BN', 'Brunei Darussalam'),
('BO', 'Bolivia'),
('BR', 'Brasile'),
('BS', 'Bahamas'),
('BT', 'Bhutan'),
('BV', 'Isola Bouvet'),
('BW', 'Botswana'),
('BY', 'Bielorussia'),
('BZ', 'Belize'),
('CA', 'Canada'),
('CC', 'Cocos (Keeling) Islands'),
('CD', 'Congo,Rep. Democratica'),
('CF', 'Repubblica Centrafricana'),
('CG', 'Congo'),
('CH', 'Svizzera'),
('CI', 'Costa d\'Avorio'),
('CK', 'Isole di Cook'),
('CL', 'Cile'),
('CM', 'Camerun'),
('CN', 'Cina'),
('CO', 'Colombia'),
('CR', 'Costa Rica'),
('CU', 'Cuba'),
('CV', 'Capo Verde'),
('CX', 'Christmas Island'),
('CY', 'Cipro'),
('CZ', 'Repubblica Ceca'),
('DE', 'Germania'),
('DJ', 'Gibuti'),
('DK', 'Danimarca'),
('DM', 'Dominica'),
('DO', 'Repubblica Dominicana'),
('DZ', 'Algeria'),
('EC', 'Ecuador'),
('EE', 'Estonia'),
('EG', 'Egitto'),
('EH', 'Sahara Occidentale'),
('ER', 'Eritrea'),
('ES', 'Spagna'),
('ET', 'Etiopia'),
('FI', 'Finlandia'),
('FJ', 'Figi'),
('FK', 'Falkland Islands (Malvinas)'),
('FM', 'Micronesia'),
('FO', 'Isole Faroe'),
('FR', 'Francia'),
('GA', 'Gabon'),
('GB', 'Gran Bretagna'),
('GD', 'Grenada'),
('GE', 'Georgia'),
('GF', 'Guiana Francese'),
('GH', 'Ghana'),
('GI', 'Gibilterra'),
('GL', 'Groenlandia'),
('GM', 'Gambia'),
('GN', 'Guinea'),
('GP', 'Guadalupa'),
('GQ', 'Guinea Equatoriale'),
('GR', 'Grecia'),
('GS', 'Sud Georgia e Isole Sandwich del Sud'),
('GT', 'Guatemala'),
('GU', 'Guam'),
('GW', 'Guinea-Bissau'),
('GY', 'Guyana'),
('HK', 'Hong Kong'),
('HM', 'Isole Heard e McDonald'),
('HN', 'Honduras'),
('HR', 'Croazia'),
('HT', 'Haiti'),
('HU', 'Ungheria'),
('ID', 'Indonesia'),
('IE', 'EIRE'),
('IL', 'Israele'),
('IN', 'India'),
('IO', 'Oceano Indiano, territorio britannico'),
('IQ', 'Iraq'),
('IR', 'Iran'),
('IS', 'Islanda'),
('IT', 'Italia'),
('JM', 'Giamaica'),
('JO', 'Giordania'),
('JP', 'Giappone'),
('KE', 'Kenya'),
('KG', 'Kirgizistan'),
('KH', 'Cambogia'),
('KI', 'Kiribati'),
('KM', 'Comore'),
('KN', 'Saint Kitts e Nevis'),
('KP', 'Corea del Nord'),
('KR', 'Corea del Sud'),
('KW', 'Kuwait'),
('KY', 'Isole Cayman'),
('KZ', 'Kazakistan'),
('LA', 'Laos'),
('LB', 'Libano'),
('LC', 'Santa Lucia'),
('LI', 'Liechtenstein'),
('LK', 'Sri Lanka'),
('LR', 'Liberia'),
('LS', 'Lesotho'),
('LT', 'Lituania'),
('LU', 'Lussemburgo'),
('LV', 'Lettonia'),
('LY', 'Libia'),
('MA', 'Marocco'),
('MC', 'Monaco'),
('MD', 'Moldova, Republic of'),
('MG', 'Madagascar'),
('MH', 'Isole Marshall'),
('MK', 'Macedonia'),
('ML', 'Mali'),
('MM', 'Myanmar'),
('MN', 'Mongolia'),
('MO', 'Macao'),
('MP', 'Isole Marianne del Nord'),
('MQ', 'Martinica'),
('MR', 'Mauritania'),
('MS', 'Montserrat'),
('MT', 'Malta'),
('MU', 'Mauritius'),
('MV', 'Isole Maldive'),
('MW', 'Malawi'),
('MX', 'Mexico'),
('MY', 'Malaysia'),
('MZ', 'Mozambique'),
('NA', 'Namibia'),
('NC', 'Nuova Caledonia'),
('NE', 'Niger'),
('NF', 'Isola di Norfolk'),
('NG', 'Nigeria'),
('NI', 'Nicaragua'),
('NL', 'Paesi Bassi'),
('NO', 'Norvegia'),
('NP', 'Nepal'),
('NR', 'Nauru'),
('NU', 'Niue'),
('NZ', 'Nuova Zelanda'),
('OM', 'Oman'),
('PA', 'Panama'),
('PE', 'Peru'),
('PF', 'Polinesia Francese'),
('PG', 'Nuova Guinea'),
('PH', 'Filippine'),
('PK', 'Pakistan'),
('PL', 'Polonia'),
('PM', 'Saint Pierre e Miquelon'),
('PN', 'Pitcairn'),
('PR', 'Porto Rico'),
('PS', 'Territori Palestinesi'),
('PT', 'Portogallo'),
('PW', 'Palau'),
('PY', 'Paraguay'),
('QA', 'Qatar'),
('RE', 'Rèunion'),
('RO', 'Romania'),
('RU', 'Russia'),
('RW', 'Rwanda'),
('SA', 'Arabia Saudita'),
('SB', 'Isole Solomone'),
('SC', 'Seychelles'),
('SD', 'Sudan'),
('SE', 'Svezia'),
('SG', 'Singapore'),
('SH', 'Sant\'Elena'),
('SI', 'Slovenia'),
('SJ', 'Svalbard e Jan Mayen'),
('SK', 'Slovacchia'),
('SL', 'Sierra Leone'),
('SM', 'San Marino'),
('SN', 'Senegal'),
('SO', 'Somalia'),
('SR', 'Suriname'),
('ST', 'Sao Tome e Principe'),
('SV', 'El Salvador'),
('SY', 'Siria'),
('SZ', 'Swaziland'),
('TC', 'Isole Turks e Caicos'),
('TD', 'Ciad'),
('TF', 'Territori Francesi del Sud'),
('TG', 'Togo'),
('TH', 'Thailand'),
('TJ', 'Tagikistan'),
('TK', 'Tokelau'),
('TM', 'Turkmenistan'),
('TN', 'Tunisia'),
('TO', 'Tonga'),
('TP', 'Timor Est'),
('TR', 'Turchia'),
('TT', 'Trinidad e Tobago'),
('TV', 'Tuvalu'),
('TW', 'Taiwan'),
('TZ', 'Tanzania'),
('UA', 'Ucraina'),
('UG', 'Uganda'),
('UM', 'Isole Minor Outlying, USA'),
('US', 'USA'),
('UY', 'Isole Vergini, USA'),
('UZ', 'Uruguay'),
('VA', 'Holy See (Vatican City State)'),
('VC', 'Saint Vincent e le Grenadine'),
('VE', 'Vanuatu'),
('VG', 'Vietnam'),
('VI', 'Isole Vergini, GB'),
('VN', 'Venezuela'),
('VU', 'Uzbekistan'),
('WF', 'Wallis e Futuna'),
('WS', 'Samoa'),
('YE', 'Yemen'),
('YT', 'Mayotte'),
('YU', 'Serbia e Montenegro'),
('ZA', 'Sud Africa'),
('ZM', 'Zambia'),
('ZW', 'Zimbabwe');

-- --------------------------------------------------------

--
-- Struttura della tabella `oblo`
--

CREATE TABLE `oblo` (
  `codice` varchar(12) NOT NULL,
  `altezza` int(4) DEFAULT NULL,
  `larghezza` int(4) DEFAULT NULL,
  `descrizione` varchar(200) DEFAULT NULL,
  `UM` varchar(2) DEFAULT NULL,
  `costo` int(11) DEFAULT NULL
) ENGINE=InnoDB DEFAULT CHARSET=latin1;

--
-- Dump dei dati per la tabella `oblo`
--

INSERT INTO `oblo` (`codice`, `altezza`, `larghezza`, `descrizione`, `UM`, `costo`) VALUES
('SZ/OBLO6634', 343, 430, 'Oblo ovale in materiale plastico con cornice nera Dim. 663x343mm', 'NR', 145),
('SZ/OBLO7232', 326, 726, 'Oblo ovale in materiale plastico con cornice nera L.726xH.326mm', 'NR', 175),
('SZ/OBLR4326', 265, 430, 'Oblo rettangolare in materiale plastico con cornice nera Dim. L.430xH.265mm', 'NR', 115);

-- --------------------------------------------------------

--
-- Struttura della tabella `optionals_motorizzazione`
--

CREATE TABLE `optionals_motorizzazione` (
  `codice` char(12) NOT NULL DEFAULT '',
  `famiglia` char(12) DEFAULT NULL,
  `descrizione` char(250) NOT NULL,
  `um` varchar(2) DEFAULT 'NR',
  `nome` char(150) DEFAULT NULL,
  `motorizzazione` char(12) DEFAULT NULL,
  `tipo_prodotto` int(2) DEFAULT NULL,
  `costo` int(11) DEFAULT '0',
  `ordine` varchar(1) NOT NULL,
  `etichetta_costi_extra` varchar(1) NOT NULL
) ENGINE=InnoDB DEFAULT CHARSET=latin1;

--
-- Dump dei dati per la tabella `optionals_motorizzazione`
--

INSERT INTO `optionals_motorizzazione` (`codice`, `famiglia`, `descrizione`, `um`, `nome`, `motorizzazione`, `tipo_prodotto`, `costo`, `ordine`, `etichetta_costi_extra`) VALUES
('B/COSTA', NULL, 'Extra per costa meccanica di sicurezza', 'NR', 'Extra per costa meccanica di sicurezza', NULL, 1, 320, '', ''),
('B/FOT', NULL, 'Coppia di fotocellule (non obbligatorio)', 'NR', 'Coppia di fotocellule (non obbligatorio)', NULL, 1, 75, '', ''),
('B/SELPAR', '', 'Selettore esterno a parete', 'NR', 'Selettore esterno a parete', NULL, 1, 33, '', ''),
('B/TX2', NULL, 'Trasmettitore bicanale aggiuntivo', 'NR', 'Trasmettitore bicanale aggiuntivo', NULL, 1, 38, '', ''),
('B/TX4', NULL, 'Trasmettitore quadricanale aggiuntivo', 'NR', 'Trasmettitore quadricanale aggiuntivo', NULL, 1, 48, '', ''),
('SZ/CPPFT', NULL, 'Coppia di fotocellule', 'NR', 'Coppia di fotocellule', NULL, 4, 60, 'f', '1'),
('SZ/LAMP', NULL, 'Lampeggiante di segnalazione', 'NR', 'Lampeggiante di segnalazione', NULL, 4, 50, 'd', '1'),
('SZ/RXBC', NULL, 'Ricevitore in box esterno Bicanale', 'NR', 'Ricevitore in box esterno Bicanale', NULL, 4, 95, 'h', '0'),
('SZ/SBLEST', NULL, 'Sblocco di emergenza per esterno con chiave', 'NR', 'Sblocco di emergenza per esterno con chiave', NULL, 4, 50, 'c', '0'),
('SZ/SELPAR', '', 'Selettore esterno a parete', 'NR', 'Selettore esterno a parete', NULL, 4, 33, 'e', '1'),
('SZ/TXBC', NULL, 'Trasmettitore bicanale aggiuntivo', 'NR', 'Trasmettitore bicanale aggiuntivo', NULL, 4, 38, 'a', '0'),
('SZ/TXQD', NULL, 'Trasmettitore Quadricanale aggiuntivo', 'NR', 'Trasmettitore Quadricanale aggiuntivo', NULL, 4, 48, 'b', '0');

-- --------------------------------------------------------

--
-- Struttura della tabella `pal`
--

CREATE TABLE `pal` (
  `codice` char(8) NOT NULL DEFAULT '',
  `colore` varchar(6) NOT NULL,
  `nome` char(150) NOT NULL,
  `descrizione` char(250) NOT NULL,
  `fascia` char(3) DEFAULT NULL,
  `ordine` int(11) NOT NULL DEFAULT '1'
) ENGINE=InnoDB DEFAULT CHARSET=latin1;

--
-- Dump dei dati per la tabella `pal`
--

INSERT INTO `pal` (`codice`, `colore`, `nome`, `descrizione`, `fascia`, `ordine`) VALUES
('RAL1001', 'C2B078', '', '', '002', 1),
('RAL1013', 'EAE6CA', '', '', '001', 1),
('RAL1015', 'E6D690', '', '', '002', 1),
('RAL1019', '9E9764', '', '', '002', 1),
('RAL5010', '0E294B', '', '', '002', 1),
('RAL6001', '287233', '', '', '002', 1),
('RAL6002', '2D572C', '', '', '002', 1),
('RAL6005', '2F4538', '', '', '001', 1),
('RAL6009', '31372B', '', '', '002', 1),
('RAL6018', '57A639', '', '', '002', 1),
('RAL6024', '308446', '', '', '002', 1),
('RAL6029', '20603D', '', '', '002', 1),
('RAL7001', '8A9597', '', '', '002', 1),
('RAL7011', '434B4D', '', '', '002', 1),
('RAL7016', '293133', '', '', '002', 1),
('RAL7035', 'D7D7D7', '', '', '001', 0),
('RAL7040', '9DA1AA', '', '', '002', 1),
('RAL7046', '82898F', '', '', '002', 1),
('RAL8001', '955F20', '', '', '002', 1),
('RAL8008', '6F4F28', '', '', '002', 1),
('RAL8014', '382C1E', '', '', '002', 1),
('RAL8017', '45322E', '', '', '001', 1),
('RAL8019', '403A3A', '', '', '001', 1),
('RAL8024', '79553D', '', '', '002', 1),
('RAL8028', '4E3B31', '', '', '002', 1),
('RAL9001', 'FDF4E3', '', '', '002', 1),
('RAL9002', 'E7EBDA', '', '', '001', 1),
('RAL9005', '0A0A0A', '', '', '002', 1),
('RAL9006', 'A5A5A5', '', '', '002', 1),
('RAL9010', 'FFFFFF', '', '', '001', 1),
('RAL9016', 'F6F6F6', '', '', '002', 1),
('RAL9018', 'D7D7D7', '', '', '002', 1);

-- --------------------------------------------------------

--
-- Struttura della tabella `passaggio_pedonale`
--

CREATE TABLE `passaggio_pedonale` (
  `codice` char(12) NOT NULL DEFAULT '',
  `nome` char(150) DEFAULT NULL,
  `descrizione` char(250) NOT NULL,
  `um` varchar(2) NOT NULL DEFAULT 'NR',
  `costo` int(11) DEFAULT '0',
  `posizione` char(100) NOT NULL,
  `tipo_prodotto` int(2) DEFAULT NULL,
  `apertura` char(100) NOT NULL
) ENGINE=InnoDB DEFAULT CHARSET=latin1;

--
-- Dump dei dati per la tabella `passaggio_pedonale`
--

INSERT INTO `passaggio_pedonale` (`codice`, `nome`, `descrizione`, `um`, `costo`, `posizione`, `tipo_prodotto`, `apertura`) VALUES
('B/PPCN', NULL, 'Passaggio pedonale centrale completo di serratura, maniglia e cilindro tipo yale (con scalino inferiore)', 'NR', 275, 'CN', 1, ''),
('B/PPCN120', NULL, 'Passaggio pedonale centrale L.1200mm completo di maniglione antipanico a leva, serratura, maniglia e cilindro tipo yale (con scalino inferiore)', 'NR', 700, 'CN', 1, ''),
('B/PPCNCBT', NULL, 'Passaggio pedonale centrale per porte coibentate completo di serratura, maniglia e cilintro tipo yale (con scalino inferiore)', 'NR', 735, 'CN', 1, ''),
('B/PPCNLGN', NULL, 'Passaggio pedonale centrale per porte rivestite in legno completo di serratura, maniglia e cilindro tipo yale (con scalino inferiore)', 'NR', 735, 'CN', 1, ''),
('B/PPLT', NULL, 'Passaggio pedonale laterale completo di serratura, maniglia e cilindro tipo yale (con scalino inferiore)', 'NR', 240, 'LT', 1, ''),
('B/PPLTCBT', NULL, 'Passaggio pedonale laterale per porte coibentate completo di serratura, maniglia e cilindro tipo yale (con scalino inferiore)', 'NR', 700, 'LT', 1, ''),
('B/PPLTLGN', '', 'Passaggio pedonale laterale per porte rivestite in legno completo di serratura, maniglia e cilindro tipo yale (con scalino inferiore)', 'NR', 700, 'LT', 1, ''),
('SZ/PPSS', '', 'Porta pedonale senza scalino inferiore (soglia ribassata) completa di serratura con cilindro tipo yale, maniglia interna/esterna, chiudiporta e micro di sicurezza su quattro/cinque pannelli passaggio netto L.900mm', 'NR', 1630, '', 4, '');

-- --------------------------------------------------------

--
-- Struttura della tabella `passaggio_pedonale_ha_versione`
--

CREATE TABLE `passaggio_pedonale_ha_versione` (
  `passaggio_pedonale` char(12) NOT NULL DEFAULT '',
  `versione` char(150) NOT NULL
) ENGINE=InnoDB DEFAULT CHARSET=latin1;

--
-- Dump dei dati per la tabella `passaggio_pedonale_ha_versione`
--

INSERT INTO `passaggio_pedonale_ha_versione` (`passaggio_pedonale`, `versione`) VALUES
('B/PPCN', '6/10'),
('B/PPCN120', '6/10'),
('B/PPLT', '6/10'),
('B/PPCN', '8/10'),
('B/PPCN120', '8/10'),
('B/PPLT', '8/10'),
('B/PPCN', '8/10AM'),
('B/PPCN120', '8/10AM'),
('B/PPLT', '8/10AM'),
('B/PPCN', 'A/A'),
('B/PPCN120', 'A/A'),
('B/PPLT', 'A/A'),
('B/PPCN120', 'A/C'),
('B/PPLTCBT', 'A/C'),
('B/PPCNLGN', 'R/L'),
('B/PPLTLGN', 'R/L');

-- --------------------------------------------------------

--
-- Struttura della tabella `porte`
--

CREATE TABLE `porte` (
  `codice` char(12) NOT NULL,
  `tipologia` char(50) NOT NULL,
  `descrizione` char(250) NOT NULL,
  `nome` char(150) DEFAULT NULL,
  `anta` varchar(1) NOT NULL,
  `lunghezza` int(4) NOT NULL,
  `altezza` int(4) NOT NULL,
  `UM` varchar(2) DEFAULT NULL,
  `costo` float DEFAULT '0'
) ENGINE=InnoDB DEFAULT CHARSET=latin1;

--
-- Dump dei dati per la tabella `porte`
--

INSERT INTO `porte` (`codice`, `tipologia`, `descrizione`, `nome`, `anta`, `lunghezza`, `altezza`, `UM`, `costo`) VALUES
('PM/1002051A', 'PortaMultiuso', 'Modello rever L.1000xH.2050 mm ral 7035 (Foro Muro - 1 anta)reve', 'Modello rever L.1000xH.2050 mm ral 7035 (Foro Muro - 1 anta)reve', '1', 1000, 2050, 'NR', 196),
('PM/1002151A', 'PortaMultiuso', 'Modello rever L.1000xH.2150 mm ral 7035 (Foro Muro - 1 anta)', 'Modello rever L.1000xH.2150 mm ral 7035 (Foro Muro - 1 anta)', '1', 1000, 2150, 'NR', 199),
('PM/1102051A', 'PortaMultiuso', 'Modello rever L.1100xH.2050 mm ral 7035 (Foro Muro - 1 anta)', 'Modello rever L.1100xH.2050 mm ral 7035 (Foro Muro - 1 anta)', '1', 1100, 2050, 'NR', 218),
('PM/1102151A', 'PortaMultiuso', 'Modello rever L.1100xH.2150 mm ral 7035 (Foro Muro - 1 anta)', 'Modello rever L.1100xH.2150 mm ral 7035 (Foro Muro - 1 anta)', '1', 1100, 2150, 'NR', 221),
('PM/1202051A', 'PortaMultiuso', 'Modello rever L.1200xH.2050 mm ral 7035 (Foro Muro - 1 anta)', 'Modello rever L.1200xH.2050 mm ral 7035 (Foro Muro - 1 anta)', '1', 1200, 2050, 'NR', 218),
('PM/1202151A', 'PortaMultiuso', 'Modello rever L.1200xH.2150 mm ral 7035 (Foro Muro - 1 anta)', 'Modello rever L.1200xH.2150 mm ral 7035 (Foro Muro - 1 anta)', '1', 1200, 2150, 'NR', 221),
('PM/1302051A', 'PortaMultiuso', 'Modello rever L.1300xH.2050 mm ral 7035 (Foro Muro - 1 anta)', 'Modello rever L.1300xH.2050 mm ral 7035 (Foro Muro - 1 anta)', '1', 1300, 2050, 'NR', 226),
('PM/1302151A', 'PortaMultiuso', 'Modello rever L.1300xH.2150 mm ral 7035 (Foro Muro - 1 anta)', 'Modello rever L.1300xH.2150 mm ral 7035 (Foro Muro - 1 anta)', '1', 1300, 2150, 'NR', 230),
('PM/1352051A', 'PortaMultiuso', 'Modello rever L.1350xH.2050 mm ral 7035 (Foro Muro - 1 anta)', 'Modello rever L.1350xH.2050 mm ral 7035 (Foro Muro - 1 anta)', '1', 1350, 2050, 'NR', 226),
('PM/1352151A', 'PortaMultiuso', 'Modello rever L.1350xH.2150 mm ral 7035 (Foro Muro - 1 anta)', 'Modello rever L.1350xH.2150 mm ral 7035 (Foro Muro - 1 anta)', '1', 1350, 2150, 'NR', 230),
('PM/702051A', 'PortaMultiuso', 'Modello rever L.700xH.2050 mm ral 7035 (Foro Muro - 1 anta)', 'Modello rever L.700xH.2050 mm ral 7035 (Foro Muro - 1 anta)', '1', 700, 2050, 'NR', 174),
('PM/702151A', 'PortaMultiuso', 'Modello rever L.700xH.2150 mm ral 7035 (Foro Muro - 1 anta)', 'Modello rever L.700xH.2150 mm ral 7035 (Foro Muro - 1 anta)', '1', 700, 2150, 'NR', 177),
('PM/802051A', 'PortaMultiuso', 'Modello rever L.800xH.2050 mm ral 7035 (Foro Muro - 1 anta)', 'Modello rever L.800xH.2050 mm ral 7035 (Foro Muro - 1 anta)', '1', 800, 2050, 'NR', 180),
('PM/802151A', 'PortaMultiuso', 'Modello rever L.800xH.2150 mm ral 7035 (Foro Muro - 1 anta)', 'Modello rever L.800xH.2150 mm ral 7035 (Foro Muro - 1 anta)', '1', 800, 2150, 'NR', 186),
('PM/902051A', 'PortaMultiuso', 'Modello rever L.900xH.2050 mm ral 7035 (Foro Muro - 1 anta)', 'Modello rever L.900xH.2050 mm ral 7035 (Foro Muro - 1 anta)', '1', 900, 2050, 'NR', 187),
('PM/902151A', 'PortaMultiuso', 'Modello rever L.900xH.2150 mm ral 7035 (Foro Muro - 1 anta)', 'Modello rever L.900xH.2150 mm ral 7035 (Foro Muro - 1 anta)', '1', 900, 2150, 'NR', 194),
('PR/1002051A', 'PortaTagliafuoco', 'Modello univer L.1000xH.2050 mm ral 7035 (Foro Muro - 1 anta)', 'Modello univer L.1000xH.2050 mm ral 7035 (Foro Muro - 1 anta)', '1', 1000, 2050, 'NR', 351),
('PR/1002151A', 'PortaTagliafuoco', 'Modello univer L.1000xH.2150 mm ral 7035 (Foro Muro - 1 anta)', 'Modello univer L.1000xH.2150 mm ral 7035 (Foro Muro - 1 anta)', '1', 1000, 2150, 'NR', 364),
('PR/1102051A', 'PortaTagliafuoco', 'Modello univer L.1100xH.2050 mm ral 7035 (Foro Muro - 1 anta)', 'Modello univer L.1100xH.2050 mm ral 7035 (Foro Muro - 1 anta)', '1', 1100, 2050, 'NR', 398),
('PR/1102151A', 'PortaTagliafuoco', 'Modello univer L.1100xH.2150 mm ral 7035 (Foro Muro - 1 anta)', 'Modello univer L.1100xH.2150 mm ral 7035 (Foro Muro - 1 anta)', '1', 1100, 2150, 'NR', 411),
('PR/1152052A', 'PortaTagliafuoco', 'Modello univer L.1150 (750+400)xH.2050 mm ral 7035 (Foro Muro - 2 ante)', 'Modello univer L.1150 (750+400)xH.2050 mm ral 7035 (Foro Muro - 2 ante)', '2', 1150, 2050, 'NR', 687),
('PR/1152152A', 'PortaTagliafuoco', 'Modello univer L.1150 (750+400)xH.2150 mm ral 7035 (Foro Muro - 2 ante)', 'Modello univer L.1150 (750+400)xH.2150 mm ral 7035 (Foro Muro - 2 ante)', '2', 1150, 2150, 'NR', 710),
('PR/1202051A', 'PortaTagliafuoco', 'Modello univer L.1200xH.2050 mm ral 7035 (Foro Muro - 1 anta)', 'Modello univer L.1200xH.2050 mm ral 7035 (Foro Muro - 1 anta)', '1', 1200, 2050, 'NR', 436),
('PR/1202052A', 'PortaTagliafuoco', 'Modello univer L.1200 (800+400)xH.2050 mm ral 7035 (Foro Muro - 2 ante)', 'Modello univer L.1200 (800+400)xH.2050 mm ral 7035 (Foro Muro - 2 ante)', '2', 1200, 2050, 'NR', 697),
('PR/1202151A', 'PortaTagliafuoco', 'Modello univer L.1200xH.2150 mm ral 7035 (Foro Muro - 1 anta)', 'Modello univer L.1200xH.2150 mm ral 7035 (Foro Muro - 1 anta)', '1', 1200, 2150, 'NR', 449),
('PR/1202152A', 'PortaTagliafuoco', 'Modello univer L.1200 (800+400)xH.2150 mm ral 7035 (Foro Muro - 2 ante)', 'Modello univer L.1200 (800+400)xH.2150 mm ral 7035 (Foro Muro - 2 ante)', '2', 1200, 2150, 'NR', 718),
('PR/1252052A', 'PortaTagliafuoco', 'Modello univer L.1250 (800+450)xH.2050 mm ral 7035 (Foro Muro - 2 ante)', 'Modello univer L.1250 (800+450)xH.2050 mm ral 7035 (Foro Muro - 2 ante)', '2', 1250, 2050, 'NR', 704),
('PR/1252152A', 'PortaTagliafuoco', 'Modello univer L.1250 (800+450)xH.2150 mm ral 7035 (Foro Muro - 2 ante)', 'Modello univer L.1250 (800+450)xH.2150 mm ral 7035 (Foro Muro - 2 ante)', '2', 1250, 2150, 'NR', 731),
('PR/1302051A', 'PortaTagliafuoco', 'Modello univer L.1300xH.2050 mm ral 7035 (Foro Muro - 1 anta)', 'Modello univer L.1300xH.2050 mm ral 7035 (Foro Muro - 1 anta)', '1', 1300, 2050, 'NR', 444),
('PR/1302052A', 'PortaTagliafuoco', 'Modello univer L.1300 (900+400)xH.2050 mm ral 7035 (Foro Muro - 2 ante)', 'Modello univer L.1300 (900+400)xH.2050 mm ral 7035 (Foro Muro - 2 ante)', '2', 1300, 2050, 'NR', 715),
('PR/1302151A', 'PortaTagliafuoco', 'Modello univer L.1300xH.2150 mm ral 7035 (Foro Muro - 1 anta)', 'Modello univer L.1300xH.2150 mm ral 7035 (Foro Muro - 1 anta)', '1', 1300, 2150, 'NR', 465),
('PR/1302152A', 'PortaTagliafuoco', 'Modello univer L.1300 (900+400)xH.2150 mm ral 7035 (Foro Muro - 2 ante)', 'Modello univer L.1300 (900+400)xH.2150 mm ral 7035 (Foro Muro - 2 ante)', '2', 1300, 2150, 'NR', 743),
('PR/1352051A', 'PortaTagliafuoco', 'Modello univer L.1350xH.2050 mm ral 7035 (Foro Muro - 1 anta)', 'Modello univer L.1350xH.2050 mm ral 7035 (Foro Muro - 1 anta)', '1', 1350, 2050, 'NR', 444),
('PR/1352052A', 'PortaTagliafuoco', 'Modello univer L.1350 (900+450)xH.2050 mm ral 7035 (Foro Muro - 2 ante)', 'Modello univer L.1350 (900+450)xH.2050 mm ral 7035 (Foro Muro - 2 ante)', '2', 1350, 2050, 'NR', 723),
('PR/1352151A', 'PortaTagliafuoco', 'Modello univer L.1350xH.2150 mm ral 7035 (Foro Muro - 1 anta)', 'Modello univer L.1350xH.2150 mm ral 7035 (Foro Muro - 1 anta)', '1', 1350, 2150, 'NR', 465),
('PR/1352152A', 'PortaTagliafuoco', 'Modello univer L.1350 (900+450)xH.2150 mm ral 7035 (Foro Muro - 2 ante)', 'Modello univer L.1350 (900+450)xH.2150 mm ral 7035 (Foro Muro - 2 ante)', '2', 1350, 2150, 'NR', 749),
('PR/1402052A', 'PortaTagliafuoco', 'Modello univer L.1400 (1000+400)xH.2050 mm ral 7035 (Foro Muro - 2 ante)', 'Modello univer L.1400 (1000+400)xH.2050 mm ral 7035 (Foro Muro - 2 ante)', '2', 1400, 2050, 'NR', 735),
('PR/1402152A', 'PortaTagliafuoco', 'Modello univer L.1400 (1000+400)xH.2150 mm ral 7035 (Foro Muro - 2 ante)', 'Modello univer L.1400 (1000+400)xH.2150 mm ral 7035 (Foro Muro - 2 ante)', '2', 1400, 2150, 'NR', 756),
('PR/1452052A', 'PortaTagliafuoco', 'Modello univer L.1450 (1000+450)xH.2050 mm ral 7035 (Foro Muro - 2 ante)', 'Modello univer L.1450 (1000+450)xH.2050 mm ral 7035 (Foro Muro - 2 ante)', '2', 1450, 2050, 'NR', 744),
('PR/1452152A', 'PortaTagliafuoco', 'Modello univer L.1450 (1000+450)xH.2150 mm ral 7035 (Foro Muro - 2 ante)', 'Modello univer L.1450 (1000+450)xH.2150 mm ral 7035 (Foro Muro - 2 ante)', '2', 1450, 2150, 'NR', 766),
('PR/1602052A', 'PortaTagliafuoco', 'Modello univer L.1600 (800+800)xH.2050 mm ral 7035 (Foro Muro - 2 ante)', 'Modello univer L.1600 (800+800)xH.2050 mm ral 7035 (Foro Muro - 2 ante)', '2', 1600, 2050, 'NR', 767),
('PR/1602152A', 'PortaTagliafuoco', 'Modello univer L.1600 (800+800)xH.2150 mm ral 7035 (Foro Muro - 2 ante)', 'Modello univer L.1600 (800+800)xH.2150 mm ral 7035 (Foro Muro - 2 ante)', '2', 1600, 2150, 'NR', 797),
('PR/1702052A', 'PortaTagliafuoco', 'Modello univer L.1700 (900+800)xH.2050 mm ral 7035 (Foro Muro - 2 ante)', 'Modello univer L.1700 (900+800)xH.2050 mm ral 7035 (Foro Muro - 2 ante)', '2', 1700, 2050, 'NR', 787),
('PR/1702152A', 'PortaTagliafuoco', 'Modello univer L.1700 (900+800)xH.2150 mm ral 7035 (Foro Muro - 2 ante)', 'Modello univer L.1700 (900+800)xH.2150 mm ral 7035 (Foro Muro - 2 ante)', '2', 1700, 2150, 'NR', 816),
('PR/1802052A', 'PortaTagliafuoco', 'Modello univer L.1800 (900+900)xH.2050 mm ral 7035 (Foro Muro - 2 ante)', 'Modello univer L.1800 (900+900)xH.2050 mm ral 7035 (Foro Muro - 2 ante)', '2', 1800, 2050, 'NR', 807),
('PR/1802152A', 'PortaTagliafuoco', 'Modello univer L.1800 (900+900)xH.2150 mm ral 7035 (Foro Muro - 2 ante)', 'Modello univer L.1800 (900+900)xH.2150 mm ral 7035 (Foro Muro - 2 ante)', '2', 1800, 2150, 'NR', 836),
('PR/1902052A', 'PortaTagliafuoco', 'Modello univer L.1900 (1000+900)xH.2050 mm ral 7035 (Foro Muro - 2 ante)', 'Modello univer L.1900 (1000+900)xH.2050 mm ral 7035 (Foro Muro - 2 ante)', '2', 1900, 2050, 'NR', 823),
('PR/1902152A', 'PortaTagliafuoco', 'Modello univer L.1900 (1000+900)xH.2150 mm ral 7035 (Foro Muro - 2 ante)', 'Modello univer L.1900 (1000+900)xH.2150 mm ral 7035 (Foro Muro - 2 ante)', '2', 1900, 2150, 'NR', 856),
('PR/2002052A', 'PortaTagliafuoco', 'Modello univer L.2000 (1000+1000)xH.2050 mm ral 7035 (Foro Muro - 2 ante)', 'Modello univer L.2000 (1000+1000)xH.2050 mm ral 7035 (Foro Muro - 2 ante)', '2', 2000, 2050, 'NR', 843),
('PR/2002152A', 'PortaTagliafuoco', 'Modello univer L.2000 (1000+1000)xH.2150 mm ral 7035 (Foro Muro - 2 ante)', 'Modello univer L.2000 (1000+1000)xH.2150 mm ral 7035 (Foro Muro - 2 ante)', '2', 2000, 2150, 'NR', 874),
('PR/802051A', 'PortaTagliafuoco', 'Modello univer L.800xH.2050 mm ral 7035 (Foro Muro - 1 anta)', 'Modello univer L.800xH.2050 mm ral 7035 (Foro Muro - 1 anta)', '1', 800, 2050, 'NR', 325),
('PR/802151A', 'PortaTagliafuoco', 'Modello univer L.800xH.2150 mm ral 7035 (Foro Muro - 1 anta)', 'Modello univer L.800xH.2150 mm ral 7035 (Foro Muro - 1 anta)', '1', 800, 2150, 'NR', 334),
('PR/902051A', 'PortaTagliafuoco', 'Modello univer L.900xH.2050 mm ral 7035 (Foro Muro - 1 anta)', 'Modello univer L.900xH.2050 mm ral 7035 (Foro Muro - 1 anta)', '1', 900, 2050, 'NR', 336),
('PR/902151A', 'PortaTagliafuoco', 'Modello univer L.900xH.2150 mm ral 7035 (Foro Muro - 1 anta)', 'Modello univer L.900xH.2150 mm ral 7035 (Foro Muro - 1 anta)', '1', 900, 2150, 'NR', 349);

-- --------------------------------------------------------

--
-- Struttura della tabella `porte_cantina`
--

CREATE TABLE `porte_cantina` (
  `codice` char(12) NOT NULL,
  `descrizione` char(250) NOT NULL,
  `nome` char(150) DEFAULT NULL,
  `apertura` varchar(100) NOT NULL,
  `lunghezza` int(4) NOT NULL,
  `altezza` int(4) NOT NULL,
  `UM` varchar(2) DEFAULT NULL,
  `costo` float DEFAULT '0'
) ENGINE=InnoDB DEFAULT CHARSET=latin1;

--
-- Dump dei dati per la tabella `porte_cantina`
--

INSERT INTO `porte_cantina` (`codice`, `descrizione`, `nome`, `apertura`, `lunghezza`, `altezza`, `UM`, `costo`) VALUES
('PC/L100205S', 'Modello light L.1000xH.2050 con apertura a spingere (vista esterna) in lamiera zincata', NULL, 'a spingere', 1000, 2050, 'NR', 132),
('PC/L100205T', 'Modello light L.1000xH.2050 con apertura a tirare (vista esterna) in lamiera zincata', NULL, 'a tirare', 1000, 2050, 'NR', 132),
('PC/L100215S', 'Modello light L.1000xH.2150 con apertura a spingere (vista esterna) in lamiera zincata', NULL, 'a spingere', 1000, 2150, 'NR', 135),
('PC/L100215T', 'Modello light L.1000xH.2150 con apertura a tirare (vista esterna) in lamiera zincata', NULL, 'a tirare', 1000, 2150, 'NR', 135),
('PC/L80205S', 'Modello light L.800xH.2050 con apertura a spingere (vista esterna) in lamiera zincata', NULL, 'a spingere', 800, 2050, 'NR', 120),
('PC/L80205T', 'Modello light L.800xH.2050 con apertura a tirare (vista esterna) in lamiera zincata', NULL, 'a tirare', 800, 2050, 'NR', 120),
('PC/L80215S', 'Modello light L.800xH.2150 con apertura a spingere (vista esterna) in lamiera zincata', NULL, 'a spingere', 800, 2150, 'NR', 123),
('PC/L80215T', 'Modello light L.800xH.2150 con apertura a tirare (vista esterna) in lamiera zincata', NULL, 'a tirare', 800, 2150, 'NR', 123),
('PC/L90205S', 'Modello light L.900xH.2050 con apertura a spingere (vista esterna) in lamiera zincata', NULL, 'a spingere', 900, 2050, 'NR', 126),
('PC/L90205T', 'Modello light L.900xH.2050 con apertura a tirare (vista esterna) in lamiera zincata', NULL, 'a tirare', 900, 2050, 'NR', 126),
('PC/L90215S', 'Modello light L.900xH.2150 con apertura a spingere (vista esterna) in lamiera zincata', NULL, 'a spingere', 900, 2150, 'NR', 129),
('PC/L90215T', 'Modello light L.900xH.2150 con apertura a tirare (vista esterna) in lamiera zincata', NULL, 'a tirare', 900, 2150, 'NR', 129);

-- --------------------------------------------------------

--
-- Struttura della tabella `predisposizione_motorizzazione`
--

CREATE TABLE `predisposizione_motorizzazione` (
  `codice` char(12) DEFAULT NULL,
  `nome` char(150) NOT NULL,
  `descrizione` char(250) NOT NULL,
  `um` varchar(2) NOT NULL DEFAULT 'NR',
  `costo` int(11) DEFAULT '0'
) ENGINE=InnoDB DEFAULT CHARSET=latin1;

--
-- Dump dei dati per la tabella `predisposizione_motorizzazione`
--

INSERT INTO `predisposizione_motorizzazione` (`codice`, `nome`, `descrizione`, `um`, `costo`) VALUES
('B/PRDMTIM', '', 'Predisposizione alla motorizzazione immediata con inserimento di ruote con cuscinetti, staffe superiori per attacco braccio e contrappesi maggiorati', 'NR', 14),
('B/PRDMT', '', 'Predisposizione alla motorizzazione con inserimento di ruote con cuscinetti e staffe superiori per attacco', 'NR', 5);

-- --------------------------------------------------------

--
-- Struttura della tabella `preventivi`
--

CREATE TABLE `preventivi` (
  `codice` int(5) UNSIGNED ZEROFILL DEFAULT NULL,
  `data` char(14) NOT NULL,
  `riferimento_ordine` varchar(10) NOT NULL,
  `descrizione` text NOT NULL,
  `account` varchar(40) DEFAULT NULL,
  `approvazione` int(11) NOT NULL,
  `costo_trasporto` text NOT NULL,
  `costo_distribuzione` text NOT NULL,
  `costo_montaggio` text NOT NULL,
  `cliente` varchar(32) DEFAULT NULL,
  `indirizzo_cantiere` varchar(250) NOT NULL,
  `civico_cantiere` varchar(50) NOT NULL,
  `cap_cantiere` varchar(5) NOT NULL,
  `regione_cantiere` int(11) DEFAULT NULL,
  `provincia_cantiere` int(11) DEFAULT NULL,
  `provincia_sigla_cantiere` varchar(2) NOT NULL,
  `comune_cantiere` int(11) DEFAULT NULL,
  `citta_cantiere` varchar(150) NOT NULL,
  `referente_cantiere` varchar(100) NOT NULL,
  `cellulare_referente_cantiere` varchar(20) NOT NULL,
  `email_referente_cantiere` varchar(150) NOT NULL,
  `letto` int(1) NOT NULL DEFAULT '0',
  `iva` varchar(3) NOT NULL DEFAULT '0',
  `sconto` varchar(3) NOT NULL DEFAULT '0',
  `totale` float DEFAULT '0',
  `totaleCostiTrasporto` varchar(10) NOT NULL DEFAULT '0',
  `totaleCostiDistribuzioneOrizzontale` varchar(10) NOT NULL DEFAULT '0',
  `totaleCostiDistribuzioneVerticale` varchar(10) NOT NULL DEFAULT '0',
  `totaleCostiMontaggioMeccanica` varchar(10) NOT NULL DEFAULT '0',
  `totaleCostiMontaggioElettrica` varchar(10) NOT NULL DEFAULT '0',
  `totaleCostiMontaggioSopraluce` varchar(10) NOT NULL DEFAULT '0',
  `totaleFornituraScontata` varchar(10) NOT NULL DEFAULT '0',
  `totaleScontato` float NOT NULL,
  `totalePreventivo` varchar(10) NOT NULL DEFAULT '0',
  `totalePreventivoIvato` varchar(10) NOT NULL DEFAULT '0',
  `totaleIva` varchar(10) DEFAULT '0',
  `invio_solo_agente_capo_area` tinyint(1) NOT NULL,
  `data_invio` varchar(14) NOT NULL,
  `numero_settimana` varchar(2) NOT NULL,
  `anno_settimana` varchar(4) NOT NULL,
  `data_consegna` varchar(14) NOT NULL
) ENGINE=InnoDB DEFAULT CHARSET=latin1;

--
-- Dump dei dati per la tabella `preventivi`
--

INSERT INTO `preventivi` (`codice`, `data`, `riferimento_ordine`, `descrizione`, `account`, `approvazione`, `costo_trasporto`, `costo_distribuzione`, `costo_montaggio`, `cliente`, `indirizzo_cantiere`, `civico_cantiere`, `cap_cantiere`, `regione_cantiere`, `provincia_cantiere`, `provincia_sigla_cantiere`, `comune_cantiere`, `citta_cantiere`, `referente_cantiere`, `cellulare_referente_cantiere`, `email_referente_cantiere`, `letto`, `iva`, `sconto`, `totale`, `totaleCostiTrasporto`, `totaleCostiDistribuzioneOrizzontale`, `totaleCostiDistribuzioneVerticale`, `totaleCostiMontaggioMeccanica`, `totaleCostiMontaggioElettrica`, `totaleCostiMontaggioSopraluce`, `totaleFornituraScontata`, `totaleScontato`, `totalePreventivo`, `totalePreventivoIvato`, `totaleIva`, `invio_solo_agente_capo_area`, `data_invio`, `numero_settimana`, `anno_settimana`, `data_consegna`) VALUES
(00004, '1533802809', '', '', 'info@lorenzovitale.it', 1, '', '', '', 'a2c7z3f5p1f7x3y9l3o1533573363000', '', '', '', NULL, NULL, '', NULL, '', '', '', '', 0, '0', '0', 5858.67, '0', '0', '0', '0', '0', '0', '0', 5858.67, '5858.66666', '5858.66666', '0', 0, '', '', '', ''),
(00005, '1533804203', '', '', 'info@lorenzovitale.it', 1, '', '', '', 'z5r6l2z5z1b6b6g5l2w1535556383000', '', '', '', NULL, NULL, '', NULL, '', '', '', '', 0, '0', '0', 4108.67, '0', '0', '0', '0', '0', '0', '4108.66666', 4108.67, '4108.66666', '4108.66666', '0', 0, '', '', '', ''),
(00006, '1535576481', '', '', 'info@lorenzovitale.it', 1, '', '', '', 'z5r6l2z5z1b6b6g5l2w1535556383000', '', '', '', NULL, NULL, '', NULL, '', '', '', '', 0, '0', '0', 7597.33, '0', '0', '0', '0', '0', '0', '7597.33333', 7597.33, '7597.33333', '7597.33333', '0', 0, '', '', '', ''),
(00010, '1535663409', '', '', 'info@lorenzovitale.it', 1, '', '', '', 'z5r6l2z5z1b6b6g5l2w1535556383000', '', '', '', NULL, NULL, '', NULL, '', '', '', '', 0, '0', '0', 9207.83, '0', '0', '0', '0', '0', '0', '9207.83333', 9207.83, '9207.83333', '9207.83333', '0', 0, '', '', '', ''),
(00011, '1535709637', '', '', 'info@lorenzovitale.it', 1, '', '', '', 'z5r6l2z5z1b6b6g5l2w1535556383000', '', '', '', NULL, NULL, '', NULL, '', '', '', '', 0, '0', '0', 1511.36, '0', '0', '0', '0', '0', '0', '1511.36', 1511.36, '1511.36', '1511.36', '0', 0, '', '', '', ''),
(00012, '1535710970', '', '', 'info@lorenzovitale.it', 1, '', '', '', NULL, '', '', '', NULL, NULL, '', NULL, '', '', '', '', 0, '0', '0', 2475.36, '0', '0', '0', '0', '0', '0', '0', 2475.36, '2475.36', '2475.36', '0', 0, '', '', '', ''),
(00013, '1535711764', '', '', 'info@lorenzovitale.it', 1, '', '', '', 'z5r6l2z5z1b6b6g5l2w1535556383000', '', '', '', NULL, NULL, '', NULL, '', '', '', '', 0, '0', '0', 2421.36, '0', '0', '0', '0', '0', '0', '0', 2421.36, '2421.36', '2421.36', '0', 0, '', '', '', ''),
(00014, '1535721193', '', '', 'info@lorenzovitale.it', 1, '', '', '', 'z5r6l2z5z1b6b6g5l2w1535556383000', '', '', '', NULL, NULL, '', NULL, '', '', '', '', 0, '0', '0', 4261.63, '0', '0', '0', '0', '0', '0', '0', 4261.63, '4261.632', '4261.632', '0', 0, '', '', '', ''),
(00016, '1537854515', '', '', 'info@lorenzovitale.it', 1, '', '', '', NULL, '', '', '', NULL, NULL, '', NULL, '', '', '', '', 0, '0', '0', 4809.52, '0', '0', '0', '0', '0', '0', '4809.52', 4809.52, '4809.52', '4809.52', '0', 0, '', '', '', ''),
(00018, '1537862224', '', '', 'info@lorenzovitale.it', 1, '', '', '', NULL, '', '', '', NULL, NULL, '', NULL, '', '', '', '', 0, '0', '0', 2659.5, '0', '0', '0', '0', '0', '0', '2659.5', 2659.5, '2659.5', '2659.5', '0', 0, '', '', '', ''),
(00021, '1539069802', '', '', 'info@lorenzovitale.it', 1, '', '', '', NULL, '', '', '', NULL, NULL, '', NULL, '', '', '', '', 0, '0', '0', 2395.4, '0', '0', '0', '0', '0', '0', '2395.4', 2395.4, '2395.4', '2395.4', '0', 0, '', '5', '', ''),
(00023, '1539968843', '', '', 'info@lorenzovitale.it', 1, '', '', '', 'z5r6l2z5z1b6b6g5l2w1535556383000', '', '', '', NULL, NULL, '', NULL, '', '', '', '', 0, '0', '50', 94.5, '0', '0', '0', '0', '0', '0', '0', 47.25, '47.25', '47.25', '0', 0, '', '5', '2018', ''),
(00024, '1540027682', '', '', 'info@lorenzovitale.it', 1, '[{\"codice\":\"TRASP\",\"prezzo\":10,\"nome\":\"Porte taglifuoco\",\"quantita\":10}]', '{\"distribuzioneVerticale\":[{\"codice\":\"DISTRVERT\",\"prezzo\":10,\"nome\":\"Tutte le porte tagliafuoco\",\"quantita\":10}],\"distribuzioneOrizzontale\":[{\"codice\":\"DISTRORIZ\",\"prezzo\":10,\"nome\":\"Porte tagliafuoco\",\"quantita\":10}]}', '{\"montaggioMeccanica\":[{\"codice\":\"MONTMEC\",\"prezzo\":10,\"nome\":\"Porte tagliafuoco\",\"quantita\":10}],\"montaggioElettrica\":[]}', 'z5r6l2z5z1b6b6g5l2w1535556383000', '', '', '', NULL, NULL, '', NULL, '', '', '', '', 0, '22', '50', 2635, '100', '100', '100', '100', '0', '0', '2635', 1717.5, '1717.5', '2095.35', '377.85', 0, '', '10', '2018', ''),
(00025, '1540031327', '', '', 'info@lorenzovitale.it', 1, '', '', '', 'z5r6l2z5z1b6b6g5l2w1535556383000', '', '', '', NULL, NULL, '', NULL, '', '', '', '', 0, '0', '0', 475, '0', '0', '0', '0', '0', '0', '475', 475, '475', '475', '0', 0, '', '', '', ''),
(00026, '1540043548', '', '', 'info@lorenzovitale.it', 1, '[{\"codice\":\"TRASP\",\"prezzo\":100,\"nome\":\"ST motorizzate\",\"quantita\":1}]', '', '', 'z5r6l2z5z1b6b6g5l2w1535556383000', '', '', '', NULL, NULL, '', NULL, '', '', '', '', 0, '0', '0', 3305.52, '100', '0', '0', '0', '0', '0', '3305.52', 3405.52, '3405.52', '3405.52', '0', 0, '', '', '2018', ''),
(00027, '1540043823', '', '', 'info@lorenzovitale.it', 1, '', '', '', 'z5r6l2z5z1b6b6g5l2w1535556383000', '', '', '', NULL, NULL, '', NULL, '', '', '', '', 0, '0', '0', 341, '0', '0', '0', '0', '0', '0', '341', 341, '341', '341', '0', 0, '', '', '', ''),
(00028, '1540044469', '', '', 'info@lorenzovitale.it', 1, '', '', '', NULL, '', '', '', NULL, NULL, '', NULL, '', '', '', '', 0, '0', '0', 330, '0', '0', '0', '0', '0', '0', '0', 330, '330', '330', '0', 0, '', '', '', '');

-- --------------------------------------------------------

--
-- Struttura della tabella `prezzo_sezionali`
--

CREATE TABLE `prezzo_sezionali` (
  `sezionale` varchar(12) NOT NULL DEFAULT '',
  `da_altezza` int(4) NOT NULL DEFAULT '0',
  `a_altezza` int(4) NOT NULL DEFAULT '0',
  `da_lunghezza` int(4) NOT NULL DEFAULT '0',
  `a_lunghezza` int(4) NOT NULL DEFAULT '0',
  `costo` int(11) DEFAULT NULL
) ENGINE=InnoDB DEFAULT CHARSET=latin1;

--
-- Dump dei dati per la tabella `prezzo_sezionali`
--

INSERT INTO `prezzo_sezionali` (`sezionale`, `da_altezza`, `a_altezza`, `da_lunghezza`, `a_lunghezza`, `costo`) VALUES
('BIDOGA/LEGNO', 0, 1750, 0, 2000, 1382),
('BIDOGA/LEGNO', 0, 1750, 2001, 2250, 1417),
('BIDOGA/LEGNO', 0, 1750, 2251, 2500, 1452),
('BIDOGA/LEGNO', 0, 1750, 2501, 2750, 1488),
('BIDOGA/LEGNO', 0, 1750, 2751, 3000, 1523),
('BIDOGA/LEGNO', 0, 1750, 3001, 3250, 1681),
('BIDOGA/LEGNO', 0, 1750, 3251, 3500, 1716),
('BIDOGA/LEGNO', 0, 1750, 3501, 3750, 1751),
('BIDOGA/LEGNO', 0, 1750, 3751, 4000, 1786),
('BIDOGA/LEGNO', 0, 1750, 4001, 4250, 1822),
('BIDOGA/LEGNO', 0, 1750, 4251, 4500, 1857),
('BIDOGA/LEGNO', 0, 1750, 4501, 4750, 1892),
('BIDOGA/LEGNO', 0, 1750, 4751, 5000, 1927),
('BIDOGA/LEGNO', 1751, 2000, 0, 2000, 1382),
('BIDOGA/LEGNO', 1751, 2000, 2001, 2250, 1417),
('BIDOGA/LEGNO', 1751, 2000, 2251, 2500, 1452),
('BIDOGA/LEGNO', 1751, 2000, 2501, 2750, 1488),
('BIDOGA/LEGNO', 1751, 2000, 2751, 3000, 1523),
('BIDOGA/LEGNO', 1751, 2000, 3001, 3250, 1681),
('BIDOGA/LEGNO', 1751, 2000, 3251, 3500, 1716),
('BIDOGA/LEGNO', 1751, 2000, 3501, 3750, 1751),
('BIDOGA/LEGNO', 1751, 2000, 3751, 4000, 1786),
('BIDOGA/LEGNO', 1751, 2000, 4001, 4250, 1822),
('BIDOGA/LEGNO', 1751, 2000, 4251, 4500, 1857),
('BIDOGA/LEGNO', 1751, 2000, 4501, 4750, 1892),
('BIDOGA/LEGNO', 1751, 2000, 4751, 5000, 1927),
('BIDOGA/LEGNO', 2001, 2250, 0, 2000, 1454),
('BIDOGA/LEGNO', 2001, 2250, 2001, 2250, 1497),
('BIDOGA/LEGNO', 2001, 2250, 2251, 2500, 1541),
('BIDOGA/LEGNO', 2001, 2250, 2501, 2750, 1586),
('BIDOGA/LEGNO', 2001, 2250, 2751, 3000, 1630),
('BIDOGA/LEGNO', 2001, 2250, 3001, 3250, 1796),
('BIDOGA/LEGNO', 2001, 2250, 3251, 3500, 1840),
('BIDOGA/LEGNO', 2001, 2250, 3501, 3750, 1884),
('BIDOGA/LEGNO', 2001, 2250, 3751, 4000, 1929),
('BIDOGA/LEGNO', 2001, 2250, 4001, 4250, 1973),
('BIDOGA/LEGNO', 2001, 2250, 4251, 4500, 2016),
('BIDOGA/LEGNO', 2001, 2250, 4501, 4750, 2060),
('BIDOGA/LEGNO', 2001, 2250, 4751, 5000, 2105),
('BIDOGA/LEGNO', 2251, 2500, 0, 2000, 1454),
('BIDOGA/LEGNO', 2251, 2500, 2001, 2250, 1497),
('BIDOGA/LEGNO', 2251, 2500, 2251, 2500, 1541),
('BIDOGA/LEGNO', 2251, 2500, 2501, 2750, 1586),
('BIDOGA/LEGNO', 2251, 2500, 2751, 3000, 1630),
('BIDOGA/LEGNO', 2251, 2500, 3001, 3250, 1796),
('BIDOGA/LEGNO', 2251, 2500, 3251, 3500, 1840),
('BIDOGA/LEGNO', 2251, 2500, 3501, 3750, 1884),
('BIDOGA/LEGNO', 2251, 2500, 3751, 4000, 1929),
('BIDOGA/LEGNO', 2251, 2500, 4001, 4250, 1973),
('BIDOGA/LEGNO', 2251, 2500, 4251, 4500, 2016),
('BIDOGA/LEGNO', 2251, 2500, 4501, 4750, 2060),
('BIDOGA/LEGNO', 2251, 2500, 4751, 5000, 2105),
('BIDOGA/LEGNO', 2501, 2750, 0, 2000, 1585),
('BIDOGA/LEGNO', 2501, 2750, 2001, 2250, 1638),
('BIDOGA/LEGNO', 2501, 2750, 2251, 2500, 1691),
('BIDOGA/LEGNO', 2501, 2750, 2501, 2750, 1744),
('BIDOGA/LEGNO', 2501, 2750, 2751, 3000, 1796),
('BIDOGA/LEGNO', 2501, 2750, 3001, 3250, 1963),
('BIDOGA/LEGNO', 2501, 2750, 3251, 3500, 2015),
('BIDOGA/LEGNO', 2501, 2750, 3501, 3750, 2068),
('BIDOGA/LEGNO', 2501, 2750, 3751, 4000, 2121),
('BIDOGA/LEGNO', 2501, 2750, 4001, 4250, 2174),
('BIDOGA/LEGNO', 2501, 2750, 4251, 4500, 2226),
('BIDOGA/LEGNO', 2501, 2750, 4501, 4750, 2280),
('BIDOGA/LEGNO', 2501, 2750, 4751, 5000, 2332),
('BIDOGA/LEGNO', 2751, 3000, 0, 2000, 1585),
('BIDOGA/LEGNO', 2751, 3000, 2001, 2250, 1638),
('BIDOGA/LEGNO', 2751, 3000, 2251, 2500, 1691),
('BIDOGA/LEGNO', 2751, 3000, 2501, 2750, 1744),
('BIDOGA/LEGNO', 2751, 3000, 2751, 3000, 1796),
('BIDOGA/LEGNO', 2751, 3000, 3001, 3250, 1963),
('BIDOGA/LEGNO', 2751, 3000, 3251, 3500, 2015),
('BIDOGA/LEGNO', 2751, 3000, 3501, 3750, 2068),
('BIDOGA/LEGNO', 2751, 3000, 3751, 4000, 2121),
('BIDOGA/LEGNO', 2751, 3000, 4001, 4250, 2174),
('BIDOGA/LEGNO', 2751, 3000, 4251, 4500, 2226),
('BIDOGA/LEGNO', 2751, 3000, 4501, 4750, 2280),
('BIDOGA/LEGNO', 2751, 3000, 4751, 5000, 2332),
('BIDOGA/RAL', 0, 1750, 0, 2000, 1337),
('BIDOGA/RAL', 0, 1750, 2001, 2250, 1366),
('BIDOGA/RAL', 0, 1750, 2251, 2500, 1396),
('BIDOGA/RAL', 0, 1750, 2501, 2750, 1426),
('BIDOGA/RAL', 0, 1750, 2751, 3000, 1455),
('BIDOGA/RAL', 0, 1750, 3001, 3250, 1607),
('BIDOGA/RAL', 0, 1750, 3251, 3500, 1637),
('BIDOGA/RAL', 0, 1750, 3501, 3750, 1667),
('BIDOGA/RAL', 0, 1750, 3751, 4000, 1696),
('BIDOGA/RAL', 0, 1750, 4001, 4250, 1726),
('BIDOGA/RAL', 0, 1750, 4251, 4500, 1755),
('BIDOGA/RAL', 0, 1750, 4501, 4750, 1785),
('BIDOGA/RAL', 0, 1750, 4751, 5000, 1815),
('BIDOGA/RAL', 1751, 2000, 0, 2000, 1337),
('BIDOGA/RAL', 1751, 2000, 2001, 2250, 1366),
('BIDOGA/RAL', 1751, 2000, 2251, 2500, 1396),
('BIDOGA/RAL', 1751, 2000, 2501, 2750, 1426),
('BIDOGA/RAL', 1751, 2000, 2751, 3000, 1455),
('BIDOGA/RAL', 1751, 2000, 3001, 3250, 1607),
('BIDOGA/RAL', 1751, 2000, 3251, 3500, 1637),
('BIDOGA/RAL', 1751, 2000, 3501, 3750, 1667),
('BIDOGA/RAL', 1751, 2000, 3751, 4000, 1696),
('BIDOGA/RAL', 1751, 2000, 4001, 4250, 1726),
('BIDOGA/RAL', 1751, 2000, 4251, 4500, 1755),
('BIDOGA/RAL', 1751, 2000, 4501, 4750, 1785),
('BIDOGA/RAL', 1751, 2000, 4751, 5000, 1815),
('BIDOGA/RAL', 2001, 2250, 0, 2000, 1396),
('BIDOGA/RAL', 2001, 2250, 2001, 2250, 1434),
('BIDOGA/RAL', 2001, 2250, 2251, 2500, 1471),
('BIDOGA/RAL', 2001, 2250, 2501, 2750, 1507),
('BIDOGA/RAL', 2001, 2250, 2751, 3000, 1544),
('BIDOGA/RAL', 2001, 2250, 3001, 3250, 1703),
('BIDOGA/RAL', 2001, 2250, 3251, 3500, 1741),
('BIDOGA/RAL', 2001, 2250, 3501, 3750, 1778),
('BIDOGA/RAL', 2001, 2250, 3751, 4000, 1815),
('BIDOGA/RAL', 2001, 2250, 4001, 4250, 1851),
('BIDOGA/RAL', 2001, 2250, 4251, 4500, 1889),
('BIDOGA/RAL', 2001, 2250, 4501, 4750, 1926),
('BIDOGA/RAL', 2001, 2250, 4751, 5000, 1963),
('BIDOGA/RAL', 2251, 2500, 0, 2000, 1396),
('BIDOGA/RAL', 2251, 2500, 2001, 2250, 1434),
('BIDOGA/RAL', 2251, 2500, 2251, 2500, 1471),
('BIDOGA/RAL', 2251, 2500, 2501, 2750, 1507),
('BIDOGA/RAL', 2251, 2500, 2751, 3000, 1544),
('BIDOGA/RAL', 2251, 2500, 3001, 3250, 1703),
('BIDOGA/RAL', 2251, 2500, 3251, 3500, 1741),
('BIDOGA/RAL', 2251, 2500, 3501, 3750, 1778),
('BIDOGA/RAL', 2251, 2500, 3751, 4000, 1815),
('BIDOGA/RAL', 2251, 2500, 4001, 4250, 1851),
('BIDOGA/RAL', 2251, 2500, 4251, 4500, 1889),
('BIDOGA/RAL', 2251, 2500, 4501, 4750, 1926),
('BIDOGA/RAL', 2251, 2500, 4751, 5000, 1963),
('BIDOGA/RAL', 2501, 2750, 0, 2000, 1517),
('BIDOGA/RAL', 2501, 2750, 2001, 2250, 1561),
('BIDOGA/RAL', 2501, 2750, 2251, 2500, 1606),
('BIDOGA/RAL', 2501, 2750, 2501, 2750, 1650),
('BIDOGA/RAL', 2501, 2750, 2751, 3000, 1695),
('BIDOGA/RAL', 2501, 2750, 3001, 3250, 1851),
('BIDOGA/RAL', 2501, 2750, 3251, 3500, 1896),
('BIDOGA/RAL', 2501, 2750, 3501, 3750, 1940),
('BIDOGA/RAL', 2501, 2750, 3751, 4000, 1985),
('BIDOGA/RAL', 2501, 2750, 4001, 4250, 2029),
('BIDOGA/RAL', 2501, 2750, 4251, 4500, 2074),
('BIDOGA/RAL', 2501, 2750, 4501, 4750, 2118),
('BIDOGA/RAL', 2501, 2750, 4751, 5000, 2163),
('BIDOGA/RAL', 2751, 3000, 0, 2000, 1517),
('BIDOGA/RAL', 2751, 3000, 2001, 2250, 1561),
('BIDOGA/RAL', 2751, 3000, 2251, 2500, 1606),
('BIDOGA/RAL', 2751, 3000, 2501, 2750, 1650),
('BIDOGA/RAL', 2751, 3000, 2751, 3000, 1695),
('BIDOGA/RAL', 2751, 3000, 3001, 3250, 1851),
('BIDOGA/RAL', 2751, 3000, 3251, 3500, 1896),
('BIDOGA/RAL', 2751, 3000, 3501, 3750, 1940),
('BIDOGA/RAL', 2751, 3000, 3751, 4000, 1985),
('BIDOGA/RAL', 2751, 3000, 4001, 4250, 2029),
('BIDOGA/RAL', 2751, 3000, 4251, 4500, 2074),
('BIDOGA/RAL', 2751, 3000, 4501, 4750, 2118),
('BIDOGA/RAL', 2751, 3000, 4751, 5000, 2163),
('CASS/LEGNO', 0, 1750, 0, 2000, 1576),
('CASS/LEGNO', 0, 1750, 2001, 2250, 1576),
('CASS/LEGNO', 0, 1750, 2251, 2500, 1576),
('CASS/LEGNO', 0, 1750, 2501, 2750, 1700),
('CASS/LEGNO', 0, 1750, 2751, 3000, 1700),
('CASS/LEGNO', 0, 1750, 3001, 3250, 1823),
('CASS/LEGNO', 0, 1750, 3251, 3500, 1946),
('CASS/LEGNO', 0, 1750, 3501, 3750, 1946),
('CASS/LEGNO', 0, 1750, 3751, 4000, 1946),
('CASS/LEGNO', 0, 1750, 4001, 4250, 2070),
('CASS/LEGNO', 0, 1750, 4251, 4500, 2070),
('CASS/LEGNO', 0, 1750, 4501, 4750, 2070),
('CASS/LEGNO', 0, 1750, 4751, 5000, 2194),
('CASS/LEGNO', 1751, 2000, 0, 2000, 1576),
('CASS/LEGNO', 1751, 2000, 2001, 2250, 1576),
('CASS/LEGNO', 1751, 2000, 2251, 2500, 1576),
('CASS/LEGNO', 1751, 2000, 2501, 2750, 1700),
('CASS/LEGNO', 1751, 2000, 2751, 3000, 1700),
('CASS/LEGNO', 1751, 2000, 3001, 3250, 1823),
('CASS/LEGNO', 1751, 2000, 3251, 3500, 1946),
('CASS/LEGNO', 1751, 2000, 3501, 3750, 1946),
('CASS/LEGNO', 1751, 2000, 3751, 4000, 1946),
('CASS/LEGNO', 1751, 2000, 4001, 4250, 2070),
('CASS/LEGNO', 1751, 2000, 4251, 4500, 2070),
('CASS/LEGNO', 1751, 2000, 4501, 4750, 2070),
('CASS/LEGNO', 1751, 2000, 4751, 5000, 2194),
('CASS/LEGNO', 2001, 2250, 0, 2000, 1696),
('CASS/LEGNO', 2001, 2250, 2001, 2250, 1696),
('CASS/LEGNO', 2001, 2250, 2251, 2500, 1696),
('CASS/LEGNO', 2001, 2250, 2501, 2750, 1851),
('CASS/LEGNO', 2001, 2250, 2751, 3000, 1851),
('CASS/LEGNO', 2001, 2250, 3001, 3250, 1974),
('CASS/LEGNO', 2001, 2250, 3251, 3500, 2128),
('CASS/LEGNO', 2001, 2250, 3501, 3750, 2128),
('CASS/LEGNO', 2001, 2250, 3751, 4000, 2128),
('CASS/LEGNO', 2001, 2250, 4001, 4250, 2283),
('CASS/LEGNO', 2001, 2250, 4251, 4500, 2283),
('CASS/LEGNO', 2001, 2250, 4501, 4750, 2283),
('CASS/LEGNO', 2001, 2250, 4751, 5000, 2436),
('CASS/LEGNO', 2251, 2500, 0, 2000, 1696),
('CASS/LEGNO', 2251, 2500, 2001, 2250, 1696),
('CASS/LEGNO', 2251, 2500, 2251, 2500, 1696),
('CASS/LEGNO', 2251, 2500, 2501, 2750, 1851),
('CASS/LEGNO', 2251, 2500, 2751, 3000, 1851),
('CASS/LEGNO', 2251, 2500, 3001, 3250, 1974),
('CASS/LEGNO', 2251, 2500, 3251, 3500, 2128),
('CASS/LEGNO', 2251, 2500, 3501, 3750, 2128),
('CASS/LEGNO', 2251, 2500, 3751, 4000, 2128),
('CASS/LEGNO', 2251, 2500, 4001, 4250, 2283),
('CASS/LEGNO', 2251, 2500, 4251, 4500, 2283),
('CASS/LEGNO', 2251, 2500, 4501, 4750, 2283),
('CASS/LEGNO', 2251, 2500, 4751, 5000, 2436),
('CASS/LEGNO', 2501, 2750, 0, 2000, 1877),
('CASS/LEGNO', 2501, 2750, 2001, 2250, 1877),
('CASS/LEGNO', 2501, 2750, 2251, 2500, 1877),
('CASS/LEGNO', 2501, 2750, 2501, 2750, 2061),
('CASS/LEGNO', 2501, 2750, 2751, 3000, 2061),
('CASS/LEGNO', 2501, 2750, 3001, 3250, 2174),
('CASS/LEGNO', 2501, 2750, 3251, 3500, 2360),
('CASS/LEGNO', 2501, 2750, 3501, 3750, 2360),
('CASS/LEGNO', 2501, 2750, 3751, 4000, 2360),
('CASS/LEGNO', 2501, 2750, 4001, 4250, 2545),
('CASS/LEGNO', 2501, 2750, 4251, 4500, 2545),
('CASS/LEGNO', 2501, 2750, 4501, 4750, 2545),
('CASS/LEGNO', 2501, 2750, 4751, 5000, 2731),
('CASS/LEGNO', 2751, 3000, 0, 2000, 1877),
('CASS/LEGNO', 2751, 3000, 2001, 2250, 1877),
('CASS/LEGNO', 2751, 3000, 2251, 2500, 1877),
('CASS/LEGNO', 2751, 3000, 2501, 2750, 2061),
('CASS/LEGNO', 2751, 3000, 2751, 3000, 2061),
('CASS/LEGNO', 2751, 3000, 3001, 3250, 2174),
('CASS/LEGNO', 2751, 3000, 3251, 3500, 2360),
('CASS/LEGNO', 2751, 3000, 3501, 3750, 2360),
('CASS/LEGNO', 2751, 3000, 3751, 4000, 2360),
('CASS/LEGNO', 2751, 3000, 4001, 4250, 2545),
('CASS/LEGNO', 2751, 3000, 4251, 4500, 2545),
('CASS/LEGNO', 2751, 3000, 4501, 4750, 2545),
('CASS/LEGNO', 2751, 3000, 4751, 5000, 2731),
('CASS/RAL', 0, 1750, 0, 2000, 1499),
('CASS/RAL', 0, 1750, 2001, 2250, 1499),
('CASS/RAL', 0, 1750, 2251, 2500, 1499),
('CASS/RAL', 0, 1750, 2501, 2750, 1603),
('CASS/RAL', 0, 1750, 2751, 3000, 1603),
('CASS/RAL', 0, 1750, 3001, 3250, 1726),
('CASS/RAL', 0, 1750, 3251, 3500, 1829),
('CASS/RAL', 0, 1750, 3501, 3750, 1829),
('CASS/RAL', 0, 1750, 3751, 4000, 1829),
('CASS/RAL', 0, 1750, 4001, 4250, 1933),
('CASS/RAL', 0, 1750, 4251, 4500, 1933),
('CASS/RAL', 0, 1750, 4501, 4750, 1933),
('CASS/RAL', 0, 1750, 4751, 5000, 2036),
('CASS/RAL', 1751, 2000, 0, 2000, 1499),
('CASS/RAL', 1751, 2000, 2001, 2250, 1499),
('CASS/RAL', 1751, 2000, 2251, 2500, 1499),
('CASS/RAL', 1751, 2000, 2501, 2750, 1603),
('CASS/RAL', 1751, 2000, 2751, 3000, 1603),
('CASS/RAL', 1751, 2000, 3001, 3250, 1726),
('CASS/RAL', 1751, 2000, 3251, 3500, 1829),
('CASS/RAL', 1751, 2000, 3501, 3750, 1829),
('CASS/RAL', 1751, 2000, 3751, 4000, 1829),
('CASS/RAL', 1751, 2000, 4001, 4250, 1933),
('CASS/RAL', 1751, 2000, 4251, 4500, 1933),
('CASS/RAL', 1751, 2000, 4501, 4750, 1933),
('CASS/RAL', 1751, 2000, 4751, 5000, 2036),
('CASS/RAL', 2001, 2250, 0, 2000, 1600),
('CASS/RAL', 2001, 2250, 2001, 2250, 1600),
('CASS/RAL', 2001, 2250, 2251, 2500, 1600),
('CASS/RAL', 2001, 2250, 2501, 2750, 1730),
('CASS/RAL', 2001, 2250, 2751, 3000, 1730),
('CASS/RAL', 2001, 2250, 3001, 3250, 1851),
('CASS/RAL', 2001, 2250, 3251, 3500, 1981),
('CASS/RAL', 2001, 2250, 3501, 3750, 1981),
('CASS/RAL', 2001, 2250, 3751, 4000, 1981),
('CASS/RAL', 2001, 2250, 4001, 4250, 2111),
('CASS/RAL', 2001, 2250, 4251, 4500, 2111),
('CASS/RAL', 2001, 2250, 4501, 4750, 2111),
('CASS/RAL', 2001, 2250, 4751, 5000, 2240),
('CASS/RAL', 2251, 2500, 0, 2000, 1600),
('CASS/RAL', 2251, 2500, 2001, 2250, 1600),
('CASS/RAL', 2251, 2500, 2251, 2500, 1600),
('CASS/RAL', 2251, 2500, 2501, 2750, 1730),
('CASS/RAL', 2251, 2500, 2751, 3000, 1730),
('CASS/RAL', 2251, 2500, 3001, 3250, 1851),
('CASS/RAL', 2251, 2500, 3251, 3500, 1981),
('CASS/RAL', 2251, 2500, 3501, 3750, 1981),
('CASS/RAL', 2251, 2500, 3751, 4000, 1981),
('CASS/RAL', 2251, 2500, 4001, 4250, 2111),
('CASS/RAL', 2251, 2500, 4251, 4500, 2111),
('CASS/RAL', 2251, 2500, 4501, 4750, 2111),
('CASS/RAL', 2251, 2500, 4751, 5000, 2240),
('CASS/RAL', 2501, 2750, 0, 2000, 1761),
('CASS/RAL', 2501, 2750, 2001, 2250, 1761),
('CASS/RAL', 2501, 2750, 2251, 2500, 1761),
('CASS/RAL', 2501, 2750, 2501, 2750, 1916),
('CASS/RAL', 2501, 2750, 2751, 3000, 1916),
('CASS/RAL', 2501, 2750, 3001, 3250, 2029),
('CASS/RAL', 2501, 2750, 3251, 3500, 2184),
('CASS/RAL', 2501, 2750, 3501, 3750, 2184),
('CASS/RAL', 2501, 2750, 3751, 4000, 2184),
('CASS/RAL', 2501, 2750, 4001, 4250, 2341),
('CASS/RAL', 2501, 2750, 4251, 4500, 2341),
('CASS/RAL', 2501, 2750, 4501, 4750, 2341),
('CASS/RAL', 2501, 2750, 4751, 5000, 2496),
('CASS/RAL', 2751, 3000, 0, 2000, 1761),
('CASS/RAL', 2751, 3000, 2001, 2250, 1761),
('CASS/RAL', 2751, 3000, 2251, 2500, 1761),
('CASS/RAL', 2751, 3000, 2501, 2750, 1916),
('CASS/RAL', 2751, 3000, 2751, 3000, 1916),
('CASS/RAL', 2751, 3000, 3001, 3250, 2029),
('CASS/RAL', 2751, 3000, 3251, 3500, 2184),
('CASS/RAL', 2751, 3000, 3501, 3750, 2184),
('CASS/RAL', 2751, 3000, 3751, 4000, 2184),
('CASS/RAL', 2751, 3000, 4001, 4250, 2341),
('CASS/RAL', 2751, 3000, 4251, 4500, 2341),
('CASS/RAL', 2751, 3000, 4501, 4750, 2341),
('CASS/RAL', 2751, 3000, 4751, 5000, 2496),
('PIANO/LEGNO', 0, 1750, 0, 2000, 1423),
('PIANO/LEGNO', 0, 1750, 2001, 2250, 1464),
('PIANO/LEGNO', 0, 1750, 2251, 2500, 1504),
('PIANO/LEGNO', 0, 1750, 2501, 2750, 1544),
('PIANO/LEGNO', 0, 1750, 2751, 3000, 1585),
('PIANO/LEGNO', 0, 1750, 3001, 3250, 1747),
('PIANO/LEGNO', 0, 1750, 3251, 3500, 1788),
('PIANO/LEGNO', 0, 1750, 3501, 3750, 1827),
('PIANO/LEGNO', 0, 1750, 3751, 4000, 1868),
('PIANO/LEGNO', 0, 1750, 4001, 4250, 1909),
('PIANO/LEGNO', 0, 1750, 4251, 4500, 1949),
('PIANO/LEGNO', 0, 1750, 4501, 4750, 1990),
('PIANO/LEGNO', 0, 1750, 4751, 5000, 2029),
('PIANO/LEGNO', 1751, 2000, 0, 2000, 1423),
('PIANO/LEGNO', 1751, 2000, 2001, 2250, 1464),
('PIANO/LEGNO', 1751, 2000, 2251, 2500, 1504),
('PIANO/LEGNO', 1751, 2000, 2501, 2750, 1544),
('PIANO/LEGNO', 1751, 2000, 2751, 3000, 1585),
('PIANO/LEGNO', 1751, 2000, 3001, 3250, 1747),
('PIANO/LEGNO', 1751, 2000, 3251, 3500, 1788),
('PIANO/LEGNO', 1751, 2000, 3501, 3750, 1827),
('PIANO/LEGNO', 1751, 2000, 3751, 4000, 1868),
('PIANO/LEGNO', 1751, 2000, 4001, 4250, 1909),
('PIANO/LEGNO', 1751, 2000, 4251, 4500, 1949),
('PIANO/LEGNO', 1751, 2000, 4501, 4750, 1990),
('PIANO/LEGNO', 1751, 2000, 4751, 5000, 2029),
('PIANO/LEGNO', 2001, 2250, 0, 2000, 1504),
('PIANO/LEGNO', 2001, 2250, 2001, 2250, 1555),
('PIANO/LEGNO', 2001, 2250, 2251, 2500, 1606),
('PIANO/LEGNO', 2001, 2250, 2501, 2750, 1655),
('PIANO/LEGNO', 2001, 2250, 2751, 3000, 1706),
('PIANO/LEGNO', 2001, 2250, 3001, 3250, 1880),
('PIANO/LEGNO', 2001, 2250, 3251, 3500, 1929),
('PIANO/LEGNO', 2001, 2250, 3501, 3750, 1980),
('PIANO/LEGNO', 2001, 2250, 3751, 4000, 2030),
('PIANO/LEGNO', 2001, 2250, 4001, 4250, 2081),
('PIANO/LEGNO', 2001, 2250, 4251, 4500, 2131),
('PIANO/LEGNO', 2001, 2250, 4501, 4750, 2181),
('PIANO/LEGNO', 2001, 2250, 4751, 5000, 2232),
('PIANO/LEGNO', 2251, 2500, 0, 2000, 1504),
('PIANO/LEGNO', 2251, 2500, 2001, 2250, 1555),
('PIANO/LEGNO', 2251, 2500, 2251, 2500, 1606),
('PIANO/LEGNO', 2251, 2500, 2501, 2750, 1655),
('PIANO/LEGNO', 2251, 2500, 2751, 3000, 1706),
('PIANO/LEGNO', 2251, 2500, 3001, 3250, 1880),
('PIANO/LEGNO', 2251, 2500, 3251, 3500, 1929),
('PIANO/LEGNO', 2251, 2500, 3501, 3750, 1980),
('PIANO/LEGNO', 2251, 2500, 3751, 4000, 2030),
('PIANO/LEGNO', 2251, 2500, 4001, 4250, 2081),
('PIANO/LEGNO', 2251, 2500, 4251, 4500, 2131),
('PIANO/LEGNO', 2251, 2500, 4501, 4750, 2181),
('PIANO/LEGNO', 2251, 2500, 4751, 5000, 2232),
('PIANO/LEGNO', 2501, 2750, 0, 2000, 1647),
('PIANO/LEGNO', 2501, 2750, 2001, 2250, 1708),
('PIANO/LEGNO', 2501, 2750, 2251, 2500, 1768),
('PIANO/LEGNO', 2501, 2750, 2501, 2750, 1827),
('PIANO/LEGNO', 2501, 2750, 2751, 3000, 1888),
('PIANO/LEGNO', 2501, 2750, 3001, 3250, 2061),
('PIANO/LEGNO', 2501, 2750, 3251, 3500, 2122),
('PIANO/LEGNO', 2501, 2750, 3501, 3750, 2183),
('PIANO/LEGNO', 2501, 2750, 3751, 4000, 2243),
('PIANO/LEGNO', 2501, 2750, 4001, 4250, 2304),
('PIANO/LEGNO', 2501, 2750, 4251, 4500, 2365),
('PIANO/LEGNO', 2501, 2750, 4501, 4750, 2425),
('PIANO/LEGNO', 2501, 2750, 4751, 5000, 2486),
('PIANO/LEGNO', 2751, 3000, 0, 2000, 1647),
('PIANO/LEGNO', 2751, 3000, 2001, 2250, 1708),
('PIANO/LEGNO', 2751, 3000, 2251, 2500, 1768),
('PIANO/LEGNO', 2751, 3000, 2501, 2750, 1827),
('PIANO/LEGNO', 2751, 3000, 2751, 3000, 1888),
('PIANO/LEGNO', 2751, 3000, 3001, 3250, 2061),
('PIANO/LEGNO', 2751, 3000, 3251, 3500, 2122),
('PIANO/LEGNO', 2751, 3000, 3501, 3750, 2183),
('PIANO/LEGNO', 2751, 3000, 3751, 4000, 2243),
('PIANO/LEGNO', 2751, 3000, 4001, 4250, 2304),
('PIANO/LEGNO', 2751, 3000, 4251, 4500, 2365),
('PIANO/LEGNO', 2751, 3000, 4501, 4750, 2425),
('PIANO/LEGNO', 2751, 3000, 4751, 5000, 2486),
('PIANO/RAL', 0, 1750, 0, 2000, 1371),
('PIANO/RAL', 0, 1750, 2001, 2250, 1404),
('PIANO/RAL', 0, 1750, 2251, 2500, 1438),
('PIANO/RAL', 0, 1750, 2501, 2750, 1472),
('PIANO/RAL', 0, 1750, 2751, 3000, 1506),
('PIANO/RAL', 0, 1750, 3001, 3250, 1662),
('PIANO/RAL', 0, 1750, 3251, 3500, 1696),
('PIANO/RAL', 0, 1750, 3501, 3750, 1730),
('PIANO/RAL', 0, 1750, 3751, 4000, 1764),
('PIANO/RAL', 0, 1750, 4001, 4250, 1798),
('PIANO/RAL', 0, 1750, 4251, 4500, 1832),
('PIANO/RAL', 0, 1750, 4501, 4750, 1865),
('PIANO/RAL', 0, 1750, 4751, 5000, 1899),
('PIANO/RAL', 1751, 2000, 0, 2000, 1371),
('PIANO/RAL', 1751, 2000, 2001, 2250, 1404),
('PIANO/RAL', 1751, 2000, 2251, 2500, 1438),
('PIANO/RAL', 1751, 2000, 2501, 2750, 1472),
('PIANO/RAL', 1751, 2000, 2751, 3000, 1506),
('PIANO/RAL', 1751, 2000, 3001, 3250, 1662),
('PIANO/RAL', 1751, 2000, 3251, 3500, 1696),
('PIANO/RAL', 1751, 2000, 3501, 3750, 1730),
('PIANO/RAL', 1751, 2000, 3751, 4000, 1764),
('PIANO/RAL', 1751, 2000, 4001, 4250, 1798),
('PIANO/RAL', 1751, 2000, 4251, 4500, 1832),
('PIANO/RAL', 1751, 2000, 4501, 4750, 1865),
('PIANO/RAL', 1751, 2000, 4751, 5000, 1899),
('PIANO/RAL', 2001, 2250, 0, 2000, 1440),
('PIANO/RAL', 2001, 2250, 2001, 2250, 1482),
('PIANO/RAL', 2001, 2250, 2251, 2500, 1524),
('PIANO/RAL', 2001, 2250, 2501, 2750, 1567),
('PIANO/RAL', 2001, 2250, 2751, 3000, 1609),
('PIANO/RAL', 2001, 2250, 3001, 3250, 1772),
('PIANO/RAL', 2001, 2250, 3251, 3500, 1815),
('PIANO/RAL', 2001, 2250, 3501, 3750, 1857),
('PIANO/RAL', 2001, 2250, 3751, 4000, 1899),
('PIANO/RAL', 2001, 2250, 4001, 4250, 1942),
('PIANO/RAL', 2001, 2250, 4251, 4500, 1984),
('PIANO/RAL', 2001, 2250, 4501, 4750, 2026),
('PIANO/RAL', 2001, 2250, 4751, 5000, 2068),
('PIANO/RAL', 2251, 2500, 0, 2000, 1440),
('PIANO/RAL', 2251, 2500, 2001, 2250, 1482),
('PIANO/RAL', 2251, 2500, 2251, 2500, 1524),
('PIANO/RAL', 2251, 2500, 2501, 2750, 1567),
('PIANO/RAL', 2251, 2500, 2751, 3000, 1609),
('PIANO/RAL', 2251, 2500, 3001, 3250, 1772),
('PIANO/RAL', 2251, 2500, 3251, 3500, 1815),
('PIANO/RAL', 2251, 2500, 3501, 3750, 1857),
('PIANO/RAL', 2251, 2500, 3751, 4000, 1899),
('PIANO/RAL', 2251, 2500, 4001, 4250, 1942),
('PIANO/RAL', 2251, 2500, 4251, 4500, 1984),
('PIANO/RAL', 2251, 2500, 4501, 4750, 2026),
('PIANO/RAL', 2251, 2500, 4751, 5000, 2068),
('PIANO/RAL', 2501, 2750, 0, 2000, 1568),
('PIANO/RAL', 2501, 2750, 2001, 2250, 1619),
('PIANO/RAL', 2501, 2750, 2251, 2500, 1669),
('PIANO/RAL', 2501, 2750, 2501, 2750, 1720),
('PIANO/RAL', 2501, 2750, 2751, 3000, 1771),
('PIANO/RAL', 2501, 2750, 3001, 3250, 1935),
('PIANO/RAL', 2501, 2750, 3251, 3500, 1985),
('PIANO/RAL', 2501, 2750, 3501, 3750, 2036),
('PIANO/RAL', 2501, 2750, 3751, 4000, 2087),
('PIANO/RAL', 2501, 2750, 4001, 4250, 2138),
('PIANO/RAL', 2501, 2750, 4251, 4500, 2188),
('PIANO/RAL', 2501, 2750, 4501, 4750, 2239),
('PIANO/RAL', 2501, 2750, 4751, 5000, 2290),
('PIANO/RAL', 2751, 3000, 0, 2000, 1568),
('PIANO/RAL', 2751, 3000, 2001, 2250, 1619),
('PIANO/RAL', 2751, 3000, 2251, 2500, 1699),
('PIANO/RAL', 2751, 3000, 2501, 2750, 1720),
('PIANO/RAL', 2751, 3000, 2751, 3000, 1771),
('PIANO/RAL', 2751, 3000, 3001, 3250, 1935),
('PIANO/RAL', 2751, 3000, 3251, 3500, 1985),
('PIANO/RAL', 2751, 3000, 3501, 3750, 2036),
('PIANO/RAL', 2751, 3000, 3751, 4000, 2087),
('PIANO/RAL', 2751, 3000, 4001, 4250, 2138),
('PIANO/RAL', 2751, 3000, 4251, 4500, 2188),
('PIANO/RAL', 2751, 3000, 4501, 4750, 2239),
('PIANO/RAL', 2751, 3000, 4751, 5000, 2290),
('R100/LEGNO', 0, 1750, 0, 2000, 1382),
('R100/LEGNO', 0, 1750, 2001, 2250, 1417),
('R100/LEGNO', 0, 1750, 2251, 2500, 1452),
('R100/LEGNO', 0, 1750, 2501, 2750, 1488),
('R100/LEGNO', 0, 1750, 2751, 3000, 1523),
('R100/LEGNO', 0, 1750, 3001, 3250, 1681),
('R100/LEGNO', 0, 1750, 3251, 3500, 1716),
('R100/LEGNO', 0, 1750, 3501, 3750, 1751),
('R100/LEGNO', 0, 1750, 3751, 4000, 1786),
('R100/LEGNO', 0, 1750, 4001, 4250, 1822),
('R100/LEGNO', 0, 1750, 4251, 4500, 1857),
('R100/LEGNO', 0, 1750, 4501, 4750, 1892),
('R100/LEGNO', 0, 1750, 4751, 5000, 1927),
('R100/LEGNO', 1751, 2000, 0, 2000, 1382),
('R100/LEGNO', 1751, 2000, 2001, 2250, 1417),
('R100/LEGNO', 1751, 2000, 2251, 2500, 1452),
('R100/LEGNO', 1751, 2000, 2501, 2750, 1488),
('R100/LEGNO', 1751, 2000, 2751, 3000, 1523),
('R100/LEGNO', 1751, 2000, 3001, 3250, 1681),
('R100/LEGNO', 1751, 2000, 3251, 3500, 1716),
('R100/LEGNO', 1751, 2000, 3501, 3750, 1751),
('R100/LEGNO', 1751, 2000, 3751, 4000, 1786),
('R100/LEGNO', 1751, 2000, 4001, 4250, 1822),
('R100/LEGNO', 1751, 2000, 4251, 4500, 1857),
('R100/LEGNO', 1751, 2000, 4501, 4750, 1892),
('R100/LEGNO', 1751, 2000, 4751, 5000, 1927),
('R100/LEGNO', 2001, 2250, 0, 2000, 1454),
('R100/LEGNO', 2001, 2250, 2001, 2250, 1497),
('R100/LEGNO', 2001, 2250, 2251, 2500, 1541),
('R100/LEGNO', 2001, 2250, 2501, 2750, 1586),
('R100/LEGNO', 2001, 2250, 2751, 3000, 1630),
('R100/LEGNO', 2001, 2250, 3001, 3250, 1796),
('R100/LEGNO', 2001, 2250, 3251, 3500, 1840),
('R100/LEGNO', 2001, 2250, 3501, 3750, 1884),
('R100/LEGNO', 2001, 2250, 3751, 4000, 1929),
('R100/LEGNO', 2001, 2250, 4001, 4250, 1973),
('R100/LEGNO', 2001, 2250, 4251, 4500, 2016),
('R100/LEGNO', 2001, 2250, 4501, 4750, 2060),
('R100/LEGNO', 2001, 2250, 4751, 5000, 2105),
('R100/LEGNO', 2251, 2500, 0, 2000, 1454),
('R100/LEGNO', 2251, 2500, 2001, 2250, 1497),
('R100/LEGNO', 2251, 2500, 2251, 2500, 1541),
('R100/LEGNO', 2251, 2500, 2501, 2750, 1586),
('R100/LEGNO', 2251, 2500, 2751, 3000, 1630),
('R100/LEGNO', 2251, 2500, 3001, 3250, 1796),
('R100/LEGNO', 2251, 2500, 3251, 3500, 1840),
('R100/LEGNO', 2251, 2500, 3501, 3750, 1884),
('R100/LEGNO', 2251, 2500, 3751, 4000, 1929),
('R100/LEGNO', 2251, 2500, 4001, 4250, 1973),
('R100/LEGNO', 2251, 2500, 4251, 4500, 2016),
('R100/LEGNO', 2251, 2500, 4501, 4750, 2060),
('R100/LEGNO', 2251, 2500, 4751, 5000, 2105),
('R100/LEGNO', 2501, 2750, 0, 2000, 1585),
('R100/LEGNO', 2501, 2750, 2001, 2250, 1638),
('R100/LEGNO', 2501, 2750, 2251, 2500, 1691),
('R100/LEGNO', 2501, 2750, 2501, 2750, 1744),
('R100/LEGNO', 2501, 2750, 2751, 3000, 1796),
('R100/LEGNO', 2501, 2750, 3001, 3250, 1963),
('R100/LEGNO', 2501, 2750, 3251, 3500, 2015),
('R100/LEGNO', 2501, 2750, 3501, 3750, 2068),
('R100/LEGNO', 2501, 2750, 3751, 4000, 2121),
('R100/LEGNO', 2501, 2750, 4001, 4250, 2174),
('R100/LEGNO', 2501, 2750, 4251, 4500, 2226),
('R100/LEGNO', 2501, 2750, 4501, 4750, 2280),
('R100/LEGNO', 2501, 2750, 4751, 5000, 2332),
('R100/LEGNO', 2751, 3000, 0, 2000, 1585),
('R100/LEGNO', 2751, 3000, 2001, 2250, 1638),
('R100/LEGNO', 2751, 3000, 2251, 2500, 1691),
('R100/LEGNO', 2751, 3000, 2501, 2750, 1744),
('R100/LEGNO', 2751, 3000, 2751, 3000, 1796),
('R100/LEGNO', 2751, 3000, 3001, 3250, 1963),
('R100/LEGNO', 2751, 3000, 3251, 3500, 2015),
('R100/LEGNO', 2751, 3000, 3501, 3750, 2068),
('R100/LEGNO', 2751, 3000, 3751, 4000, 2121),
('R100/LEGNO', 2751, 3000, 4001, 4250, 2174),
('R100/LEGNO', 2751, 3000, 4251, 4500, 2226),
('R100/LEGNO', 2751, 3000, 4501, 4750, 2280),
('R100/LEGNO', 2751, 3000, 4751, 5000, 2332),
('R100/RAL', 0, 1750, 0, 2000, 1337),
('R100/RAL', 0, 1750, 2001, 2250, 1366),
('R100/RAL', 0, 1750, 2251, 2500, 1396),
('R100/RAL', 0, 1750, 2501, 2750, 1426),
('R100/RAL', 0, 1750, 2751, 3000, 1455),
('R100/RAL', 0, 1750, 3001, 3250, 1607),
('R100/RAL', 0, 1750, 3251, 3500, 1637),
('R100/RAL', 0, 1750, 3501, 3750, 1667),
('R100/RAL', 0, 1750, 3751, 4000, 1696),
('R100/RAL', 0, 1750, 4001, 4250, 1726),
('R100/RAL', 0, 1750, 4251, 4500, 1755),
('R100/RAL', 0, 1750, 4501, 4750, 1785),
('R100/RAL', 0, 1750, 4751, 5000, 1815),
('R100/RAL', 1751, 2000, 0, 2000, 1337),
('R100/RAL', 1751, 2000, 2001, 2250, 1366),
('R100/RAL', 1751, 2000, 2251, 2500, 1396),
('R100/RAL', 1751, 2000, 2501, 2750, 1426),
('R100/RAL', 1751, 2000, 2751, 3000, 1455),
('R100/RAL', 1751, 2000, 3001, 3250, 1607),
('R100/RAL', 1751, 2000, 3251, 3500, 1637),
('R100/RAL', 1751, 2000, 3501, 3750, 1667),
('R100/RAL', 1751, 2000, 3751, 4000, 1696),
('R100/RAL', 1751, 2000, 4001, 4250, 1726),
('R100/RAL', 1751, 2000, 4251, 4500, 1755),
('R100/RAL', 1751, 2000, 4501, 4750, 1785),
('R100/RAL', 1751, 2000, 4751, 5000, 1815),
('R100/RAL', 2001, 2250, 0, 2000, 1396),
('R100/RAL', 2001, 2250, 2001, 2250, 1434),
('R100/RAL', 2001, 2250, 2251, 2500, 1471),
('R100/RAL', 2001, 2250, 2501, 2750, 1507),
('R100/RAL', 2001, 2250, 2751, 3000, 1544),
('R100/RAL', 2001, 2250, 3001, 3250, 1703),
('R100/RAL', 2001, 2250, 3251, 3500, 1741),
('R100/RAL', 2001, 2250, 3501, 3750, 1778),
('R100/RAL', 2001, 2250, 3751, 4000, 1815),
('R100/RAL', 2001, 2250, 4001, 4250, 1851),
('R100/RAL', 2001, 2250, 4251, 4500, 1889),
('R100/RAL', 2001, 2250, 4501, 4750, 1926),
('R100/RAL', 2001, 2250, 4751, 5000, 1963),
('R100/RAL', 2251, 2500, 0, 2000, 1396),
('R100/RAL', 2251, 2500, 2001, 2250, 1434),
('R100/RAL', 2251, 2500, 2251, 2500, 1471),
('R100/RAL', 2251, 2500, 2501, 2750, 1507),
('R100/RAL', 2251, 2500, 2751, 3000, 1544),
('R100/RAL', 2251, 2500, 3001, 3250, 1703),
('R100/RAL', 2251, 2500, 3251, 3500, 1741),
('R100/RAL', 2251, 2500, 3501, 3750, 1778),
('R100/RAL', 2251, 2500, 3751, 4000, 1815),
('R100/RAL', 2251, 2500, 4001, 4250, 1851),
('R100/RAL', 2251, 2500, 4251, 4500, 1889),
('R100/RAL', 2251, 2500, 4501, 4750, 1926),
('R100/RAL', 2251, 2500, 4751, 5000, 1963),
('R100/RAL', 2501, 2750, 0, 2000, 1517),
('R100/RAL', 2501, 2750, 2001, 2250, 1561),
('R100/RAL', 2501, 2750, 2251, 2500, 1606),
('R100/RAL', 2501, 2750, 2501, 2750, 1650),
('R100/RAL', 2501, 2750, 2751, 3000, 1695),
('R100/RAL', 2501, 2750, 3001, 3250, 1851),
('R100/RAL', 2501, 2750, 3251, 3500, 1896),
('R100/RAL', 2501, 2750, 3501, 3750, 1940),
('R100/RAL', 2501, 2750, 3751, 4000, 1985),
('R100/RAL', 2501, 2750, 4001, 4250, 2029),
('R100/RAL', 2501, 2750, 4251, 4500, 2074),
('R100/RAL', 2501, 2750, 4501, 4750, 2118),
('R100/RAL', 2501, 2750, 4751, 5000, 2163),
('R100/RAL', 2751, 3000, 0, 2000, 1517),
('R100/RAL', 2751, 3000, 2001, 2250, 1561),
('R100/RAL', 2751, 3000, 2251, 2500, 1606),
('R100/RAL', 2751, 3000, 2501, 2750, 1650),
('R100/RAL', 2751, 3000, 2751, 3000, 1695),
('R100/RAL', 2751, 3000, 3001, 3250, 1851),
('R100/RAL', 2751, 3000, 3251, 3500, 1896),
('R100/RAL', 2751, 3000, 3501, 3750, 1940),
('R100/RAL', 2751, 3000, 3751, 4000, 1985),
('R100/RAL', 2751, 3000, 4001, 4250, 2029),
('R100/RAL', 2751, 3000, 4251, 4500, 2074),
('R100/RAL', 2751, 3000, 4501, 4750, 2118),
('R100/RAL', 2751, 3000, 4751, 5000, 2163);

-- --------------------------------------------------------

--
-- Struttura della tabella `province`
--

CREATE TABLE `province` (
  `id` int(11) NOT NULL,
  `nome` varchar(100) NOT NULL,
  `sigla` varchar(3) NOT NULL,
  `id_regione` int(11) DEFAULT NULL
) ENGINE=InnoDB DEFAULT CHARSET=latin1;

--
-- Dump dei dati per la tabella `province`
--

INSERT INTO `province` (`id`, `nome`, `sigla`, `id_regione`) VALUES
(1, 'Torino', 'TO', 1),
(2, 'Vercelli', 'VC', 1),
(3, 'Novara', 'NO', 1),
(4, 'Cuneo', 'CN', 1),
(5, 'Asti', 'AT', 1),
(6, 'Alessandria', 'AL', 1),
(7, 'Valle d\'Aosta', 'AO', 2),
(8, 'Imperia', 'IM', 7),
(9, 'Savona', 'SV', 7),
(10, 'Genova', 'GE', 7),
(11, 'La Spezia', 'SP', 7),
(12, 'Varese', 'VA', 3),
(13, 'Como', 'CO', 3),
(14, 'Sondrio', 'SO', 3),
(15, 'Milano', 'MI', 3),
(16, 'Bergamo', 'BG', 3),
(17, 'Brescia', 'BS', 3),
(18, 'Pavia', 'PV', 3),
(19, 'Cremona', 'CR', 3),
(20, 'Mantova', 'MN', 3),
(21, 'Bolzano', 'BZ', 4),
(22, 'Trento', 'TN', 4),
(23, 'Verona', 'VR', 5),
(24, 'Vicenza', 'VI', 5),
(25, 'Belluno', 'BL', 5),
(26, 'Treviso', 'TV', 5),
(27, 'Venezia', 'VE', 5),
(28, 'Padova', 'PD', 5),
(29, 'Rovigo', 'RO', 5),
(30, 'Udine', 'UD', 6),
(31, 'Gorizia', 'GO', 6),
(32, 'Trieste', 'TS', 6),
(33, 'Piacenza', 'PC', 8),
(34, 'Parma', 'PR', 8),
(35, 'Reggio nell\'Emilia', 'RE', 8),
(36, 'Modena', 'MO', 8),
(37, 'Bologna', 'BO', 8),
(38, 'Ferrara', 'FE', 8),
(39, 'Ravenna', 'RA', 8),
(40, 'For&igrave;-Cesena', 'FC', 8),
(41, 'Pesaro e Urbino', 'PU', 11),
(42, 'Ancona', 'AN', 11),
(43, 'Macerata', 'MC', 11),
(44, 'Ascoli Piceno', 'AP', 11),
(45, 'Massa-Carrara', 'MS', 9),
(46, 'Lucca', 'LU', 9),
(47, 'Pistoia', 'PT', 9),
(48, 'Firenze', 'FI', 9),
(49, 'Livorno', 'LI', 9),
(50, 'Pisa', 'PI', 9),
(51, 'Arezzo', 'AR', 9),
(52, 'Siena', 'SI', 9),
(53, 'Grosseto', 'GR', 9),
(54, 'Perugia', 'PG', 10),
(55, 'Terni', 'TR', 10),
(56, 'Viterbo', 'VT', 12),
(57, 'Rieti', 'RI', 12),
(58, 'Roma', 'RM', 12),
(59, 'Latina', 'LT', 12),
(60, 'Frosinone', 'FR', 12),
(61, 'Caserta', 'CE', 15),
(62, 'Benevento', 'BN', 15),
(63, 'Napoli', 'NA', 15),
(64, 'Avellino', 'AV', 15),
(65, 'Salerno', 'SA', 15),
(66, 'L\'Aquila', 'AQ', 13),
(67, 'Teramo', 'TE', 13),
(68, 'Pescara', 'PE', 13),
(69, 'Chieti', 'CH', 13),
(70, 'Campobasso', 'CB', 14),
(71, 'Foggia', 'FG', 16),
(72, 'Bari', 'BA', 16),
(73, 'Taranto', 'TA', 16),
(74, 'Brindisi', 'BR', 16),
(75, 'Lecce', 'LE', 16),
(76, 'Potenza', 'PZ', 17),
(77, 'Matera', 'MT', 17),
(78, 'Cosenza', 'CS', 18),
(79, 'Catanzaro', 'CZ', 18),
(80, 'Reggio di Calabria', 'RC', 18),
(81, 'Trapani', 'TP', 19),
(82, 'Palermo', 'PA', 19),
(83, 'Messina', 'ME', 19),
(84, 'Agrigento', 'AG', 19),
(85, 'Caltanissetta', 'CL', 19),
(86, 'Enna', 'EN', 19),
(87, 'Catania', 'CT', 19),
(88, 'Ragusa', 'RG', 19),
(89, 'Siracusa', 'SR', 19),
(90, 'Sassari', 'SS', 20),
(91, 'Nuoro', 'NU', 20),
(92, 'Cagliari', 'CA', 20),
(93, 'Pordenone', 'PN', 6),
(94, 'Isernia', 'IS', 14),
(95, 'Oristano', 'OR', 20),
(96, 'Biella', 'BI', 1),
(97, 'Lecco', 'LC', 3),
(98, 'Lodi', 'LO', 3),
(99, 'Rimini', 'RN', 8),
(100, 'Prato', 'PO', 9),
(101, 'Crotone', 'KR', 18),
(102, 'Vibo Valentia', 'VV', 18),
(103, 'Verbano-Cusio-Ossola', 'VB', 1),
(104, 'Olbia-Tempio', 'OT', 20),
(105, 'Ogliastra', 'OG', 20),
(106, 'Medio Campidano', 'VS', 20),
(107, 'Carbonia-Iglesias', 'CI', 20),
(108, 'Monza e della Brianza', 'MB', 3),
(109, 'Fermo', 'FM', 11),
(110, 'Barletta-Andria-Trani', 'BT', 16);

-- --------------------------------------------------------

--
-- Struttura della tabella `regioni`
--

CREATE TABLE `regioni` (
  `id` int(11) NOT NULL,
  `nome` varchar(100) NOT NULL
) ENGINE=InnoDB DEFAULT CHARSET=latin1;

--
-- Dump dei dati per la tabella `regioni`
--

INSERT INTO `regioni` (`id`, `nome`) VALUES
(1, 'Piemonte'),
(2, 'Valle d\'Aosta'),
(3, 'Lombardia'),
(4, 'Trentino-Alto Adige'),
(5, 'Veneto'),
(6, 'Friuli-Venezia Giulia'),
(7, 'Liguria'),
(8, 'Emilia-Romagna'),
(9, 'Toscana'),
(10, 'Umbria'),
(11, 'Marche'),
(12, 'Lazio'),
(13, 'Abruzzo'),
(14, 'Molise'),
(15, 'Campania'),
(16, 'Puglia'),
(17, 'Basilicata'),
(18, 'Calabria'),
(19, 'Sicilia'),
(20, 'Sardegna');

-- --------------------------------------------------------

--
-- Struttura della tabella `rubrica`
--

CREATE TABLE `rubrica` (
  `data_inserimento` varchar(14) NOT NULL DEFAULT '',
  `ragione_sociale` varchar(70) NOT NULL,
  `attivita` varchar(150) NOT NULL,
  `partita_iva` varchar(70) NOT NULL,
  `codice_fiscale` varchar(70) NOT NULL,
  `indirizzo` int(11) DEFAULT NULL,
  `telefono` varchar(20) DEFAULT NULL,
  `cellulare` varchar(20) DEFAULT NULL,
  `fax` varchar(20) DEFAULT NULL,
  `email` varchar(40) DEFAULT NULL,
  `responsabile` varchar(70) DEFAULT NULL,
  `banca` varchar(70) DEFAULT NULL,
  `iban` varchar(70) DEFAULT NULL,
  `agente` varchar(70) DEFAULT NULL,
  `regione` varchar(40) DEFAULT NULL,
  `provincia` varchar(40) DEFAULT NULL,
  `capo_area` varchar(70) DEFAULT NULL,
  `indirizzo_cantiere` int(11) DEFAULT NULL,
  `denominazione_cantiere` varchar(70) DEFAULT NULL,
  `referente_cantiere` varchar(70) DEFAULT NULL,
  `email_referente` varchar(70) DEFAULT NULL,
  `cellulare_referente` varchar(20) DEFAULT NULL,
  `aliquota_iva` float DEFAULT NULL,
  `modalita_pagamento` varchar(70) DEFAULT NULL,
  `account` varchar(40) DEFAULT NULL
) ENGINE=InnoDB DEFAULT CHARSET=latin1;

-- --------------------------------------------------------

--
-- Struttura della tabella `ruoli`
--

CREATE TABLE `ruoli` (
  `id` int(1) NOT NULL DEFAULT '0',
  `etichetta` varchar(15) NOT NULL,
  `descrizione` varchar(150) DEFAULT NULL
) ENGINE=InnoDB DEFAULT CHARSET=latin1;

--
-- Dump dei dati per la tabella `ruoli`
--

INSERT INTO `ruoli` (`id`, `etichetta`, `descrizione`) VALUES
(0, 'ROLE_ADMIN', 'Amministratore'),
(1, 'ROLE_ASSISTANT', 'Agente'),
(2, 'ROLE_USER', 'Stagista');

-- --------------------------------------------------------

--
-- Struttura della tabella `sessioni`
--

CREATE TABLE `sessioni` (
  `token` varchar(32) NOT NULL,
  `account` varchar(40) DEFAULT NULL
) ENGINE=InnoDB DEFAULT CHARSET=latin1;

--
-- Dump dei dati per la tabella `sessioni`
--

INSERT INTO `sessioni` (`token`, `account`) VALUES
('00d0gtlbkinv2p289n0hm917i5zyzk32', 'carmine.altamura@cerratospa.com'),
('0ckfs6oiitiiex2qyp4cuixszl11kchw', 'lorenzo.'),
('0p4ulmwnkq2a3hcomuvhggp38kyc7ife', 'carmine.altamura@cerratospa.com'),
('1ysr5vgnks15xwnjbl70cr2amhstb7ue', 'lorenzo.'),
('31ad5pz4ozgaoolq07qvpc9w6bjjm94m', 'l.vitale@live.it'),
('37vchnfwakong5a8frbqgxbnj5r1xtpc', 'lorenzo.'),
('4lbo4yaaoq132cmcd4mk8p45sjg63g8f', 'orlando.cerrato'),
('4sitgjma231d2eeljetusy3bysf5kyjg', 'giuseppe.altobelli.95@gmail.com'),
('5iwqxv52f61bfawm31nz5h5c9zbv06n9', 'cristian.iannelli@cerratospa.com'),
('5ls2f6ar1l9qm1k53exeixif6h624yen', 'antonio.perullo@cerratospa.com'),
('5rhoupeae5k48y8gq95lpqz7wugn5kr2', 'lorenzo.'),
('6b8woml823akalecc1x2rujtlw0cx1dd', 'carmine.altamura@cerratospa.com'),
('6hgd61mhkbadyweiepu2jk4wlvh2xsl6', 'carmine.altamura@cerratospa.com'),
('726m7pqrehh06lzc45z6opatmbnm3uam', 'lorenzo.'),
('7tk00zsmm9udc3il2pklqd2d6av13gaw', 'lorenzo.'),
('8ulpo085jhw855exnftt226am5ggticf', 'lorenzo.'),
('98tqch7myry8cxtmfkq217fy01qhzno7', 'l.vitale@live.it'),
('9jco9huxi5f0acyiv1ktdn8hjpg8uzpm', 'carmina.altamura@cerratospa.com'),
('9xr11aztnp6i2f88j781ck20hf437t6f', 'lorenzo.'),
('9yk1g20p3h633x0i5eslrod5q9dl52vu', 'antonio.perullo@cerratospa.com'),
('abzdhnyhd9w0fpma03oirto4xjwvcgyg', 'lorenzo.'),
('adgjfr6oe9v6y3cm5biqvskgp3gymj0l', 'info@lorenzovitale.it'),
('c7w74u7e5hq5g1pznje036slrdxoghdv', 'lorenzo.'),
('cf8ywsp4w16al58ljsi0ll4sechfkc8v', 'carmine.altamura@cerrtospa.com'),
('cokmbckc9a2svr4i2v8eyhjjoyijkang', 'carmine.altamura@cerratospa.com'),
('d35vwco24r6yrf7iek3ulws047uhs938', 'l.vitale@live.it'),
('d5o7mhxot5ln2tzq7q8kyy4g7qt6rz1u', 'l.vitale@live.it'),
('dab31yiwmaisxorgev5dpepn2hy0q011', 'l.vitale@live.it'),
('ekaae22uo76ie6i5jrh3s4evl5pbz0kl', 'lorenzo.'),
('eoilttunc99lszx0vj5onrhslhpmmcxj', 'info@caldocasa.com'),
('f7jky1z47lwuh768idd4l4hle7z6vfj3', 'orlando.cerratospa@cerratospa.com'),
('fegrydb0x5ri9hkywu3f428llngjv6nw', 'carmine.altamura@cerratospa.com'),
('gq2w57krda9cfjmthym75i178pv14jf7', 'lorenzo.'),
('hqxxjyxg8ec4hwlxb9xfe6ubn8d2i9fm', 'iannelli.cristian'),
('jkgycn083x79mtbbso9enh5hea2oy2dt', 'orlando.cerratospa@cerratospa.com'),
('jy4hdt7ev8s807l1ynay35lp6b72j8d6', 'lorenzo.'),
('k6sd2z2negm8tny1s4300plglgw4g1mo', 'carmine.altamura@cerratospa.com'),
('k8ofuqk46g1k6yuakzibjr5c1g4dr4z2', 'carmine.altamura@cerratospa.com'),
('kd99drbycb3820jk0bnt6zdwbxkarcwf', 'antonio.perullo@cerratospa.com'),
('ktsvjgpf95ytlli7wgufax9dgywuj407', 'lorenzo.'),
('l09kgcgeb3s2arb5lzf6yfgaoayiym8r', 'orlando.cerrato@cerratospa.com'),
('lilta9vmajc6bgpuv2qa6xiaibufk59b', 'cerrato.altamura@cerratospa.com'),
('ltom1ufg13qozldrps53151ktyatypd0', 'lorenzo.'),
('m996jiw54p9tua3hprl45c1jas4bdp7z', 'lorenzo.'),
('mqmjf1p61qchjnuk9i6i2t94sqp8whic', 'carmine.altamura@cerratospa.com'),
('n469a0l1zl4weqywcmgz910tjy55bi3u', 'carmine.altamura@cerratospa.com'),
('pdcx6jnzk8x962vsq2f6cdnc57n2wvu4', 'orlando.cerratospa@cerratospa.com'),
('pihxm0obm6zlhn3qjz2344v4i5wxbb26', 'lorenzo.'),
('q0xxmwqh07hpgm6wz1dmfs0w9ilsyqj5', 'lorenzo.'),
('q9bv8stio0htgbvs6exudue7xefh20e1', 'lorenzo.dev@gmail.com'),
('qs9tyb9pwyl5qh60bwbe41x5l46op5td', 'carmine.altamura@cerratospa.com'),
('r7perjqhnptqtl3qgovrxue56wsm6ckk', 'orlando.cerratospa@cerratospa.com'),
('rcjsdu8yrgl684qwopfy0bp3za94395w', 'carmine.altamura@cerratospa.com'),
('ru4d8uxo023vunbgtfn7gud4g3dpxz84', 'l.vitale@live.it'),
('tqv3lsptjj8b1lkh5qssfs2mmaq6endb', 'lorenzo.'),
('ure0y68bltk3g9fsvyu2mrgxqzphikl2', 'info@cerratospa.it'),
('vb2wc1pei91vze2ikqbg62mbd71gmvar', 'carmine.altamura.cerratospa.com'),
('vq5zdn0toa37h4g1cnv2e7d4knobq55d', 'lorenzo.'),
('w96fa4kp1miafoqkmo6ribm1ma2617hg', 'lorenzo.'),
('xrt02g6mu2nf8wk37tctabk82yjursfj', 'carmine.altamura@cerratospa.com'),
('yc37dw275h2z1nx0mm94p5ikarmbftm8', 'carmine.altamura@cerratospa.com'),
('ytpx078ykq8izvvg1u7ny1qnx45we63j', 'lorenzo.'),
('zg4f89qz9238imx3a7vdxjma4gog18bp', 'lorenzo.'),
('zt15aignv8lrmltciw14krigf0s7ith0', 'giuseppe.altobelli.95@gmail.com');

-- --------------------------------------------------------

--
-- Struttura della tabella `sezionale_ha_colorazione`
--

CREATE TABLE `sezionale_ha_colorazione` (
  `sezionale` varchar(12) NOT NULL DEFAULT '',
  `colorazione` varchar(12) NOT NULL DEFAULT ''
) ENGINE=InnoDB DEFAULT CHARSET=latin1;

--
-- Dump dei dati per la tabella `sezionale_ha_colorazione`
--

INSERT INTO `sezionale_ha_colorazione` (`sezionale`, `colorazione`) VALUES
('BIDOGA/RAL', '6005'),
('PIANO/RAL', '6005'),
('R100/RAL', '6005'),
('BIDOGA/RAL', '7016'),
('PIANO/RAL', '7016'),
('R100/RAL', '7016'),
('BIDOGA/RAL', '8014'),
('PIANO/RAL', '8014'),
('R100/RAL', '8014'),
('BIDOGA/RAL', '9006'),
('PIANO/RAL', '9006'),
('R100/RAL', '9006'),
('BIDOGA/RAL', '9010'),
('CASS/RAL', '9010'),
('PIANO/RAL', '9010'),
('R100/RAL', '9010'),
('BIDOGA/LEGNO', 'Legno chiaro'),
('CASS/LEGNO', 'Legno chiaro'),
('PIANO/LEGNO', 'Legno chiaro'),
('R100/LEGNO', 'Legno chiaro'),
('BIDOGA/LEGNO', 'Legno scuro'),
('CASS/LEGNO', 'Legno scuro'),
('PIANO/LEGNO', 'Legno scuro'),
('R100/LEGNO', 'Legno scuro');

-- --------------------------------------------------------

--
-- Struttura della tabella `sezionali`
--

CREATE TABLE `sezionali` (
  `codice` varchar(12) NOT NULL,
  `modello` varchar(10) DEFAULT NULL,
  `descrizione` text NOT NULL,
  `um` varchar(2) NOT NULL DEFAULT 'MQ',
  `finitura_esterna` varchar(12) DEFAULT NULL,
  `finitura_interna` varchar(12) DEFAULT NULL,
  `ordine` varchar(1) NOT NULL
) ENGINE=InnoDB DEFAULT CHARSET=latin1;

--
-- Dump dei dati per la tabella `sezionali`
--

INSERT INTO `sezionali` (`codice`, `modello`, `descrizione`, `um`, `finitura_esterna`, `finitura_interna`, `ordine`) VALUES
('BIDOGA/LEGNO', 'LEGNO', 'Sezionale residenziale mod. bidoga R250 finto legno', 'NR', 'LISCIA', 'STUCCO', 'd'),
('BIDOGA/RAL', 'RAL', 'Sezionale residenziale mod. bidoga R250 RAL standard', 'NR', 'LISCIA', 'STUCCO', 'c'),
('CASS/LEGNO', 'LEGNO', 'Sezionale residenziale mod. cassettato finto legno', 'NR', 'LISCIA', 'STUCCO', 'h'),
('CASS/RAL', 'RAL', 'Sezionale residenziale mod. cassettato RAL standard', 'NR', 'LISCIA', 'STUCCO', 'g'),
('PIANO/LEGNO', 'LEGNO', 'Sezionale residenziale mod. piano R500 finto legno', 'NR', 'LISCIA', 'STUCCO', 'f'),
('PIANO/RAL', 'RAL', 'Sezionale residenziale mod. piano R500 RAL standard', 'NR', 'LISCIA', 'STUCCO', 'e'),
('R100/LEGNO', 'LEGNO', 'Sezionale residenziale mod. rigato R100 finto legno', 'NR', 'LISCIA', 'STUCCO', 'b'),
('R100/RAL', 'RAL', 'Sezionale residenziale mod. rigato R100 RAL standard', 'NR', 'LISCIA', 'STUCCO', 'a');

-- --------------------------------------------------------

--
-- Struttura della tabella `sistema_chiusura_appartiene_a_famiglia`
--

CREATE TABLE `sistema_chiusura_appartiene_a_famiglia` (
  `famiglia` char(12) NOT NULL DEFAULT '',
  `sistema_chiusura` char(12) NOT NULL DEFAULT '',
  `cumulativa` int(11) NOT NULL DEFAULT '0'
) ENGINE=InnoDB DEFAULT CHARSET=latin1;

--
-- Dump dei dati per la tabella `sistema_chiusura_appartiene_a_famiglia`
--

INSERT INTO `sistema_chiusura_appartiene_a_famiglia` (`famiglia`, `sistema_chiusura`, `cumulativa`) VALUES
('AP', 'B/SERR3PUN', 1),
('AP', 'B/SERRACC', 1),
('AP', 'B/SERRCINF', 1),
('AP', 'B/SERRLINF', 1),
('AP', 'B/SERRSING', 1),
('RF', 'B/SERR4PUN', 0),
('RF', 'B/SERRACC', 0),
('RF', 'B/SERRLINF', 1),
('SRF', 'B/SERR4PUN', 0),
('SRF', 'B/SERRACC', 0),
('SRF', 'B/SERRCINF', 1),
('SRF', 'B/SERRLINF', 1),
('ST', 'B/SERR3PUN', 0),
('ST', 'B/SERRCINF', 1),
('ST', 'B/SERRSING', 0);

-- --------------------------------------------------------

--
-- Struttura della tabella `sistemi_di_chiusura`
--

CREATE TABLE `sistemi_di_chiusura` (
  `codice` char(12) NOT NULL,
  `nome` char(150) DEFAULT NULL,
  `descrizione` char(250) NOT NULL,
  `um` varchar(2) NOT NULL DEFAULT 'NR',
  `tipo_prodotto` int(2) DEFAULT NULL,
  `costo` int(11) DEFAULT '0',
  `ordine` int(11) NOT NULL
) ENGINE=InnoDB DEFAULT CHARSET=latin1;

--
-- Dump dei dati per la tabella `sistemi_di_chiusura`
--

INSERT INTO `sistemi_di_chiusura` (`codice`, `nome`, `descrizione`, `um`, `tipo_prodotto`, `costo`, `ordine`) VALUES
('B/SERR3PUN', 'Serratura singola doppia mappa', 'Serratura singola doppia mappa a 3 punti di chiusura superiore e laterale completa di maniglieria', 'NR', 1, 100, 0),
('B/SERR4PUN', 'Serratura accoppiata doppia mappa', 'Serratura accoppiata doppia mappa a 2+2 punti di chiusura superiore e laterale completa di maniglieria', 'NR', 1, 200, 0),
('B/SERRACC', 'Serratura accoppiata', 'Serratura accoppiata con cilindro tipo yale completa di manigliera', 'NR', 1, 70, 0),
('B/SERRCINF', 'Serratura centrale inferiore doppia mappa', 'Serratura centrale inferiore doppia mappa con chiusura laterale', 'NR', 1, 100, 0),
('B/SERRLINF', 'Serratura accoppiata inferiore doppia mappa', 'Serratura accoppiata inferiore doppia mappa con chiusura laterale', 'NR', 1, 120, 1),
('B/SERRSING', 'Serratura singola', 'Serratura singola con cilindro tipo yale completa di manigliera', 'NR', 1, 35, 0),
('SZ/CHV', 'Chiavistello interno di sicurezza', 'Chiavistello interno di sicurezza', 'NR', 4, 25, 1),
('SZ/SRALL', 'Serratura completa di cilindro tipo yale con chiusura interna ed esterna colore alluminio', 'Serratura completa di cilindro tipo yale con chiusura interna ed esterna colore alluminio', 'NR', 4, 145, 1),
('SZ/SRNR', 'Serratura completa di cilindro tipo yale con chiusura interna ed esterna colore nera', 'Serratura completa di cilindro tipo yale con chiusura interna ed esterna colore nera', 'NR', 4, 145, 1);

-- --------------------------------------------------------

--
-- Struttura della tabella `sistemi_rifinitura`
--

CREATE TABLE `sistemi_rifinitura` (
  `codice` char(12) NOT NULL DEFAULT '',
  `famiglia` char(12) NOT NULL DEFAULT '',
  `nome` char(150) DEFAULT NULL,
  `descrizione` char(250) NOT NULL,
  `um` varchar(2) NOT NULL DEFAULT 'NR',
  `tipo_prodotto` int(2) DEFAULT NULL,
  `costo` int(11) DEFAULT '0'
) ENGINE=InnoDB DEFAULT CHARSET=latin1;

--
-- Dump dei dati per la tabella `sistemi_rifinitura`
--

INSERT INTO `sistemi_rifinitura` (`codice`, `famiglia`, `nome`, `descrizione`, `um`, `tipo_prodotto`, `costo`) VALUES
('B/COPRF', 'RF', 'Kit coprifilo ad L per RF', 'Kit coprifilo ad L da 58x20mm con bordo antigliato (solo per modello RF)', 'NR', 1, 40),
('B/COPSRF', 'SRF', 'Kit coprifilo ad L per SRF', 'Kit coprifilo ad L da 58x20mm con bordo antigliato (solo per modello SRF)', 'NR', 1, 45),
('B/COPST', 'ST', 'Kit coprifilo ad L per ST', 'Kit coprifilo ad L da 58x20mm con bordo antigliato (solo per modello ST)', 'NR', 1, 35),
('SZ/KCPFL', 'LEGNO', 'Kit coprifili di compensazione in lamiera finto legno pressopiegata simile a portone', 'Kit coprifili di compensazione in lamiera finto legno pressopiegata simile a portone', 'NR', 4, 45),
('SZ/KCPRAL', 'RAL', 'Kit coprifili di compensazione in lamiera zincata pressopiegata vernicati a polveri nel colore RAL simile al portone', 'Kit coprifili di compensazione in lamiera zincata pressopiegata vernicati a polveri nel colore RAL simile al portone', 'NR', 4, 45);

-- --------------------------------------------------------

--
-- Struttura della tabella `sopraluce`
--

CREATE TABLE `sopraluce` (
  `codice` char(12) NOT NULL,
  `codice2` varchar(1) NOT NULL DEFAULT '0',
  `tipologia` varchar(100) NOT NULL,
  `nome` char(150) NOT NULL,
  `descrizione` char(250) NOT NULL,
  `um` varchar(3) NOT NULL DEFAULT 'ML',
  `MAX` int(11) NOT NULL,
  `MIN` int(11) NOT NULL,
  `costo` float DEFAULT '0'
) ENGINE=InnoDB DEFAULT CHARSET=latin1;

--
-- Dump dei dati per la tabella `sopraluce`
--

INSERT INTO `sopraluce` (`codice`, `codice2`, `tipologia`, `nome`, `descrizione`, `um`, `MAX`, `MIN`, `costo`) VALUES
('B/SPLM30', '0', 'basculante', 'Sopraluce cieco', 'Sopraluce cieco Hmax 300mm in lamiera zincata sp. 1.5mm', 'ML', 300, 0, 22),
('B/SPLM60', '0', 'basculante', 'Sopraluce cieco', 'Sopraluce cieco Hmax 600mm in lamiera zincata sp. 1.5mm', 'ML', 600, 300, 42),
('B/SPLM90', '0', 'basculante', 'Sopraluce cieco', 'Sopraluce cieco Hmax 900mm in lamiera zincata sp. 1.5mm', 'ML', 900, 600, 60),
('B/SPLMFR30', '0', 'basculante', 'Sopraluce forato', 'Sopraluce forato Hmax 300mm in lamiera zincata sp. 1.5mm', 'ML', 300, 0, 40),
('B/SPLMFR60', '0', 'basculante', 'Sopraluce forato', 'Sopraluce forato Hmax 600mm in lamiera zincata sp. 1.5mm', 'ML', 600, 300, 60),
('B/SPLMFR90', '0', 'basculante', 'Sopraluce forato', 'Sopraluce forato Hmax 900mm in lamiera zincata sp. 1.5mm', 'ML', 900, 600, 78),
('B/SPRT30', '0', 'basculante', 'Sopraluce in rete 10x10mm', 'Sopraluce in rete 10x10mm con telaio in lamiera zincata sp. 1.5mm Hmax 300mm', 'ML', 300, 0, 40),
('B/SPRT60', '0', 'basculante', 'Sopraluce in rete 10x10mm', 'Sopraluce in rete 10x10mm con telaio in lamiera zincata sp. 1.5mm Hmax 600mm', 'ML', 600, 300, 60),
('B/SPRT90', '0', 'basculante', 'Sopraluce in rete 10x10mm', 'Sopraluce in rete 10x10mm con telaio in lamiera zincata Hmax 900mm', 'ML', 900, 600, 78),
('PC/SOP30', '0', 'porta', 'Sopraluce in lamiera zincata cieca', 'Sopraluce in lamiera zincata cieca Hmax 300mm', 'ML', 300, 0, 40),
('PC/SOP60', '0', 'porta', 'Sopraluce in lamiera zincata cieca', 'Sopraluce in lamiera zincata cieca Hmax 600mm', 'ML', 600, 0, 65),
('PC/SOP90', '0', 'porta', 'Sopraluce in lamiera zincata cieca', 'Sopraluce in lamiera zincata cieca Hmax 900mm', 'ML', 900, 0, 90),
('PC/SOPFR30', '0', 'porta', 'Sopraluce in rete zincata e forata', 'Sopraluce in rete zincata e forata Hmax 300mm', 'ML', 300, 0, 50),
('PC/SOPFR60', '0', 'porta', 'Sopraluce in rete zincata e forata', 'Sopraluce in rete zincata e forata Hmax 600mm', 'ML', 600, 0, 75),
('PC/SOPFR90', '0', 'porta', 'Sopraluce in rete zincata e forata', 'Sopraluce in rete zincata e forata Hmax 900mm', 'ML', 900, 0, 100),
('PC/SOPRT30', '0', 'porta', 'Sopraluce in rete zincata 10x10mm con telaio in lamiera zincata', 'Sopraluce in rete zincata 10x10mm con telaio in lamiera zincata Hmax 300mm', 'ML', 300, 0, 60),
('PC/SOPRT30', '1', 'porta', 'Sopraluce in lamiera zincata e forata a quadri 10x10mm con telaio in lamiera zincata', 'Sopraluce in lamiera zincata e forata a quadri 10x10mm con telaio in lamiera zincata Hmax 300mm', 'ML', 300, 0, 60),
('PC/SOPRT60', '0', 'porta', 'Sopraluce in rete zincata 10x10mm con telaio in lamiera zincata', 'Sopraluce in rete zincata 10x10mm con telaio in lamiera zincata Hmax 600mm', 'ML', 600, 0, 90),
('PC/SOPRT60', '1', 'porta', 'Sopraluce in lamiera zincata e forata a quadri 10x10mm con telaio in lamiera zincata', 'Sopraluce in lamiera zincata e forata a quadri 10x10mm con telaio in lamiera zincata Hmax 600mm', 'ML', 600, 0, 90),
('PC/SOPRT90', '0', 'porta', 'Sopraluce in rete zincata 10x10mm con telaio in lamiera zincata', 'Sopraluce in rete zincata 10x10mm con telaio in lamiera zincata Hmax 900mm', 'ML', 900, 0, 120),
('PC/SOPRT90', '1', 'porta', 'Sopraluce in lamiera zincata e forata a quadri 10x10mm con telaio in lamiera zincata', 'Sopraluce in lamiera zincata e forata a quadri 10x10mm con telaio in lamiera zincata Hmax 900mm', 'ML', 900, 0, 120);

-- --------------------------------------------------------

--
-- Struttura della tabella `sotto_versione`
--

CREATE TABLE `sotto_versione` (
  `codice` char(12) NOT NULL DEFAULT '',
  `nome` char(150) DEFAULT NULL,
  `descrizione` char(250) NOT NULL,
  `versione` char(12) NOT NULL,
  `numero` int(11) DEFAULT NULL
) ENGINE=InnoDB DEFAULT CHARSET=latin1;

--
-- Dump dei dati per la tabella `sotto_versione`
--

INSERT INTO `sotto_versione` (`codice`, `nome`, `descrizione`, `versione`, `numero`) VALUES
('A/C', 'Anta cieca', '', '1', 0),
('AF/300', 'H 300 (mm)', '', 'A/F', NULL),
('AF/450', 'H 450 (mm)', '', 'A/F', NULL),
('AF/600', 'H 600 (mm)', '', 'A/F', NULL),
('AF750', 'H 750 (mm)', '', 'A/F', NULL),
('AR/10', '10x10', '', '', NULL),
('AR/20', '20x20', '', '', NULL),
('AR/50', '50x50', '', '', NULL),
('F/A12', 'File di asole n. 12', '', '9', 12),
('F/A16', 'File di asole n. 16', '', '10', 16),
('F/A2', 'File di asole n. 2', '', '7', 2),
('F/A20', 'File di asole n. 20', '', '11', 20),
('F/A4', 'File di asole n. 4', '', '7', 4),
('F/A8', 'File di asole n. 8', '', '8', 8),
('F/C12', 'File di cappette n. 12', '', '4', 12),
('F/C16', 'File di cappette n. 16', '', '5', 16),
('F/C2', 'File di cappette n. 2', '', '2', 2),
('F/C20', 'File di cappette n. 20', '', '6', 20),
('F/C4', 'File di cappette n. 4', '', '2', 4),
('F/C8', 'File di cappette n. 8', '', '3', 8),
('Orsogril', 'Orsogril', '', 'A/R', NULL);

-- --------------------------------------------------------

--
-- Struttura della tabella `strutture`
--

CREATE TABLE `strutture` (
  `codice` varchar(12) NOT NULL,
  `nome` varchar(100) DEFAULT NULL,
  `descrizione` varchar(200) DEFAULT NULL,
  `um` varchar(2) DEFAULT NULL,
  `modello` varchar(10) DEFAULT NULL,
  `tipo` varchar(20) NOT NULL,
  `altezza` int(4) DEFAULT NULL,
  `costo` int(11) DEFAULT NULL
) ENGINE=InnoDB DEFAULT CHARSET=latin1;

--
-- Dump dei dati per la tabella `strutture`
--

INSERT INTO `strutture` (`codice`, `nome`, `descrizione`, `um`, `modello`, `tipo`, `altezza`, `costo`) VALUES
('SZ/CVL', 'Cieca', 'Veletta cieca', 'ML', NULL, 'veletta', 0, 0),
('SZ/FRVL', 'Forata', 'Extra per foratura veletta H 200', 'ML', NULL, 'veletta', 0, 18),
('SZ/IRVL', 'In Rete', 'Extra veletta in rete', 'ML', NULL, 'veletta', 0, 18),
('SZ/SPLLFL', 'Spalletta laterale in tubolare zincato rivestita in lamiera plastificata Finto legno sim', 'Spalletta laterale in tubolare zincato rivestita in lamiera plastificata Finto legno simile a portone', 'ML', 'LEGNO', 'spalletta', NULL, 35),
('SZ/SPLLRAL', 'Spalletta laterale in tubolare zincato verniciatura a polveri nel colore Ral simile al p', 'Spalletta laterale in tubolare zincato verniciatura a polveri nel colore Ral simile al portone', 'ML', 'RAL', 'spalletta', NULL, 35),
('SZ/VL10FL', 'Veletta in finto legno', 'Veletta in lamiera zincata pressopiegata sp. 2 mm rivestita in lamiera plastificata finto legno simile al portone (applicazione con molle posteriori)', 'ML', 'LEGNO', 'veletta', 100, 35),
('SZ/VL10RAL', 'Veletta colore Ral H. 100', 'Veletta in lamiera zincata pressopiegata sp. 2 mm verniciata a polveri nel colore Ral simile al portone (applicazione con molle posteriori)', 'ML', 'RAL', 'veletta', 100, 35),
('SZ/VL20FL', 'Veletta in finto legno', 'Veletta in lamiera zincata pressopiegata sp. 2 mm rivestita in lamiera plastificata finto legno simile a portone', 'ML', 'LEGNO', 'veletta', 200, 70),
('SZ/VL20RAL', 'Veletta in colore Ral', 'Veletta in lamiera zincata pressopiegata sp. 2 mm verniciatura a polveri nel colore Ral simile al portone', 'ML', 'RAL', 'veletta', 200, 70);

-- --------------------------------------------------------

--
-- Struttura della tabella `tipologie`
--

CREATE TABLE `tipologie` (
  `id` int(2) NOT NULL DEFAULT '0',
  `etichetta` varchar(40) DEFAULT NULL,
  `nome` varchar(40) DEFAULT NULL
) ENGINE=InnoDB DEFAULT CHARSET=latin1;

--
-- Dump dei dati per la tabella `tipologie`
--

INSERT INTO `tipologie` (`id`, `etichetta`, `nome`) VALUES
(1, 'basculante', 'basculante'),
(2, 'Porte cantina', NULL),
(3, 'Porte multiuso e tagliafuoco', NULL),
(4, 'Sezionali', NULL);

-- --------------------------------------------------------

--
-- Struttura della tabella `user`
--

CREATE TABLE `user` (
  `email` varchar(70) NOT NULL,
  `nome` varchar(70) NOT NULL,
  `cognome` varchar(70) NOT NULL,
  `codice_fiscale` varchar(70) NOT NULL,
  `partita_iva` varchar(12) NOT NULL,
  `sesso` varchar(70) DEFAULT NULL,
  `telefono` varchar(20) NOT NULL,
  `cellulare` varchar(20) NOT NULL,
  `mansioni` varchar(150) NOT NULL,
  `regione` int(11) DEFAULT NULL,
  `provincia` int(11) DEFAULT NULL
) ENGINE=InnoDB DEFAULT CHARSET=latin1;

--
-- Dump dei dati per la tabella `user`
--

INSERT INTO `user` (`email`, `nome`, `cognome`, `codice_fiscale`, `partita_iva`, `sesso`, `telefono`, `cellulare`, `mansioni`, `regione`, `provincia`) VALUES
('giuseppe.altobelli.95@gmail.com', 'Giuseppe', 'Altobelli', '', '', NULL, '', '', '', NULL, NULL),
('info@lorenzovitale.it', 'lorenzo', 'Vitale', '', '', 'M', '3395288237', '', '', 15, 65),
('lorenzo.dev@gmail.com', 'Lorenzo', 'Vitale', '', '', 'M', '', '', '', NULL, NULL),
('orlando.cerrato@cerratospa.com', 'orlando', 'cerrato', 'crrrnd76e06a717w', '02768800654', 'M', '0828350045', '3351220182', 'direzione commerciale', 15, 65);

-- --------------------------------------------------------

--
-- Struttura della tabella `vernici`
--

CREATE TABLE `vernici` (
  `codice` char(12) NOT NULL DEFAULT '',
  `nome` char(150) NOT NULL,
  `descrizione` char(250) NOT NULL,
  `costo` float DEFAULT '0',
  `tipo` char(100) NOT NULL,
  `Qmin` int(11) DEFAULT '0',
  `Qmax` int(11) DEFAULT '0',
  `UM` char(2) DEFAULT NULL,
  `fascia` char(3) DEFAULT NULL,
  `famiglia` varchar(3) NOT NULL
) ENGINE=InnoDB DEFAULT CHARSET=latin1;

--
-- Dump dei dati per la tabella `vernici`
--

INSERT INTO `vernici` (`codice`, `nome`, `descrizione`, `costo`, `tipo`, `Qmin`, `Qmax`, `UM`, `fascia`, `famiglia`) VALUES
('VR/BF1', '', 'standard fascia 1', 35, 'articolo', 1, 1, 'MQ', '001', ''),
('VR/BF211', '', 'fascia 2', 76, 'articolo', 1, 1, 'MQ', '002', ''),
('VR/BF2115', '', 'fascia 2', 39, 'articolo', 11, 15, 'MQ', '002', ''),
('VR/BF223', '', 'fascia 2', 56, 'articolo', 2, 3, 'MQ', '002', ''),
('VR/BF245', '', 'fascia 2', 46, 'articolo', 4, 5, 'MQ', '002', ''),
('VR/BF2610', '', 'fascia 2', 42, 'articolo', 6, 10, 'MQ', '002', ''),
('VR/BF2OL15', '', 'fascia 2', 35, 'articolo', 16, 2147483647, 'MQ', '002', ''),
('VR/COPRF', 'KIT RF', 'KIT RF Coprifilo', 11.6, 'coprifilo', 1, 2147483647, 'NR', '001', 'RF'),
('VR/COPSRF', 'KIT SRF', 'KIT SRF Coprifilo', 13.3, 'coprifilo', 1, 2147483647, 'NR', '001', 'SRF'),
('VR/COPST', 'KIT ST', 'KIT ST Coprifilo', 10, 'coprifilo', 1, 2147483647, 'NR', '001', 'ST'),
('VR/SP30', '', 'Sopraluce altezza massima 300 mm', 12, 'sopraluce', 1, 2147483647, 'ML', '001', ''),
('VR/SP60', '', 'Sopraluce altezza massima 600 mm', 24, 'sopraluce', 1, 2147483647, 'ML', '001', ''),
('VR/SP90', '', 'Sopraluce altezza massima 900 mm', 36, 'sopraluce', 1, 2147483647, 'ML', '001', '');

-- --------------------------------------------------------

--
-- Struttura della tabella `versione`
--

CREATE TABLE `versione` (
  `codice` char(12) NOT NULL DEFAULT '',
  `nome` char(150) DEFAULT NULL,
  `descrizione` char(250) NOT NULL,
  `versione` char(12) NOT NULL
) ENGINE=InnoDB DEFAULT CHARSET=latin1;

--
-- Dump dei dati per la tabella `versione`
--

INSERT INTO `versione` (`codice`, `nome`, `descrizione`, `versione`) VALUES
('6/10', '6/10 (0,6mm)', '', ''),
('8/10', '8/10 (0,8mm)', '', ''),
('8/10AM', '8/10 anta microforata (0,8mm)', '', ''),
('A/A', 'Anta alettata', '', ''),
('A/C', 'Anta coibentata', '', ''),
('A/F', 'Anta con fori 7x7', '', ''),
('A/R', 'Anta in rete', '', ''),
('R/L', 'Rivestita in legno', '', '');

-- --------------------------------------------------------

--
-- Struttura della tabella `versione_ha_sottoversione`
--

CREATE TABLE `versione_ha_sottoversione` (
  `versione` char(12) NOT NULL DEFAULT '',
  `sottoversione` char(150) NOT NULL,
  `ordine` int(2) NOT NULL
) ENGINE=InnoDB DEFAULT CHARSET=latin1;

--
-- Dump dei dati per la tabella `versione_ha_sottoversione`
--

INSERT INTO `versione_ha_sottoversione` (`versione`, `sottoversione`, `ordine`) VALUES
('6/10', 'A/C', 1),
('6/10', 'F/A12', 11),
('6/10', 'F/A16', 12),
('6/10', 'F/A2', 8),
('6/10', 'F/A20', 13),
('6/10', 'F/A4', 9),
('6/10', 'F/A8', 10),
('6/10', 'F/C12', 5),
('6/10', 'F/C16', 6),
('6/10', 'F/C2', 2),
('6/10', 'F/C20', 7),
('6/10', 'F/C4', 3),
('6/10', 'F/C8', 4),
('8/10', 'A/C', 2),
('8/10', 'F/A12', 20),
('8/10', 'F/A16', 21),
('8/10', 'F/A20', 22),
('8/10', 'F/A4', 18),
('8/10', 'F/A8', 19),
('8/10', 'F/C12', 15),
('8/10', 'F/C16', 16),
('8/10', 'F/C20', 17),
('8/10', 'F/C4', 13),
('8/10', 'F/C8', 14),
('A/F', 'AF/300', 0),
('A/F', 'AF/450', 1),
('A/F', 'AF/600', 2),
('A/F', 'AF750', 3),
('A/R', 'AR/10', 1),
('A/R', 'AR/20', 2),
('A/R', 'AR/50', 3),
('A/R', 'Orsogril', 4);

--
-- Indici per le tabelle scaricate
--

--
-- Indici per le tabelle `account`
--
ALTER TABLE `account`
  ADD PRIMARY KEY (`email`),
  ADD KEY `ruolo` (`ruolo`);

--
-- Indici per le tabelle `articolo`
--
ALTER TABLE `articolo`
  ADD PRIMARY KEY (`codice`);

--
-- Indici per le tabelle `articolo_ha_componenti`
--
ALTER TABLE `articolo_ha_componenti`
  ADD PRIMARY KEY (`articolo`,`componente`) USING BTREE,
  ADD KEY `componente` (`componente`);

--
-- Indici per le tabelle `basculanti`
--
ALTER TABLE `basculanti`
  ADD PRIMARY KEY (`codice`),
  ADD KEY `famiglia` (`famiglia`),
  ADD KEY `versione` (`versione`);

--
-- Indici per le tabelle `carrello`
--
ALTER TABLE `carrello`
  ADD PRIMARY KEY (`id`),
  ADD KEY `tipologia` (`tipologia`),
  ADD KEY `preventivo` (`preventivo`);

--
-- Indici per le tabelle `clienti`
--
ALTER TABLE `clienti`
  ADD PRIMARY KEY (`id`),
  ADD KEY `regione` (`regione`),
  ADD KEY `provincia` (`provincia`),
  ADD KEY `comune` (`comune`),
  ADD KEY `agente` (`agente`),
  ADD KEY `inserito_da` (`inserito_da`),
  ADD KEY `modificato_da` (`modificato_da`);

--
-- Indici per le tabelle `colorazioni`
--
ALTER TABLE `colorazioni`
  ADD PRIMARY KEY (`codice`);

--
-- Indici per le tabelle `comuni`
--
ALTER TABLE `comuni`
  ADD PRIMARY KEY (`id`),
  ADD KEY `id_provincia` (`id_provincia`);

--
-- Indici per le tabelle `cookie_carrello`
--
ALTER TABLE `cookie_carrello`
  ADD PRIMARY KEY (`id`),
  ADD KEY `account` (`account`);

--
-- Indici per le tabelle `famiglia`
--
ALTER TABLE `famiglia`
  ADD PRIMARY KEY (`codice`);

--
-- Indici per le tabelle `fasce_verniciatura`
--
ALTER TABLE `fasce_verniciatura`
  ADD PRIMARY KEY (`codice`);

--
-- Indici per le tabelle `finiture`
--
ALTER TABLE `finiture`
  ADD PRIMARY KEY (`codice`);

--
-- Indici per le tabelle `griglie`
--
ALTER TABLE `griglie`
  ADD PRIMARY KEY (`codice`);

--
-- Indici per le tabelle `indirizzi`
--
ALTER TABLE `indirizzi`
  ADD PRIMARY KEY (`id`),
  ADD KEY `nazione` (`nazione`),
  ADD KEY `regione` (`regione`),
  ADD KEY `provincia` (`provincia`),
  ADD KEY `comune` (`comune`);

--
-- Indici per le tabelle `maniglioni`
--
ALTER TABLE `maniglioni`
  ADD PRIMARY KEY (`codice`,`tipologia`,`anta`),
  ADD KEY `tipo_prodotto` (`tipo_prodotto`);

--
-- Indici per le tabelle `molle`
--
ALTER TABLE `molle`
  ADD PRIMARY KEY (`codice`);

--
-- Indici per le tabelle `motorizzazione`
--
ALTER TABLE `motorizzazione`
  ADD PRIMARY KEY (`codice`),
  ADD KEY `tipo_prodotto` (`tipo_prodotto`);

--
-- Indici per le tabelle `motorizzazione_ha_famiglia`
--
ALTER TABLE `motorizzazione_ha_famiglia`
  ADD PRIMARY KEY (`famiglia`,`motorizzazione`),
  ADD KEY `motorizzazione` (`motorizzazione`);

--
-- Indici per le tabelle `motorizzazione_ha_optional`
--
ALTER TABLE `motorizzazione_ha_optional`
  ADD PRIMARY KEY (`motorizzazione`,`optional`),
  ADD KEY `optional` (`optional`);

--
-- Indici per le tabelle `nazioni`
--
ALTER TABLE `nazioni`
  ADD PRIMARY KEY (`id`);

--
-- Indici per le tabelle `oblo`
--
ALTER TABLE `oblo`
  ADD PRIMARY KEY (`codice`);

--
-- Indici per le tabelle `optionals_motorizzazione`
--
ALTER TABLE `optionals_motorizzazione`
  ADD PRIMARY KEY (`codice`),
  ADD KEY `tipo_prodotto` (`tipo_prodotto`);

--
-- Indici per le tabelle `pal`
--
ALTER TABLE `pal`
  ADD PRIMARY KEY (`codice`),
  ADD KEY `fascia` (`fascia`);

--
-- Indici per le tabelle `passaggio_pedonale`
--
ALTER TABLE `passaggio_pedonale`
  ADD PRIMARY KEY (`codice`),
  ADD KEY `tipo_prodotto` (`tipo_prodotto`);

--
-- Indici per le tabelle `passaggio_pedonale_ha_versione`
--
ALTER TABLE `passaggio_pedonale_ha_versione`
  ADD PRIMARY KEY (`passaggio_pedonale`,`versione`),
  ADD KEY `versione` (`versione`);

--
-- Indici per le tabelle `porte`
--
ALTER TABLE `porte`
  ADD PRIMARY KEY (`codice`);

--
-- Indici per le tabelle `porte_cantina`
--
ALTER TABLE `porte_cantina`
  ADD PRIMARY KEY (`codice`);

--
-- Indici per le tabelle `preventivi`
--
ALTER TABLE `preventivi`
  ADD PRIMARY KEY (`data`),
  ADD KEY `account` (`account`),
  ADD KEY `regione_cantiere` (`regione_cantiere`),
  ADD KEY `provincia_cantiere` (`provincia_cantiere`),
  ADD KEY `comune_cantiere` (`comune_cantiere`),
  ADD KEY `cliente` (`cliente`);

--
-- Indici per le tabelle `prezzo_sezionali`
--
ALTER TABLE `prezzo_sezionali`
  ADD PRIMARY KEY (`sezionale`,`da_altezza`,`a_altezza`,`da_lunghezza`,`a_lunghezza`);

--
-- Indici per le tabelle `province`
--
ALTER TABLE `province`
  ADD PRIMARY KEY (`id`),
  ADD KEY `id_regione` (`id_regione`);

--
-- Indici per le tabelle `regioni`
--
ALTER TABLE `regioni`
  ADD PRIMARY KEY (`id`);

--
-- Indici per le tabelle `rubrica`
--
ALTER TABLE `rubrica`
  ADD PRIMARY KEY (`data_inserimento`),
  ADD KEY `indirizzo` (`indirizzo`),
  ADD KEY `indirizzo_cantiere` (`indirizzo_cantiere`),
  ADD KEY `account` (`account`);

--
-- Indici per le tabelle `ruoli`
--
ALTER TABLE `ruoli`
  ADD PRIMARY KEY (`id`);

--
-- Indici per le tabelle `sessioni`
--
ALTER TABLE `sessioni`
  ADD PRIMARY KEY (`token`);

--
-- Indici per le tabelle `sezionale_ha_colorazione`
--
ALTER TABLE `sezionale_ha_colorazione`
  ADD PRIMARY KEY (`sezionale`,`colorazione`),
  ADD KEY `colorazione` (`colorazione`);

--
-- Indici per le tabelle `sezionali`
--
ALTER TABLE `sezionali`
  ADD PRIMARY KEY (`codice`),
  ADD KEY `finitura_esterna` (`finitura_esterna`),
  ADD KEY `finitura_interna` (`finitura_interna`);

--
-- Indici per le tabelle `sistema_chiusura_appartiene_a_famiglia`
--
ALTER TABLE `sistema_chiusura_appartiene_a_famiglia`
  ADD PRIMARY KEY (`famiglia`,`sistema_chiusura`),
  ADD KEY `sistema_chiusura` (`sistema_chiusura`);

--
-- Indici per le tabelle `sistemi_di_chiusura`
--
ALTER TABLE `sistemi_di_chiusura`
  ADD PRIMARY KEY (`codice`),
  ADD KEY `tipo_prodotto` (`tipo_prodotto`);

--
-- Indici per le tabelle `sistemi_rifinitura`
--
ALTER TABLE `sistemi_rifinitura`
  ADD PRIMARY KEY (`codice`,`famiglia`),
  ADD KEY `famiglia` (`famiglia`),
  ADD KEY `tipo_prodotto` (`tipo_prodotto`);

--
-- Indici per le tabelle `sopraluce`
--
ALTER TABLE `sopraluce`
  ADD PRIMARY KEY (`codice`,`codice2`);

--
-- Indici per le tabelle `sotto_versione`
--
ALTER TABLE `sotto_versione`
  ADD PRIMARY KEY (`codice`);

--
-- Indici per le tabelle `strutture`
--
ALTER TABLE `strutture`
  ADD PRIMARY KEY (`codice`);

--
-- Indici per le tabelle `tipologie`
--
ALTER TABLE `tipologie`
  ADD PRIMARY KEY (`id`);

--
-- Indici per le tabelle `user`
--
ALTER TABLE `user`
  ADD PRIMARY KEY (`email`),
  ADD KEY `regione` (`regione`,`provincia`),
  ADD KEY `provincia` (`provincia`);

--
-- Indici per le tabelle `vernici`
--
ALTER TABLE `vernici`
  ADD PRIMARY KEY (`codice`),
  ADD KEY `fascia` (`fascia`);

--
-- Indici per le tabelle `versione`
--
ALTER TABLE `versione`
  ADD PRIMARY KEY (`codice`);

--
-- Indici per le tabelle `versione_ha_sottoversione`
--
ALTER TABLE `versione_ha_sottoversione`
  ADD PRIMARY KEY (`versione`,`sottoversione`),
  ADD KEY `sottoversione` (`sottoversione`);

--
-- AUTO_INCREMENT per le tabelle scaricate
--

--
-- AUTO_INCREMENT per la tabella `comuni`
--
ALTER TABLE `comuni`
  MODIFY `id` int(11) NOT NULL AUTO_INCREMENT, AUTO_INCREMENT=110011;
--
-- AUTO_INCREMENT per la tabella `indirizzi`
--
ALTER TABLE `indirizzi`
  MODIFY `id` int(11) NOT NULL AUTO_INCREMENT, AUTO_INCREMENT=186;
--
-- AUTO_INCREMENT per la tabella `province`
--
ALTER TABLE `province`
  MODIFY `id` int(11) NOT NULL AUTO_INCREMENT, AUTO_INCREMENT=111;
--
-- AUTO_INCREMENT per la tabella `regioni`
--
ALTER TABLE `regioni`
  MODIFY `id` int(11) NOT NULL AUTO_INCREMENT, AUTO_INCREMENT=21;
--
-- Limiti per le tabelle scaricate
--

--
-- Limiti per la tabella `account`
--
ALTER TABLE `account`
  ADD CONSTRAINT `account_ibfk_1` FOREIGN KEY (`ruolo`) REFERENCES `ruoli` (`id`) ON DELETE CASCADE ON UPDATE CASCADE;

--
-- Limiti per la tabella `articolo_ha_componenti`
--
ALTER TABLE `articolo_ha_componenti`
  ADD CONSTRAINT `articolo_ha_componenti_ibfk_1` FOREIGN KEY (`articolo`) REFERENCES `articolo` (`codice`) ON DELETE CASCADE ON UPDATE CASCADE,
  ADD CONSTRAINT `articolo_ha_componenti_ibfk_2` FOREIGN KEY (`componente`) REFERENCES `articolo` (`codice`) ON DELETE CASCADE ON UPDATE CASCADE;

--
-- Limiti per la tabella `basculanti`
--
ALTER TABLE `basculanti`
  ADD CONSTRAINT `basculanti_ibfk_1` FOREIGN KEY (`famiglia`) REFERENCES `famiglia` (`codice`) ON DELETE CASCADE ON UPDATE CASCADE,
  ADD CONSTRAINT `basculanti_ibfk_2` FOREIGN KEY (`versione`) REFERENCES `versione` (`codice`) ON DELETE CASCADE ON UPDATE CASCADE;

--
-- Limiti per la tabella `carrello`
--
ALTER TABLE `carrello`
  ADD CONSTRAINT `carrello_ibfk_1` FOREIGN KEY (`tipologia`) REFERENCES `tipologie` (`id`) ON DELETE CASCADE ON UPDATE CASCADE,
  ADD CONSTRAINT `carrello_ibfk_2` FOREIGN KEY (`preventivo`) REFERENCES `preventivi` (`data`) ON DELETE CASCADE ON UPDATE CASCADE;

--
-- Limiti per la tabella `clienti`
--
ALTER TABLE `clienti`
  ADD CONSTRAINT `clienti_ibfk_1` FOREIGN KEY (`regione`) REFERENCES `regioni` (`id`) ON DELETE CASCADE ON UPDATE CASCADE,
  ADD CONSTRAINT `clienti_ibfk_2` FOREIGN KEY (`provincia`) REFERENCES `province` (`id`) ON DELETE CASCADE ON UPDATE CASCADE,
  ADD CONSTRAINT `clienti_ibfk_3` FOREIGN KEY (`comune`) REFERENCES `comuni` (`id`) ON DELETE CASCADE ON UPDATE CASCADE,
  ADD CONSTRAINT `clienti_ibfk_4` FOREIGN KEY (`agente`) REFERENCES `account` (`email`) ON DELETE SET NULL ON UPDATE CASCADE,
  ADD CONSTRAINT `clienti_ibfk_5` FOREIGN KEY (`inserito_da`) REFERENCES `account` (`email`) ON DELETE SET NULL ON UPDATE CASCADE,
  ADD CONSTRAINT `clienti_ibfk_6` FOREIGN KEY (`modificato_da`) REFERENCES `account` (`email`) ON DELETE SET NULL ON UPDATE CASCADE;

--
-- Limiti per la tabella `comuni`
--
ALTER TABLE `comuni`
  ADD CONSTRAINT `comuni_ibfk_1` FOREIGN KEY (`id_provincia`) REFERENCES `province` (`id`) ON DELETE CASCADE ON UPDATE CASCADE;

--
-- Limiti per la tabella `cookie_carrello`
--
ALTER TABLE `cookie_carrello`
  ADD CONSTRAINT `cookie_carrello_ibfk_1` FOREIGN KEY (`account`) REFERENCES `account` (`email`) ON DELETE CASCADE ON UPDATE CASCADE;

--
-- Limiti per la tabella `indirizzi`
--
ALTER TABLE `indirizzi`
  ADD CONSTRAINT `indirizzi_ibfk_1` FOREIGN KEY (`nazione`) REFERENCES `nazioni` (`id`) ON DELETE CASCADE ON UPDATE CASCADE,
  ADD CONSTRAINT `indirizzi_ibfk_2` FOREIGN KEY (`regione`) REFERENCES `regioni` (`id`) ON DELETE CASCADE ON UPDATE CASCADE,
  ADD CONSTRAINT `indirizzi_ibfk_3` FOREIGN KEY (`provincia`) REFERENCES `province` (`id`) ON DELETE CASCADE ON UPDATE CASCADE,
  ADD CONSTRAINT `indirizzi_ibfk_4` FOREIGN KEY (`comune`) REFERENCES `comuni` (`id`) ON DELETE CASCADE ON UPDATE CASCADE;

--
-- Limiti per la tabella `maniglioni`
--
ALTER TABLE `maniglioni`
  ADD CONSTRAINT `maniglioni_ibfk_1` FOREIGN KEY (`tipo_prodotto`) REFERENCES `tipologie` (`id`) ON DELETE SET NULL ON UPDATE CASCADE;

--
-- Limiti per la tabella `motorizzazione`
--
ALTER TABLE `motorizzazione`
  ADD CONSTRAINT `motorizzazione_ibfk_1` FOREIGN KEY (`tipo_prodotto`) REFERENCES `tipologie` (`id`) ON DELETE SET NULL ON UPDATE CASCADE;

--
-- Limiti per la tabella `motorizzazione_ha_famiglia`
--
ALTER TABLE `motorizzazione_ha_famiglia`
  ADD CONSTRAINT `motorizzazione_ha_famiglia_ibfk_1` FOREIGN KEY (`motorizzazione`) REFERENCES `motorizzazione` (`codice`) ON DELETE CASCADE ON UPDATE CASCADE,
  ADD CONSTRAINT `motorizzazione_ha_famiglia_ibfk_2` FOREIGN KEY (`famiglia`) REFERENCES `famiglia` (`codice`) ON DELETE CASCADE ON UPDATE CASCADE;

--
-- Limiti per la tabella `motorizzazione_ha_optional`
--
ALTER TABLE `motorizzazione_ha_optional`
  ADD CONSTRAINT `motorizzazione_ha_optional_ibfk_1` FOREIGN KEY (`optional`) REFERENCES `optionals_motorizzazione` (`codice`) ON DELETE CASCADE ON UPDATE CASCADE,
  ADD CONSTRAINT `motorizzazione_ha_optional_ibfk_2` FOREIGN KEY (`motorizzazione`) REFERENCES `motorizzazione` (`codice`) ON DELETE CASCADE ON UPDATE CASCADE;

--
-- Limiti per la tabella `optionals_motorizzazione`
--
ALTER TABLE `optionals_motorizzazione`
  ADD CONSTRAINT `optionals_motorizzazione_ibfk_1` FOREIGN KEY (`tipo_prodotto`) REFERENCES `tipologie` (`id`) ON DELETE SET NULL ON UPDATE CASCADE;

--
-- Limiti per la tabella `pal`
--
ALTER TABLE `pal`
  ADD CONSTRAINT `pal_ibfk_1` FOREIGN KEY (`fascia`) REFERENCES `fasce_verniciatura` (`codice`) ON DELETE CASCADE ON UPDATE CASCADE;

--
-- Limiti per la tabella `passaggio_pedonale`
--
ALTER TABLE `passaggio_pedonale`
  ADD CONSTRAINT `passaggio_pedonale_ibfk_1` FOREIGN KEY (`tipo_prodotto`) REFERENCES `tipologie` (`id`) ON DELETE SET NULL ON UPDATE CASCADE;

--
-- Limiti per la tabella `passaggio_pedonale_ha_versione`
--
ALTER TABLE `passaggio_pedonale_ha_versione`
  ADD CONSTRAINT `passaggio_pedonale_ha_versione_ibfk_1` FOREIGN KEY (`passaggio_pedonale`) REFERENCES `passaggio_pedonale` (`codice`) ON DELETE CASCADE ON UPDATE CASCADE,
  ADD CONSTRAINT `passaggio_pedonale_ha_versione_ibfk_2` FOREIGN KEY (`versione`) REFERENCES `versione` (`codice`) ON DELETE CASCADE ON UPDATE CASCADE;

--
-- Limiti per la tabella `preventivi`
--
ALTER TABLE `preventivi`
  ADD CONSTRAINT `preventivi_ibfk_1` FOREIGN KEY (`account`) REFERENCES `account` (`email`) ON DELETE CASCADE ON UPDATE CASCADE,
  ADD CONSTRAINT `preventivi_ibfk_2` FOREIGN KEY (`regione_cantiere`) REFERENCES `regioni` (`id`) ON DELETE SET NULL ON UPDATE CASCADE,
  ADD CONSTRAINT `preventivi_ibfk_3` FOREIGN KEY (`provincia_cantiere`) REFERENCES `province` (`id`) ON DELETE SET NULL ON UPDATE CASCADE,
  ADD CONSTRAINT `preventivi_ibfk_4` FOREIGN KEY (`comune_cantiere`) REFERENCES `comuni` (`id`) ON DELETE SET NULL ON UPDATE CASCADE,
  ADD CONSTRAINT `preventivi_ibfk_5` FOREIGN KEY (`cliente`) REFERENCES `clienti` (`id`) ON DELETE SET NULL ON UPDATE CASCADE;

--
-- Limiti per la tabella `prezzo_sezionali`
--
ALTER TABLE `prezzo_sezionali`
  ADD CONSTRAINT `prezzo_sezionali_ibfk_1` FOREIGN KEY (`sezionale`) REFERENCES `sezionali` (`codice`) ON DELETE CASCADE ON UPDATE CASCADE;

--
-- Limiti per la tabella `province`
--
ALTER TABLE `province`
  ADD CONSTRAINT `province_ibfk_1` FOREIGN KEY (`id_regione`) REFERENCES `regioni` (`id`) ON DELETE CASCADE ON UPDATE CASCADE;

--
-- Limiti per la tabella `rubrica`
--
ALTER TABLE `rubrica`
  ADD CONSTRAINT `rubrica_ibfk_1` FOREIGN KEY (`indirizzo`) REFERENCES `indirizzi` (`id`) ON DELETE CASCADE ON UPDATE CASCADE,
  ADD CONSTRAINT `rubrica_ibfk_2` FOREIGN KEY (`indirizzo_cantiere`) REFERENCES `indirizzi` (`id`) ON DELETE CASCADE ON UPDATE CASCADE,
  ADD CONSTRAINT `rubrica_ibfk_3` FOREIGN KEY (`account`) REFERENCES `account` (`email`) ON DELETE CASCADE ON UPDATE CASCADE;

--
-- Limiti per la tabella `sezionale_ha_colorazione`
--
ALTER TABLE `sezionale_ha_colorazione`
  ADD CONSTRAINT `sezionale_ha_colorazione_ibfk_1` FOREIGN KEY (`colorazione`) REFERENCES `colorazioni` (`codice`) ON DELETE CASCADE ON UPDATE CASCADE,
  ADD CONSTRAINT `sezionale_ha_colorazione_ibfk_2` FOREIGN KEY (`sezionale`) REFERENCES `sezionali` (`codice`) ON DELETE CASCADE ON UPDATE CASCADE;

--
-- Limiti per la tabella `sezionali`
--
ALTER TABLE `sezionali`
  ADD CONSTRAINT `sezionali_ibfk_1` FOREIGN KEY (`finitura_esterna`) REFERENCES `finiture` (`codice`) ON DELETE SET NULL ON UPDATE CASCADE,
  ADD CONSTRAINT `sezionali_ibfk_2` FOREIGN KEY (`finitura_interna`) REFERENCES `finiture` (`codice`) ON DELETE SET NULL ON UPDATE CASCADE;

--
-- Limiti per la tabella `sistema_chiusura_appartiene_a_famiglia`
--
ALTER TABLE `sistema_chiusura_appartiene_a_famiglia`
  ADD CONSTRAINT `sistema_chiusura_appartiene_a_famiglia_ibfk_1` FOREIGN KEY (`famiglia`) REFERENCES `famiglia` (`codice`) ON DELETE CASCADE ON UPDATE CASCADE,
  ADD CONSTRAINT `sistema_chiusura_appartiene_a_famiglia_ibfk_2` FOREIGN KEY (`sistema_chiusura`) REFERENCES `sistemi_di_chiusura` (`codice`) ON DELETE CASCADE ON UPDATE CASCADE;

--
-- Limiti per la tabella `sistemi_di_chiusura`
--
ALTER TABLE `sistemi_di_chiusura`
  ADD CONSTRAINT `sistemi_di_chiusura_ibfk_1` FOREIGN KEY (`tipo_prodotto`) REFERENCES `tipologie` (`id`) ON DELETE SET NULL ON UPDATE CASCADE;

--
-- Limiti per la tabella `sistemi_rifinitura`
--
ALTER TABLE `sistemi_rifinitura`
  ADD CONSTRAINT `sistemi_rifinitura_ibfk_1` FOREIGN KEY (`famiglia`) REFERENCES `famiglia` (`codice`) ON DELETE CASCADE ON UPDATE CASCADE,
  ADD CONSTRAINT `sistemi_rifinitura_ibfk_2` FOREIGN KEY (`tipo_prodotto`) REFERENCES `tipologie` (`id`) ON DELETE SET NULL ON UPDATE CASCADE;

--
-- Limiti per la tabella `user`
--
ALTER TABLE `user`
  ADD CONSTRAINT `user_ibfk_2` FOREIGN KEY (`regione`) REFERENCES `regioni` (`id`) ON DELETE CASCADE ON UPDATE CASCADE,
  ADD CONSTRAINT `user_ibfk_3` FOREIGN KEY (`provincia`) REFERENCES `province` (`id`) ON DELETE CASCADE ON UPDATE CASCADE,
  ADD CONSTRAINT `user_ibfk_5` FOREIGN KEY (`email`) REFERENCES `account` (`email`) ON DELETE CASCADE ON UPDATE CASCADE;

--
-- Limiti per la tabella `vernici`
--
ALTER TABLE `vernici`
  ADD CONSTRAINT `vernici_ibfk_1` FOREIGN KEY (`fascia`) REFERENCES `fasce_verniciatura` (`codice`) ON DELETE CASCADE ON UPDATE CASCADE;

--
-- Limiti per la tabella `versione_ha_sottoversione`
--
ALTER TABLE `versione_ha_sottoversione`
  ADD CONSTRAINT `versione_ha_sottoversione_ibfk_1` FOREIGN KEY (`versione`) REFERENCES `versione` (`codice`) ON DELETE CASCADE ON UPDATE CASCADE,
  ADD CONSTRAINT `versione_ha_sottoversione_ibfk_2` FOREIGN KEY (`sottoversione`) REFERENCES `sotto_versione` (`codice`) ON DELETE CASCADE ON UPDATE CASCADE;
COMMIT;

/*!40101 SET CHARACTER_SET_CLIENT=@OLD_CHARACTER_SET_CLIENT */;
/*!40101 SET CHARACTER_SET_RESULTS=@OLD_CHARACTER_SET_RESULTS */;
/*!40101 SET COLLATION_CONNECTION=@OLD_COLLATION_CONNECTION */;
